# Blender 4.3.2
# www.blender.org
mtllib plita.mtl
o Cube
v -0.581165 -2.400000 0.000000
v -0.581165 2.400000 0.000000
v 2.000000 1.710108 0.000000
v 2.000000 1.289906 0.000000
v 1.900000 2.280000 -2.000000
v 1.900000 2.400000 -1.900000
v 2.000000 2.280000 -1.900000
v 1.900000 2.298773 -1.998769
v 1.900000 2.317080 -1.995106
v 1.900000 2.334481 -1.989100
v 1.900000 2.350534 -1.980902
v 1.900000 2.364853 -1.970711
v 1.915644 2.280000 -1.998769
v 1.915970 2.299350 -1.997391
v 1.916065 2.318156 -1.993440
v 1.916029 2.335307 -1.987286
v 1.915948 2.350501 -1.979335
v 1.915896 2.363727 -1.969851
v 1.930900 2.280000 -1.995106
v 1.931676 2.299497 -1.993449
v 1.931705 2.318262 -1.989321
v 1.931246 2.334779 -1.983306
v 1.930717 2.348846 -1.975928
v 1.930429 2.360793 -1.967387
v 1.945400 2.280000 -1.989100
v 1.946096 2.299397 -1.987258
v 1.945617 2.317676 -1.983267
v 1.944368 2.333302 -1.977837
v 1.943102 2.346166 -1.971428
v 1.942445 2.356820 -1.964034
v 1.958778 2.280000 -1.980902
v 1.958829 2.299226 -1.979262
v 1.957419 2.316956 -1.975860
v 1.955143 2.331758 -1.971407
v 1.952897 2.343480 -1.966359
v 1.951634 2.352666 -1.960557
v 1.957735 2.349282 -1.957735
v 1.915644 2.398523 -1.900000
v 1.930900 2.394128 -1.900000
v 1.945400 2.386920 -1.900000
v 1.958778 2.377083 -1.900000
v 1.970711 2.364853 -1.900000
v 1.900000 2.398523 -1.915644
v 1.916125 2.396869 -1.915970
v 1.931797 2.392128 -1.916065
v 1.946089 2.384744 -1.916029
v 1.958751 2.375202 -1.915948
v 1.969773 2.363821 -1.915896
v 1.900000 2.394128 -1.930900
v 1.916247 2.392139 -1.931676
v 1.931885 2.387185 -1.931705
v 1.945649 2.379967 -1.931246
v 1.957371 2.371113 -1.930717
v 1.967328 2.360865 -1.930429
v 1.900000 2.386920 -1.945400
v 1.916164 2.384709 -1.946096
v 1.931397 2.379920 -1.945617
v 1.944418 2.373404 -1.944368
v 1.955138 2.365714 -1.943102
v 1.964017 2.356841 -1.942445
v 1.900000 2.377083 -1.958778
v 1.916022 2.375115 -1.958829
v 1.930797 2.371032 -1.957419
v 1.943132 2.365688 -1.955143
v 1.952900 2.359631 -1.952897
v 1.960555 2.352668 -1.951634
v 1.998769 2.280000 -1.915644
v 1.995106 2.280000 -1.930900
v 1.989100 2.280000 -1.945400
v 1.980902 2.280000 -1.958778
v 1.970711 2.280000 -1.970711
v 1.998769 2.298773 -1.900000
v 1.997391 2.299164 -1.916125
v 1.993440 2.299278 -1.931797
v 1.987286 2.299234 -1.946089
v 1.979335 2.299138 -1.958751
v 1.969851 2.299075 -1.969773
v 1.995106 2.317080 -1.900000
v 1.993449 2.318011 -1.916247
v 1.989321 2.318047 -1.931885
v 1.983306 2.317495 -1.945649
v 1.975928 2.316860 -1.957371
v 1.967387 2.316515 -1.967328
v 1.989100 2.334481 -1.900000
v 1.987258 2.335315 -1.916164
v 1.983267 2.334740 -1.931397
v 1.977837 2.333241 -1.944418
v 1.971428 2.331723 -1.955138
v 1.964034 2.330934 -1.964017
v 1.980902 2.350534 -1.900000
v 1.979262 2.350595 -1.916022
v 1.975860 2.348902 -1.930797
v 1.971407 2.346172 -1.943132
v 1.966359 2.343476 -1.952900
v 1.960557 2.341960 -1.960555
v 1.900000 -2.400000 -1.900000
v 1.900000 -2.280000 -2.000000
v 2.000000 -2.280000 -1.900000
v 1.900000 -2.398523 -1.915644
v 1.900000 -2.394128 -1.930900
v 1.900000 -2.386920 -1.945400
v 1.900000 -2.377083 -1.958778
v 1.900000 -2.364853 -1.970711
v 1.915644 -2.398523 -1.900000
v 1.915970 -2.396869 -1.916125
v 1.916065 -2.392128 -1.931797
v 1.916029 -2.384744 -1.946089
v 1.915948 -2.375202 -1.958751
v 1.915896 -2.363821 -1.969773
v 1.930900 -2.394128 -1.900000
v 1.931676 -2.392139 -1.916247
v 1.931705 -2.387185 -1.931885
v 1.931246 -2.379967 -1.945649
v 1.930717 -2.371113 -1.957371
v 1.930429 -2.360865 -1.967328
v 1.945400 -2.386920 -1.900000
v 1.946096 -2.384709 -1.916164
v 1.945617 -2.379920 -1.931397
v 1.944368 -2.373404 -1.944418
v 1.943102 -2.365714 -1.955138
v 1.942445 -2.356841 -1.964017
v 1.958778 -2.377083 -1.900000
v 1.958829 -2.375115 -1.916022
v 1.957419 -2.371032 -1.930797
v 1.955143 -2.365688 -1.943132
v 1.952897 -2.359631 -1.952900
v 1.951634 -2.352668 -1.960555
v 1.957735 -2.349282 -1.957735
v 1.915644 -2.280000 -1.998769
v 1.930900 -2.280000 -1.995106
v 1.945400 -2.280000 -1.989100
v 1.958778 -2.280000 -1.980902
v 1.970711 -2.280000 -1.970711
v 1.900000 -2.298773 -1.998769
v 1.916125 -2.299164 -1.997391
v 1.931797 -2.299278 -1.993440
v 1.946089 -2.299234 -1.987286
v 1.958751 -2.299138 -1.979335
v 1.969773 -2.299075 -1.969851
v 1.900000 -2.317080 -1.995106
v 1.916247 -2.318011 -1.993449
v 1.931885 -2.318047 -1.989321
v 1.945649 -2.317495 -1.983306
v 1.957371 -2.316860 -1.975928
v 1.967328 -2.316515 -1.967387
v 1.900000 -2.334481 -1.989100
v 1.916164 -2.335315 -1.987258
v 1.931397 -2.334740 -1.983267
v 1.944418 -2.333241 -1.977837
v 1.955138 -2.331723 -1.971428
v 1.964017 -2.330934 -1.964034
v 1.900000 -2.350534 -1.980902
v 1.916022 -2.350595 -1.979262
v 1.930797 -2.348902 -1.975860
v 1.943132 -2.346172 -1.971407
v 1.952900 -2.343476 -1.966359
v 1.960555 -2.341960 -1.960557
v 1.998769 -2.298773 -1.900000
v 1.995106 -2.317080 -1.900000
v 1.989100 -2.334481 -1.900000
v 1.980902 -2.350534 -1.900000
v 1.970711 -2.364853 -1.900000
v 1.998769 -2.280000 -1.915644
v 1.997391 -2.299350 -1.915970
v 1.993440 -2.318156 -1.916065
v 1.987286 -2.335307 -1.916029
v 1.979335 -2.350501 -1.915948
v 1.969851 -2.363727 -1.915896
v 1.995106 -2.280000 -1.930900
v 1.993449 -2.299497 -1.931676
v 1.989321 -2.318262 -1.931705
v 1.983306 -2.334779 -1.931246
v 1.975928 -2.348846 -1.930717
v 1.967387 -2.360793 -1.930429
v 1.989100 -2.280000 -1.945400
v 1.987258 -2.299397 -1.946096
v 1.983267 -2.317676 -1.945617
v 1.977837 -2.333302 -1.944368
v 1.971428 -2.346166 -1.943102
v 1.964034 -2.356820 -1.942445
v 1.980902 -2.280000 -1.958778
v 1.979262 -2.299226 -1.958829
v 1.975860 -2.316956 -1.957419
v 1.971407 -2.331758 -1.955143
v 1.966359 -2.343480 -1.952897
v 1.960557 -2.352666 -1.951634
v 1.900000 2.280000 2.000000
v 2.000000 2.280000 1.900000
v 1.900000 2.400000 1.900000
v 1.915644 2.280000 1.998769
v 1.930900 2.280000 1.995106
v 1.945400 2.280000 1.989100
v 1.958778 2.280000 1.980902
v 1.970711 2.280000 1.970711
v 1.900000 2.298773 1.998769
v 1.916125 2.299164 1.997391
v 1.931797 2.299278 1.993440
v 1.946089 2.299234 1.987286
v 1.958751 2.299138 1.979335
v 1.969773 2.299075 1.969851
v 1.900000 2.317080 1.995106
v 1.916247 2.318011 1.993449
v 1.931885 2.318047 1.989321
v 1.945649 2.317495 1.983306
v 1.957371 2.316860 1.975928
v 1.967328 2.316515 1.967387
v 1.900000 2.334481 1.989100
v 1.916164 2.335315 1.987258
v 1.931397 2.334740 1.983267
v 1.944418 2.333241 1.977837
v 1.955138 2.331723 1.971428
v 1.964017 2.330934 1.964034
v 1.900000 2.350534 1.980902
v 1.916022 2.350595 1.979262
v 1.930797 2.348902 1.975860
v 1.943132 2.346172 1.971407
v 1.952900 2.343476 1.966359
v 1.960555 2.341960 1.960557
v 1.957735 2.349282 1.957735
v 1.998769 2.298773 1.900000
v 1.995106 2.317080 1.900000
v 1.989100 2.334481 1.900000
v 1.980902 2.350534 1.900000
v 1.970711 2.364853 1.900000
v 1.998769 2.280000 1.915644
v 1.997391 2.299350 1.915970
v 1.993440 2.318156 1.916065
v 1.987286 2.335307 1.916029
v 1.979335 2.350501 1.915948
v 1.969851 2.363727 1.915896
v 1.995106 2.280000 1.930900
v 1.993449 2.299497 1.931676
v 1.989321 2.318262 1.931705
v 1.983306 2.334779 1.931246
v 1.975928 2.348846 1.930717
v 1.967387 2.360793 1.930429
v 1.989100 2.280000 1.945400
v 1.987258 2.299397 1.946096
v 1.983267 2.317676 1.945617
v 1.977837 2.333302 1.944368
v 1.971428 2.346166 1.943102
v 1.964034 2.356820 1.942445
v 1.980902 2.280000 1.958778
v 1.979262 2.299226 1.958829
v 1.975860 2.316956 1.957419
v 1.971407 2.331758 1.955143
v 1.966359 2.343480 1.952897
v 1.960557 2.352666 1.951634
v 1.900000 2.398523 1.915644
v 1.900000 2.394128 1.930900
v 1.900000 2.386920 1.945400
v 1.900000 2.377083 1.958778
v 1.900000 2.364853 1.970711
v 1.915644 2.398523 1.900000
v 1.915970 2.396869 1.916125
v 1.916065 2.392128 1.931797
v 1.916029 2.384744 1.946089
v 1.915948 2.375202 1.958751
v 1.915896 2.363821 1.969773
v 1.930900 2.394128 1.900000
v 1.931676 2.392139 1.916247
v 1.931705 2.387185 1.931885
v 1.931246 2.379967 1.945649
v 1.930717 2.371113 1.957371
v 1.930429 2.360865 1.967328
v 1.945400 2.386920 1.900000
v 1.946096 2.384709 1.916164
v 1.945617 2.379920 1.931397
v 1.944368 2.373404 1.944418
v 1.943102 2.365714 1.955138
v 1.942445 2.356841 1.964017
v 1.958778 2.377083 1.900000
v 1.958829 2.375115 1.916022
v 1.957419 2.371032 1.930797
v 1.955143 2.365688 1.943132
v 1.952897 2.359631 1.952900
v 1.951634 2.352668 1.960555
v 2.000000 -2.280000 1.900000
v 1.900000 -2.280000 2.000000
v 1.900000 -2.400000 1.900000
v 1.998769 -2.280000 1.915644
v 1.995106 -2.280000 1.930900
v 1.989100 -2.280000 1.945400
v 1.980902 -2.280000 1.958778
v 1.970711 -2.280000 1.970711
v 1.998769 -2.298773 1.900000
v 1.997391 -2.299164 1.916125
v 1.993440 -2.299278 1.931797
v 1.987286 -2.299234 1.946089
v 1.979335 -2.299138 1.958751
v 1.969851 -2.299075 1.969773
v 1.995106 -2.317080 1.900000
v 1.993449 -2.318011 1.916247
v 1.989321 -2.318047 1.931885
v 1.983306 -2.317495 1.945649
v 1.975928 -2.316860 1.957371
v 1.967387 -2.316515 1.967328
v 1.989100 -2.334481 1.900000
v 1.987258 -2.335315 1.916164
v 1.983267 -2.334740 1.931397
v 1.977837 -2.333241 1.944418
v 1.971428 -2.331723 1.955138
v 1.964034 -2.330934 1.964017
v 1.980902 -2.350534 1.900000
v 1.979262 -2.350595 1.916022
v 1.975860 -2.348902 1.930797
v 1.971407 -2.346172 1.943132
v 1.966359 -2.343476 1.952900
v 1.960557 -2.341960 1.960555
v 1.957735 -2.349282 1.957735
v 1.900000 -2.298773 1.998769
v 1.900000 -2.317080 1.995106
v 1.900000 -2.334481 1.989100
v 1.900000 -2.350534 1.980902
v 1.900000 -2.364853 1.970711
v 1.915644 -2.280000 1.998769
v 1.915970 -2.299350 1.997391
v 1.916065 -2.318156 1.993440
v 1.916029 -2.335307 1.987286
v 1.915948 -2.350501 1.979335
v 1.915896 -2.363727 1.969851
v 1.930900 -2.280000 1.995106
v 1.931676 -2.299497 1.993449
v 1.931705 -2.318262 1.989321
v 1.931246 -2.334779 1.983306
v 1.930717 -2.348846 1.975928
v 1.930429 -2.360793 1.967387
v 1.945400 -2.280000 1.989100
v 1.946096 -2.299397 1.987258
v 1.945617 -2.317676 1.983267
v 1.944368 -2.333302 1.977837
v 1.943102 -2.346166 1.971428
v 1.942445 -2.356820 1.964034
v 1.958778 -2.280000 1.980902
v 1.958829 -2.299226 1.979262
v 1.957419 -2.316956 1.975860
v 1.955143 -2.331758 1.971407
v 1.952897 -2.343480 1.966359
v 1.951634 -2.352666 1.960557
v 1.915644 -2.398523 1.900000
v 1.930900 -2.394128 1.900000
v 1.945400 -2.386920 1.900000
v 1.958778 -2.377083 1.900000
v 1.970711 -2.364853 1.900000
v 1.900000 -2.398523 1.915644
v 1.916125 -2.396869 1.915970
v 1.931797 -2.392128 1.916065
v 1.946089 -2.384744 1.916029
v 1.958751 -2.375202 1.915948
v 1.969773 -2.363821 1.915896
v 1.900000 -2.394128 1.930900
v 1.916247 -2.392139 1.931676
v 1.931885 -2.387185 1.931705
v 1.945649 -2.379967 1.931246
v 1.957371 -2.371113 1.930717
v 1.967328 -2.360865 1.930429
v 1.900000 -2.386920 1.945400
v 1.916164 -2.384709 1.946096
v 1.931397 -2.379920 1.945617
v 1.944418 -2.373404 1.944368
v 1.955138 -2.365714 1.943102
v 1.964017 -2.356841 1.942445
v 1.900000 -2.377083 1.958778
v 1.916022 -2.375115 1.958829
v 1.930797 -2.371032 1.957419
v 1.943132 -2.365688 1.955143
v 1.952900 -2.359631 1.952897
v 1.960555 -2.352668 1.951634
v -1.900000 2.400000 -1.900000
v -1.900000 2.280000 -2.000000
v -2.000000 2.280000 -1.900000
v -1.900000 2.398523 -1.915644
v -1.900000 2.394128 -1.930900
v -1.900000 2.386920 -1.945400
v -1.900000 2.377083 -1.958778
v -1.900000 2.364853 -1.970711
v -1.915644 2.398523 -1.900000
v -1.915970 2.396869 -1.916125
v -1.916065 2.392128 -1.931797
v -1.916029 2.384744 -1.946089
v -1.915948 2.375202 -1.958751
v -1.915896 2.363821 -1.969773
v -1.930900 2.394128 -1.900000
v -1.931676 2.392139 -1.916247
v -1.931705 2.387185 -1.931885
v -1.931246 2.379967 -1.945649
v -1.930717 2.371113 -1.957371
v -1.930429 2.360865 -1.967328
v -1.945400 2.386920 -1.900000
v -1.946096 2.384709 -1.916164
v -1.945617 2.379920 -1.931397
v -1.944368 2.373404 -1.944418
v -1.943102 2.365714 -1.955138
v -1.942445 2.356841 -1.964017
v -1.958778 2.377083 -1.900000
v -1.958829 2.375115 -1.916022
v -1.957419 2.371032 -1.930797
v -1.955143 2.365688 -1.943132
v -1.952897 2.359631 -1.952900
v -1.951634 2.352668 -1.960555
v -1.957735 2.349282 -1.957735
v -1.915644 2.280000 -1.998769
v -1.930900 2.280000 -1.995106
v -1.945400 2.280000 -1.989100
v -1.958778 2.280000 -1.980902
v -1.970711 2.280000 -1.970711
v -1.900000 2.298773 -1.998769
v -1.916125 2.299164 -1.997391
v -1.931797 2.299278 -1.993440
v -1.946089 2.299234 -1.987286
v -1.958751 2.299138 -1.979335
v -1.969773 2.299075 -1.969851
v -1.900000 2.317080 -1.995106
v -1.916247 2.318011 -1.993449
v -1.931885 2.318047 -1.989321
v -1.945649 2.317495 -1.983306
v -1.957371 2.316860 -1.975928
v -1.967328 2.316515 -1.967387
v -1.900000 2.334481 -1.989100
v -1.916164 2.335315 -1.987258
v -1.931397 2.334740 -1.983267
v -1.944418 2.333241 -1.977837
v -1.955138 2.331723 -1.971428
v -1.964017 2.330934 -1.964034
v -1.900000 2.350534 -1.980902
v -1.916022 2.350595 -1.979262
v -1.930797 2.348902 -1.975860
v -1.943132 2.346172 -1.971407
v -1.952900 2.343476 -1.966359
v -1.960555 2.341960 -1.960557
v -1.998769 2.298773 -1.900000
v -1.995106 2.317080 -1.900000
v -1.989100 2.334481 -1.900000
v -1.980902 2.350534 -1.900000
v -1.970711 2.364853 -1.900000
v -1.998769 2.280000 -1.915644
v -1.997391 2.299350 -1.915970
v -1.993440 2.318156 -1.916065
v -1.987286 2.335307 -1.916029
v -1.979335 2.350501 -1.915948
v -1.969851 2.363727 -1.915896
v -1.995106 2.280000 -1.930900
v -1.993449 2.299497 -1.931676
v -1.989321 2.318262 -1.931705
v -1.983306 2.334779 -1.931246
v -1.975928 2.348846 -1.930717
v -1.967387 2.360793 -1.930429
v -1.989100 2.280000 -1.945400
v -1.987258 2.299397 -1.946096
v -1.983267 2.317676 -1.945617
v -1.977837 2.333302 -1.944368
v -1.971428 2.346166 -1.943102
v -1.964034 2.356820 -1.942445
v -1.980902 2.280000 -1.958778
v -1.979262 2.299226 -1.958829
v -1.975860 2.316956 -1.957419
v -1.971407 2.331758 -1.955143
v -1.966359 2.343480 -1.952897
v -1.960557 2.352666 -1.951634
v -1.900000 -2.400000 -1.900000
v -2.000000 -2.280000 -1.900000
v -1.900000 -2.280000 -2.000000
v -1.915644 -2.398523 -1.900000
v -1.930900 -2.394128 -1.900000
v -1.945400 -2.386920 -1.900000
v -1.958778 -2.377083 -1.900000
v -1.970711 -2.364853 -1.900000
v -1.900000 -2.398523 -1.915644
v -1.916125 -2.396869 -1.915970
v -1.931797 -2.392128 -1.916065
v -1.946089 -2.384744 -1.916029
v -1.958751 -2.375202 -1.915948
v -1.969773 -2.363821 -1.915896
v -1.900000 -2.394128 -1.930900
v -1.916247 -2.392139 -1.931676
v -1.931885 -2.387185 -1.931705
v -1.945649 -2.379967 -1.931246
v -1.957371 -2.371113 -1.930717
v -1.967328 -2.360865 -1.930429
v -1.900000 -2.386920 -1.945400
v -1.916164 -2.384709 -1.946096
v -1.931397 -2.379920 -1.945617
v -1.944418 -2.373404 -1.944368
v -1.955138 -2.365714 -1.943102
v -1.964017 -2.356841 -1.942445
v -1.900000 -2.377083 -1.958778
v -1.916022 -2.375115 -1.958829
v -1.930797 -2.371032 -1.957419
v -1.943132 -2.365688 -1.955143
v -1.952900 -2.359631 -1.952897
v -1.960555 -2.352668 -1.951634
v -1.957735 -2.349282 -1.957735
v -1.998769 -2.280000 -1.915644
v -1.995106 -2.280000 -1.930900
v -1.989100 -2.280000 -1.945400
v -1.980902 -2.280000 -1.958778
v -1.970711 -2.280000 -1.970711
v -1.998769 -2.298773 -1.900000
v -1.997391 -2.299164 -1.916125
v -1.993440 -2.299278 -1.931797
v -1.987286 -2.299234 -1.946089
v -1.979335 -2.299138 -1.958751
v -1.969851 -2.299075 -1.969773
v -1.995106 -2.317080 -1.900000
v -1.993449 -2.318011 -1.916247
v -1.989321 -2.318047 -1.931885
v -1.983306 -2.317495 -1.945649
v -1.975928 -2.316860 -1.957371
v -1.967387 -2.316515 -1.967328
v -1.989100 -2.334481 -1.900000
v -1.987258 -2.335315 -1.916164
v -1.983267 -2.334740 -1.931397
v -1.977837 -2.333241 -1.944418
v -1.971428 -2.331723 -1.955138
v -1.964034 -2.330934 -1.964017
v -1.980902 -2.350534 -1.900000
v -1.979262 -2.350595 -1.916022
v -1.975860 -2.348902 -1.930797
v -1.971407 -2.346172 -1.943132
v -1.966359 -2.343476 -1.952900
v -1.960557 -2.341960 -1.960555
v -1.900000 -2.298773 -1.998769
v -1.900000 -2.317080 -1.995106
v -1.900000 -2.334481 -1.989100
v -1.900000 -2.350534 -1.980902
v -1.900000 -2.364853 -1.970711
v -1.915644 -2.280000 -1.998769
v -1.915970 -2.299350 -1.997391
v -1.916065 -2.318156 -1.993440
v -1.916029 -2.335307 -1.987286
v -1.915948 -2.350501 -1.979335
v -1.915896 -2.363727 -1.969851
v -1.930900 -2.280000 -1.995106
v -1.931676 -2.299497 -1.993449
v -1.931705 -2.318262 -1.989321
v -1.931246 -2.334779 -1.983306
v -1.930717 -2.348846 -1.975928
v -1.930429 -2.360793 -1.967387
v -1.945400 -2.280000 -1.989100
v -1.946096 -2.299397 -1.987258
v -1.945617 -2.317676 -1.983267
v -1.944368 -2.333302 -1.977837
v -1.943102 -2.346166 -1.971428
v -1.942445 -2.356820 -1.964034
v -1.958778 -2.280000 -1.980902
v -1.958829 -2.299226 -1.979262
v -1.957419 -2.316956 -1.975860
v -1.955143 -2.331758 -1.971407
v -1.952897 -2.343480 -1.966359
v -1.951634 -2.352666 -1.960557
v -2.000000 2.280000 1.900000
v -1.900000 2.280000 2.000000
v -1.900000 2.400000 1.900000
v -1.998769 2.280000 1.915644
v -1.995106 2.280000 1.930900
v -1.989100 2.280000 1.945400
v -1.980902 2.280000 1.958778
v -1.970711 2.280000 1.970711
v -1.998769 2.298773 1.900000
v -1.997391 2.299164 1.916125
v -1.993440 2.299278 1.931797
v -1.987286 2.299234 1.946089
v -1.979335 2.299138 1.958751
v -1.969851 2.299075 1.969773
v -1.995106 2.317080 1.900000
v -1.993449 2.318011 1.916247
v -1.989321 2.318047 1.931885
v -1.983306 2.317495 1.945649
v -1.975928 2.316860 1.957371
v -1.967387 2.316515 1.967328
v -1.989100 2.334481 1.900000
v -1.987258 2.335315 1.916164
v -1.983267 2.334740 1.931397
v -1.977837 2.333241 1.944418
v -1.971428 2.331723 1.955138
v -1.964034 2.330934 1.964017
v -1.980902 2.350534 1.900000
v -1.979262 2.350595 1.916022
v -1.975860 2.348902 1.930797
v -1.971407 2.346172 1.943132
v -1.966359 2.343476 1.952900
v -1.960557 2.341960 1.960555
v -1.957735 2.349282 1.957735
v -1.900000 2.298773 1.998769
v -1.900000 2.317080 1.995106
v -1.900000 2.334481 1.989100
v -1.900000 2.350534 1.980902
v -1.900000 2.364853 1.970711
v -1.915644 2.280000 1.998769
v -1.915970 2.299350 1.997391
v -1.916065 2.318156 1.993440
v -1.916029 2.335307 1.987286
v -1.915948 2.350501 1.979335
v -1.915896 2.363727 1.969851
v -1.930900 2.280000 1.995106
v -1.931676 2.299497 1.993449
v -1.931705 2.318262 1.989321
v -1.931246 2.334779 1.983306
v -1.930717 2.348846 1.975928
v -1.930429 2.360793 1.967387
v -1.945400 2.280000 1.989100
v -1.946096 2.299397 1.987258
v -1.945617 2.317676 1.983267
v -1.944368 2.333302 1.977837
v -1.943102 2.346166 1.971428
v -1.942445 2.356820 1.964034
v -1.958778 2.280000 1.980902
v -1.958829 2.299226 1.979262
v -1.957419 2.316956 1.975860
v -1.955143 2.331758 1.971407
v -1.952897 2.343480 1.966359
v -1.951634 2.352666 1.960557
v -1.915644 2.398523 1.900000
v -1.930900 2.394128 1.900000
v -1.945400 2.386920 1.900000
v -1.958778 2.377083 1.900000
v -1.970711 2.364853 1.900000
v -1.900000 2.398523 1.915644
v -1.916125 2.396869 1.915970
v -1.931797 2.392128 1.916065
v -1.946089 2.384744 1.916029
v -1.958751 2.375202 1.915948
v -1.969773 2.363821 1.915896
v -1.900000 2.394128 1.930900
v -1.916247 2.392139 1.931676
v -1.931885 2.387185 1.931705
v -1.945649 2.379967 1.931246
v -1.957371 2.371113 1.930717
v -1.967328 2.360865 1.930429
v -1.900000 2.386920 1.945400
v -1.916164 2.384709 1.946096
v -1.931397 2.379920 1.945617
v -1.944418 2.373404 1.944368
v -1.955138 2.365714 1.943102
v -1.964017 2.356841 1.942445
v -1.900000 2.377083 1.958778
v -1.916022 2.375115 1.958829
v -1.930797 2.371032 1.957419
v -1.943132 2.365688 1.955143
v -1.952900 2.359631 1.952897
v -1.960555 2.352668 1.951634
v -1.900000 -2.280000 2.000000
v -2.000000 -2.280000 1.900000
v -1.900000 -2.400000 1.900000
v -1.915644 -2.280000 1.998769
v -1.930900 -2.280000 1.995106
v -1.945400 -2.280000 1.989100
v -1.958778 -2.280000 1.980902
v -1.970711 -2.280000 1.970711
v -1.900000 -2.298773 1.998769
v -1.916125 -2.299164 1.997391
v -1.931797 -2.299278 1.993440
v -1.946089 -2.299234 1.987286
v -1.958751 -2.299138 1.979335
v -1.969773 -2.299075 1.969851
v -1.900000 -2.317080 1.995106
v -1.916247 -2.318011 1.993449
v -1.931885 -2.318047 1.989321
v -1.945649 -2.317495 1.983306
v -1.957371 -2.316860 1.975928
v -1.967328 -2.316515 1.967387
v -1.900000 -2.334481 1.989100
v -1.916164 -2.335315 1.987258
v -1.931397 -2.334740 1.983267
v -1.944418 -2.333241 1.977837
v -1.955138 -2.331723 1.971428
v -1.964017 -2.330934 1.964034
v -1.900000 -2.350534 1.980902
v -1.916022 -2.350595 1.979262
v -1.930797 -2.348902 1.975860
v -1.943132 -2.346172 1.971407
v -1.952900 -2.343476 1.966359
v -1.960555 -2.341960 1.960557
v -1.957735 -2.349282 1.957735
v -1.998769 -2.298773 1.900000
v -1.995106 -2.317080 1.900000
v -1.989100 -2.334481 1.900000
v -1.980902 -2.350534 1.900000
v -1.970711 -2.364853 1.900000
v -1.998769 -2.280000 1.915644
v -1.997391 -2.299350 1.915970
v -1.993440 -2.318156 1.916065
v -1.987286 -2.335307 1.916029
v -1.979335 -2.350501 1.915948
v -1.969851 -2.363727 1.915896
v -1.995106 -2.280000 1.930900
v -1.993449 -2.299497 1.931676
v -1.989321 -2.318262 1.931705
v -1.983306 -2.334779 1.931246
v -1.975928 -2.348846 1.930717
v -1.967387 -2.360793 1.930429
v -1.989100 -2.280000 1.945400
v -1.987258 -2.299397 1.946096
v -1.983267 -2.317676 1.945617
v -1.977837 -2.333302 1.944368
v -1.971428 -2.346166 1.943102
v -1.964034 -2.356820 1.942445
v -1.980902 -2.280000 1.958778
v -1.979262 -2.299226 1.958829
v -1.975860 -2.316956 1.957419
v -1.971407 -2.331758 1.955143
v -1.966359 -2.343480 1.952897
v -1.960557 -2.352666 1.951634
v -1.900000 -2.398523 1.915644
v -1.900000 -2.394128 1.930900
v -1.900000 -2.386920 1.945400
v -1.900000 -2.377083 1.958778
v -1.900000 -2.364853 1.970711
v -1.915644 -2.398523 1.900000
v -1.915970 -2.396869 1.916125
v -1.916065 -2.392128 1.931797
v -1.916029 -2.384744 1.946089
v -1.915948 -2.375202 1.958751
v -1.915896 -2.363821 1.969773
v -1.930900 -2.394128 1.900000
v -1.931676 -2.392139 1.916247
v -1.931705 -2.387185 1.931885
v -1.931246 -2.379967 1.945649
v -1.930717 -2.371113 1.957371
v -1.930429 -2.360865 1.967328
v -1.945400 -2.386920 1.900000
v -1.946096 -2.384709 1.916164
v -1.945617 -2.379920 1.931397
v -1.944368 -2.373404 1.944418
v -1.943102 -2.365714 1.955138
v -1.942445 -2.356841 1.964017
v -1.958778 -2.377083 1.900000
v -1.958829 -2.375115 1.916022
v -1.957419 -2.371032 1.930797
v -1.955143 -2.365688 1.943132
v -1.952897 -2.359631 1.952900
v -1.951634 -2.352668 1.960555
v -0.852381 -1.000000 0.900000
v -0.852381 -0.880000 1.000000
v -0.952381 -0.880000 0.900000
v -0.852381 -0.998523 0.915644
v -0.852381 -0.994127 0.930900
v -0.852381 -0.986920 0.945400
v -0.852381 -0.977083 0.958778
v -0.852381 -0.964853 0.970711
v -0.868025 -0.998523 0.900000
v -0.868351 -0.996869 0.916125
v -0.868446 -0.992127 0.931796
v -0.868410 -0.984744 0.946089
v -0.868329 -0.975202 0.958751
v -0.868277 -0.963821 0.969773
v -0.883281 -0.994127 0.900000
v -0.884057 -0.992139 0.916247
v -0.884086 -0.987185 0.931885
v -0.883627 -0.979967 0.945649
v -0.883098 -0.971113 0.957371
v -0.882810 -0.960865 0.967328
v -0.897781 -0.986920 0.900000
v -0.898477 -0.984709 0.916164
v -0.897998 -0.979920 0.931396
v -0.896749 -0.973404 0.944418
v -0.895483 -0.965714 0.955138
v -0.894826 -0.956840 0.964017
v -0.911159 -0.977083 0.900000
v -0.911210 -0.975115 0.916021
v -0.909800 -0.971031 0.930797
v -0.907524 -0.965688 0.943132
v -0.905278 -0.959631 0.952900
v -0.904015 -0.952668 0.960555
v -0.910116 -0.949282 0.957735
v -0.868025 -0.880000 0.998769
v -0.883281 -0.880000 0.995106
v -0.897781 -0.880000 0.989100
v -0.911159 -0.880000 0.980902
v -0.923092 -0.880000 0.970711
v -0.852381 -0.898773 0.998769
v -0.868506 -0.899164 0.997391
v -0.884178 -0.899277 0.993439
v -0.898470 -0.899234 0.987286
v -0.911132 -0.899138 0.979335
v -0.922154 -0.899075 0.969851
v -0.852381 -0.917080 0.995106
v -0.868628 -0.918011 0.993449
v -0.884266 -0.918046 0.989320
v -0.898030 -0.917495 0.983306
v -0.909752 -0.916860 0.975928
v -0.919709 -0.916515 0.967387
v -0.852381 -0.934480 0.989100
v -0.868545 -0.935315 0.987258
v -0.883777 -0.934740 0.983267
v -0.896799 -0.933241 0.977837
v -0.907519 -0.931723 0.971428
v -0.916398 -0.930934 0.964034
v -0.852381 -0.950534 0.980902
v -0.868403 -0.950595 0.979262
v -0.883178 -0.948902 0.975860
v -0.895513 -0.946172 0.971407
v -0.905281 -0.943476 0.966359
v -0.912936 -0.941960 0.960557
v -0.951150 -0.898773 0.900000
v -0.947487 -0.917080 0.900000
v -0.941481 -0.934480 0.900000
v -0.933283 -0.950534 0.900000
v -0.923092 -0.964853 0.900000
v -0.951150 -0.880000 0.915644
v -0.949772 -0.899350 0.915970
v -0.945820 -0.918156 0.916064
v -0.939667 -0.935307 0.916029
v -0.931716 -0.950501 0.915948
v -0.922232 -0.963727 0.915896
v -0.947487 -0.880000 0.930900
v -0.945830 -0.899497 0.931676
v -0.941702 -0.918262 0.931705
v -0.935687 -0.934779 0.931246
v -0.928309 -0.948846 0.930717
v -0.919768 -0.960793 0.930429
v -0.941481 -0.880000 0.945400
v -0.939639 -0.899397 0.946096
v -0.935648 -0.917676 0.945617
v -0.930218 -0.933302 0.944368
v -0.923809 -0.946166 0.943102
v -0.916415 -0.956820 0.942445
v -0.933283 -0.880000 0.958778
v -0.931643 -0.899226 0.958829
v -0.928241 -0.916956 0.957419
v -0.923788 -0.931758 0.955143
v -0.918740 -0.943480 0.952897
v -0.912938 -0.952666 0.951634
v -0.852381 0.880000 1.000000
v -0.852381 1.000000 0.900000
v -0.952381 0.880000 0.900000
v -0.852381 0.898773 0.998769
v -0.852381 0.917080 0.995106
v -0.852381 0.934480 0.989100
v -0.852381 0.950534 0.980902
v -0.852381 0.964853 0.970711
v -0.868025 0.880000 0.998769
v -0.868351 0.899350 0.997391
v -0.868446 0.918156 0.993439
v -0.868410 0.935307 0.987286
v -0.868329 0.950501 0.979335
v -0.868277 0.963727 0.969851
v -0.883281 0.880000 0.995106
v -0.884057 0.899497 0.993449
v -0.884086 0.918262 0.989320
v -0.883627 0.934779 0.983306
v -0.883098 0.948846 0.975928
v -0.882810 0.960793 0.967387
v -0.897781 0.880000 0.989100
v -0.898477 0.899397 0.987258
v -0.897998 0.917676 0.983267
v -0.896749 0.933302 0.977837
v -0.895483 0.946166 0.971428
v -0.894826 0.956820 0.964034
v -0.911159 0.880000 0.980902
v -0.911210 0.899226 0.979262
v -0.909800 0.916956 0.975860
v -0.907524 0.931758 0.971407
v -0.905278 0.943480 0.966359
v -0.904015 0.952666 0.960557
v -0.910116 0.949282 0.957735
v -0.868025 0.998523 0.900000
v -0.883281 0.994127 0.900000
v -0.897781 0.986920 0.900000
v -0.911159 0.977083 0.900000
v -0.923092 0.964853 0.900000
v -0.852381 0.998523 0.915644
v -0.868506 0.996869 0.915970
v -0.884178 0.992127 0.916064
v -0.898470 0.984744 0.916029
v -0.911132 0.975202 0.915948
v -0.922154 0.963821 0.915896
v -0.852381 0.994127 0.930900
v -0.868628 0.992139 0.931676
v -0.884266 0.987185 0.931705
v -0.898030 0.979967 0.931246
v -0.909752 0.971113 0.930717
v -0.919709 0.960865 0.930429
v -0.852381 0.986920 0.945400
v -0.868545 0.984709 0.946096
v -0.883777 0.979920 0.945617
v -0.896799 0.973404 0.944368
v -0.907519 0.965714 0.943102
v -0.916398 0.956840 0.942445
v -0.852381 0.977083 0.958778
v -0.868403 0.975115 0.958829
v -0.883178 0.971031 0.957419
v -0.895513 0.965688 0.955143
v -0.905281 0.959631 0.952897
v -0.912936 0.952668 0.951634
v -0.951150 0.880000 0.915644
v -0.947487 0.880000 0.930900
v -0.941481 0.880000 0.945400
v -0.933283 0.880000 0.958778
v -0.923092 0.880000 0.970711
v -0.951150 0.898773 0.900000
v -0.949772 0.899164 0.916125
v -0.945820 0.899277 0.931796
v -0.939667 0.899234 0.946089
v -0.931716 0.899138 0.958751
v -0.922232 0.899075 0.969773
v -0.947487 0.917080 0.900000
v -0.945830 0.918011 0.916247
v -0.941702 0.918046 0.931885
v -0.935687 0.917495 0.945649
v -0.928309 0.916860 0.957371
v -0.919768 0.916515 0.967328
v -0.941481 0.934480 0.900000
v -0.939639 0.935315 0.916164
v -0.935648 0.934740 0.931396
v -0.930218 0.933241 0.944418
v -0.923809 0.931723 0.955138
v -0.916415 0.930934 0.964017
v -0.933283 0.950534 0.900000
v -0.931643 0.950595 0.916021
v -0.928241 0.948902 0.930797
v -0.923788 0.946172 0.943132
v -0.918740 0.943476 0.952900
v -0.912938 0.941960 0.960555
v -0.852381 -1.000000 -0.900000
v -0.952381 -0.880000 -0.900000
v -0.852381 -0.880000 -1.000000
v -0.868025 -0.998523 -0.900000
v -0.883281 -0.994127 -0.900000
v -0.897781 -0.986920 -0.900000
v -0.911159 -0.977083 -0.900000
v -0.923092 -0.964853 -0.900000
v -0.852381 -0.998523 -0.915644
v -0.868506 -0.996869 -0.915970
v -0.884178 -0.992127 -0.916064
v -0.898470 -0.984744 -0.916029
v -0.911132 -0.975202 -0.915948
v -0.922154 -0.963821 -0.915896
v -0.852381 -0.994127 -0.930900
v -0.868628 -0.992139 -0.931676
v -0.884266 -0.987185 -0.931705
v -0.898030 -0.979967 -0.931246
v -0.909752 -0.971113 -0.930717
v -0.919709 -0.960865 -0.930429
v -0.852381 -0.986920 -0.945400
v -0.868545 -0.984709 -0.946096
v -0.883777 -0.979920 -0.945617
v -0.896799 -0.973404 -0.944368
v -0.907519 -0.965714 -0.943102
v -0.916398 -0.956840 -0.942445
v -0.852381 -0.977083 -0.958778
v -0.868403 -0.975115 -0.958829
v -0.883178 -0.971031 -0.957419
v -0.895513 -0.965688 -0.955143
v -0.905281 -0.959631 -0.952897
v -0.912936 -0.952668 -0.951634
v -0.910116 -0.949282 -0.957735
v -0.951150 -0.880000 -0.915644
v -0.947487 -0.880000 -0.930900
v -0.941481 -0.880000 -0.945400
v -0.933283 -0.880000 -0.958778
v -0.923092 -0.880000 -0.970711
v -0.951150 -0.898773 -0.900000
v -0.949772 -0.899164 -0.916125
v -0.945820 -0.899277 -0.931796
v -0.939667 -0.899234 -0.946089
v -0.931716 -0.899138 -0.958751
v -0.922232 -0.899075 -0.969773
v -0.947487 -0.917080 -0.900000
v -0.945830 -0.918011 -0.916247
v -0.941702 -0.918046 -0.931885
v -0.935687 -0.917495 -0.945649
v -0.928309 -0.916860 -0.957371
v -0.919768 -0.916515 -0.967328
v -0.941481 -0.934480 -0.900000
v -0.939639 -0.935315 -0.916164
v -0.935648 -0.934740 -0.931396
v -0.930218 -0.933241 -0.944418
v -0.923809 -0.931723 -0.955138
v -0.916415 -0.930934 -0.964017
v -0.933283 -0.950534 -0.900000
v -0.931643 -0.950595 -0.916021
v -0.928241 -0.948902 -0.930797
v -0.923788 -0.946172 -0.943132
v -0.918740 -0.943476 -0.952900
v -0.912938 -0.941960 -0.960555
v -0.852381 -0.898773 -0.998769
v -0.852381 -0.917080 -0.995106
v -0.852381 -0.934480 -0.989100
v -0.852381 -0.950534 -0.980902
v -0.852381 -0.964853 -0.970711
v -0.868025 -0.880000 -0.998769
v -0.868351 -0.899350 -0.997391
v -0.868446 -0.918156 -0.993439
v -0.868410 -0.935307 -0.987286
v -0.868329 -0.950501 -0.979335
v -0.868277 -0.963727 -0.969851
v -0.883281 -0.880000 -0.995106
v -0.884057 -0.899497 -0.993449
v -0.884086 -0.918262 -0.989320
v -0.883627 -0.934779 -0.983306
v -0.883098 -0.948846 -0.975928
v -0.882810 -0.960793 -0.967387
v -0.897781 -0.880000 -0.989100
v -0.898477 -0.899397 -0.987258
v -0.897998 -0.917676 -0.983267
v -0.896749 -0.933302 -0.977837
v -0.895483 -0.946166 -0.971428
v -0.894826 -0.956820 -0.964034
v -0.911159 -0.880000 -0.980902
v -0.911210 -0.899226 -0.979262
v -0.909800 -0.916956 -0.975860
v -0.907524 -0.931758 -0.971407
v -0.905278 -0.943480 -0.966359
v -0.904015 -0.952666 -0.960557
v -0.852381 1.000000 -0.900000
v -0.852381 0.880000 -1.000000
v -0.952381 0.880000 -0.900000
v -0.852381 0.998523 -0.915644
v -0.852381 0.994127 -0.930900
v -0.852381 0.986920 -0.945400
v -0.852381 0.977083 -0.958778
v -0.852381 0.964853 -0.970711
v -0.868025 0.998523 -0.900000
v -0.868351 0.996869 -0.916125
v -0.868446 0.992127 -0.931796
v -0.868410 0.984744 -0.946089
v -0.868329 0.975202 -0.958751
v -0.868277 0.963821 -0.969773
v -0.883281 0.994127 -0.900000
v -0.884057 0.992139 -0.916247
v -0.884086 0.987185 -0.931885
v -0.883627 0.979967 -0.945649
v -0.883098 0.971113 -0.957371
v -0.882810 0.960865 -0.967328
v -0.897781 0.986920 -0.900000
v -0.898477 0.984709 -0.916164
v -0.897998 0.979920 -0.931396
v -0.896749 0.973404 -0.944418
v -0.895483 0.965714 -0.955138
v -0.894826 0.956840 -0.964017
v -0.911159 0.977083 -0.900000
v -0.911210 0.975115 -0.916021
v -0.909800 0.971031 -0.930797
v -0.907524 0.965688 -0.943132
v -0.905278 0.959631 -0.952900
v -0.904015 0.952668 -0.960555
v -0.910116 0.949282 -0.957735
v -0.868025 0.880000 -0.998769
v -0.883281 0.880000 -0.995106
v -0.897781 0.880000 -0.989100
v -0.911159 0.880000 -0.980902
v -0.923092 0.880000 -0.970711
v -0.852381 0.898773 -0.998769
v -0.868506 0.899164 -0.997391
v -0.884178 0.899277 -0.993439
v -0.898470 0.899234 -0.987286
v -0.911132 0.899138 -0.979335
v -0.922154 0.899075 -0.969851
v -0.852381 0.917080 -0.995106
v -0.868628 0.918011 -0.993449
v -0.884266 0.918046 -0.989320
v -0.898030 0.917495 -0.983306
v -0.909752 0.916860 -0.975928
v -0.919709 0.916515 -0.967387
v -0.852381 0.934480 -0.989100
v -0.868545 0.935315 -0.987258
v -0.883777 0.934740 -0.983267
v -0.896799 0.933241 -0.977837
v -0.907519 0.931723 -0.971428
v -0.916398 0.930934 -0.964034
v -0.852381 0.950534 -0.980902
v -0.868403 0.950595 -0.979262
v -0.883178 0.948902 -0.975860
v -0.895513 0.946172 -0.971407
v -0.905281 0.943476 -0.966359
v -0.912936 0.941960 -0.960557
v -0.951150 0.898773 -0.900000
v -0.947487 0.917080 -0.900000
v -0.941481 0.934480 -0.900000
v -0.933283 0.950534 -0.900000
v -0.923092 0.964853 -0.900000
v -0.951150 0.880000 -0.915644
v -0.949772 0.899350 -0.915970
v -0.945820 0.918156 -0.916064
v -0.939667 0.935307 -0.916029
v -0.931716 0.950501 -0.915948
v -0.922232 0.963727 -0.915896
v -0.947487 0.880000 -0.930900
v -0.945830 0.899497 -0.931676
v -0.941702 0.918262 -0.931705
v -0.935687 0.934779 -0.931246
v -0.928309 0.948846 -0.930717
v -0.919768 0.960793 -0.930429
v -0.941481 0.880000 -0.945400
v -0.939639 0.899397 -0.946096
v -0.935648 0.917676 -0.945617
v -0.930218 0.933302 -0.944368
v -0.923809 0.946166 -0.943102
v -0.916415 0.956820 -0.942445
v -0.933283 0.880000 -0.958778
v -0.931643 0.899226 -0.958829
v -0.928241 0.916956 -0.957419
v -0.923788 0.931758 -0.955143
v -0.918740 0.943480 -0.952897
v -0.912938 0.952666 -0.951634
v 0.852381 -1.000000 0.900000
v 0.952381 -0.880000 0.900000
v 0.852381 -0.880000 1.000000
v 0.868025 -0.998523 0.900000
v 0.883281 -0.994127 0.900000
v 0.897781 -0.986920 0.900000
v 0.911159 -0.977083 0.900000
v 0.923092 -0.964853 0.900000
v 0.852381 -0.998523 0.915644
v 0.868506 -0.996869 0.915970
v 0.884178 -0.992127 0.916064
v 0.898470 -0.984744 0.916029
v 0.911132 -0.975202 0.915948
v 0.922154 -0.963821 0.915896
v 0.852381 -0.994127 0.930900
v 0.868628 -0.992139 0.931676
v 0.884266 -0.987185 0.931705
v 0.898030 -0.979967 0.931246
v 0.909752 -0.971113 0.930717
v 0.919709 -0.960865 0.930429
v 0.852381 -0.986920 0.945400
v 0.868545 -0.984709 0.946096
v 0.883777 -0.979920 0.945617
v 0.896799 -0.973404 0.944368
v 0.907519 -0.965714 0.943102
v 0.916398 -0.956840 0.942445
v 0.852381 -0.977083 0.958778
v 0.868403 -0.975115 0.958829
v 0.883178 -0.971031 0.957419
v 0.895513 -0.965688 0.955143
v 0.905281 -0.959631 0.952897
v 0.912936 -0.952668 0.951634
v 0.910116 -0.949282 0.957735
v 0.951150 -0.880000 0.915644
v 0.947487 -0.880000 0.930900
v 0.941481 -0.880000 0.945400
v 0.933283 -0.880000 0.958778
v 0.923092 -0.880000 0.970711
v 0.951150 -0.898773 0.900000
v 0.949772 -0.899164 0.916125
v 0.945820 -0.899277 0.931796
v 0.939667 -0.899234 0.946089
v 0.931716 -0.899138 0.958751
v 0.922232 -0.899075 0.969773
v 0.947487 -0.917080 0.900000
v 0.945830 -0.918011 0.916247
v 0.941702 -0.918046 0.931885
v 0.935687 -0.917495 0.945649
v 0.928309 -0.916860 0.957371
v 0.919768 -0.916515 0.967328
v 0.941481 -0.934480 0.900000
v 0.939639 -0.935315 0.916164
v 0.935648 -0.934740 0.931396
v 0.930218 -0.933241 0.944418
v 0.923809 -0.931723 0.955138
v 0.916415 -0.930934 0.964017
v 0.933283 -0.950534 0.900000
v 0.931643 -0.950595 0.916021
v 0.928241 -0.948902 0.930797
v 0.923788 -0.946172 0.943132
v 0.918740 -0.943476 0.952900
v 0.912938 -0.941960 0.960555
v 0.852381 -0.898773 0.998769
v 0.852381 -0.917080 0.995106
v 0.852381 -0.934480 0.989100
v 0.852381 -0.950534 0.980902
v 0.852381 -0.964853 0.970711
v 0.868025 -0.880000 0.998769
v 0.868351 -0.899350 0.997391
v 0.868446 -0.918156 0.993439
v 0.868410 -0.935307 0.987286
v 0.868329 -0.950501 0.979335
v 0.868277 -0.963727 0.969851
v 0.883281 -0.880000 0.995106
v 0.884057 -0.899497 0.993449
v 0.884086 -0.918262 0.989320
v 0.883627 -0.934779 0.983306
v 0.883098 -0.948846 0.975928
v 0.882810 -0.960793 0.967387
v 0.897781 -0.880000 0.989100
v 0.898477 -0.899397 0.987258
v 0.897998 -0.917676 0.983267
v 0.896749 -0.933302 0.977837
v 0.895483 -0.946166 0.971428
v 0.894826 -0.956820 0.964034
v 0.911159 -0.880000 0.980902
v 0.911210 -0.899226 0.979262
v 0.909800 -0.916956 0.975860
v 0.907524 -0.931758 0.971407
v 0.905278 -0.943480 0.966359
v 0.904015 -0.952666 0.960557
v 0.852381 1.000000 0.900000
v 0.852381 0.880000 1.000000
v 0.952381 0.880000 0.900000
v 0.852381 0.998523 0.915644
v 0.852381 0.994127 0.930900
v 0.852381 0.986920 0.945400
v 0.852381 0.977083 0.958778
v 0.852381 0.964853 0.970711
v 0.868025 0.998523 0.900000
v 0.868351 0.996869 0.916125
v 0.868446 0.992127 0.931796
v 0.868410 0.984744 0.946089
v 0.868329 0.975202 0.958751
v 0.868277 0.963821 0.969773
v 0.883281 0.994127 0.900000
v 0.884057 0.992139 0.916247
v 0.884086 0.987185 0.931885
v 0.883627 0.979967 0.945649
v 0.883098 0.971113 0.957371
v 0.882810 0.960865 0.967328
v 0.897781 0.986920 0.900000
v 0.898477 0.984709 0.916164
v 0.897998 0.979920 0.931396
v 0.896749 0.973404 0.944418
v 0.895483 0.965714 0.955138
v 0.894826 0.956840 0.964017
v 0.911159 0.977083 0.900000
v 0.911210 0.975115 0.916021
v 0.909800 0.971031 0.930797
v 0.907524 0.965688 0.943132
v 0.905278 0.959631 0.952900
v 0.904015 0.952668 0.960555
v 0.910116 0.949282 0.957735
v 0.868025 0.880000 0.998769
v 0.883281 0.880000 0.995106
v 0.897781 0.880000 0.989100
v 0.911159 0.880000 0.980902
v 0.923092 0.880000 0.970711
v 0.852381 0.898773 0.998769
v 0.868506 0.899164 0.997391
v 0.884178 0.899277 0.993439
v 0.898470 0.899234 0.987286
v 0.911132 0.899138 0.979335
v 0.922154 0.899075 0.969851
v 0.852381 0.917080 0.995106
v 0.868628 0.918011 0.993449
v 0.884266 0.918046 0.989320
v 0.898030 0.917495 0.983306
v 0.909752 0.916860 0.975928
v 0.919709 0.916515 0.967387
v 0.852381 0.934480 0.989100
v 0.868545 0.935315 0.987258
v 0.883777 0.934740 0.983267
v 0.896799 0.933241 0.977837
v 0.907519 0.931723 0.971428
v 0.916398 0.930934 0.964034
v 0.852381 0.950534 0.980902
v 0.868403 0.950595 0.979262
v 0.883178 0.948902 0.975860
v 0.895513 0.946172 0.971407
v 0.905281 0.943476 0.966359
v 0.912936 0.941960 0.960557
v 0.951150 0.898773 0.900000
v 0.947487 0.917080 0.900000
v 0.941481 0.934480 0.900000
v 0.933283 0.950534 0.900000
v 0.923092 0.964853 0.900000
v 0.951150 0.880000 0.915644
v 0.949772 0.899350 0.915970
v 0.945820 0.918156 0.916064
v 0.939667 0.935307 0.916029
v 0.931716 0.950501 0.915948
v 0.922232 0.963727 0.915896
v 0.947487 0.880000 0.930900
v 0.945830 0.899497 0.931676
v 0.941702 0.918262 0.931705
v 0.935687 0.934779 0.931246
v 0.928309 0.948846 0.930717
v 0.919768 0.960793 0.930429
v 0.941481 0.880000 0.945400
v 0.939639 0.899397 0.946096
v 0.935648 0.917676 0.945617
v 0.930218 0.933302 0.944368
v 0.923809 0.946166 0.943102
v 0.916415 0.956820 0.942445
v 0.933283 0.880000 0.958778
v 0.931643 0.899226 0.958829
v 0.928241 0.916956 0.957419
v 0.923788 0.931758 0.955143
v 0.918740 0.943480 0.952897
v 0.912938 0.952666 0.951634
v 0.852381 -1.000000 -0.900000
v 0.852381 -0.880000 -1.000000
v 0.952381 -0.880000 -0.900000
v 0.852381 -0.998523 -0.915644
v 0.852381 -0.994127 -0.930900
v 0.852381 -0.986920 -0.945400
v 0.852381 -0.977083 -0.958778
v 0.852381 -0.964853 -0.970711
v 0.868025 -0.998523 -0.900000
v 0.868351 -0.996869 -0.916125
v 0.868446 -0.992127 -0.931796
v 0.868410 -0.984744 -0.946089
v 0.868329 -0.975202 -0.958751
v 0.868277 -0.963821 -0.969773
v 0.883281 -0.994127 -0.900000
v 0.884057 -0.992139 -0.916247
v 0.884086 -0.987185 -0.931885
v 0.883627 -0.979967 -0.945649
v 0.883098 -0.971113 -0.957371
v 0.882810 -0.960865 -0.967328
v 0.897781 -0.986920 -0.900000
v 0.898477 -0.984709 -0.916164
v 0.897998 -0.979920 -0.931396
v 0.896749 -0.973404 -0.944418
v 0.895483 -0.965714 -0.955138
v 0.894826 -0.956840 -0.964017
v 0.911159 -0.977083 -0.900000
v 0.911210 -0.975115 -0.916021
v 0.909800 -0.971031 -0.930797
v 0.907524 -0.965688 -0.943132
v 0.905278 -0.959631 -0.952900
v 0.904015 -0.952668 -0.960555
v 0.910116 -0.949282 -0.957735
v 0.868025 -0.880000 -0.998769
v 0.883281 -0.880000 -0.995106
v 0.897781 -0.880000 -0.989100
v 0.911159 -0.880000 -0.980902
v 0.923092 -0.880000 -0.970711
v 0.852381 -0.898773 -0.998769
v 0.868506 -0.899164 -0.997391
v 0.884178 -0.899277 -0.993439
v 0.898470 -0.899234 -0.987286
v 0.911132 -0.899138 -0.979335
v 0.922154 -0.899075 -0.969851
v 0.852381 -0.917080 -0.995106
v 0.868628 -0.918011 -0.993449
v 0.884266 -0.918046 -0.989320
v 0.898030 -0.917495 -0.983306
v 0.909752 -0.916860 -0.975928
v 0.919709 -0.916515 -0.967387
v 0.852381 -0.934480 -0.989100
v 0.868545 -0.935315 -0.987258
v 0.883777 -0.934740 -0.983267
v 0.896799 -0.933241 -0.977837
v 0.907519 -0.931723 -0.971428
v 0.916398 -0.930934 -0.964034
v 0.852381 -0.950534 -0.980902
v 0.868403 -0.950595 -0.979262
v 0.883178 -0.948902 -0.975860
v 0.895513 -0.946172 -0.971407
v 0.905281 -0.943476 -0.966359
v 0.912936 -0.941960 -0.960557
v 0.951150 -0.898773 -0.900000
v 0.947487 -0.917080 -0.900000
v 0.941481 -0.934480 -0.900000
v 0.933283 -0.950534 -0.900000
v 0.923092 -0.964853 -0.900000
v 0.951150 -0.880000 -0.915644
v 0.949772 -0.899350 -0.915970
v 0.945820 -0.918156 -0.916064
v 0.939667 -0.935307 -0.916029
v 0.931716 -0.950501 -0.915948
v 0.922232 -0.963727 -0.915896
v 0.947487 -0.880000 -0.930900
v 0.945830 -0.899497 -0.931676
v 0.941702 -0.918262 -0.931705
v 0.935687 -0.934779 -0.931246
v 0.928309 -0.948846 -0.930717
v 0.919768 -0.960793 -0.930429
v 0.941481 -0.880000 -0.945400
v 0.939639 -0.899397 -0.946096
v 0.935648 -0.917676 -0.945617
v 0.930218 -0.933302 -0.944368
v 0.923809 -0.946166 -0.943102
v 0.916415 -0.956820 -0.942445
v 0.933283 -0.880000 -0.958778
v 0.931643 -0.899226 -0.958829
v 0.928241 -0.916956 -0.957419
v 0.923788 -0.931758 -0.955143
v 0.918740 -0.943480 -0.952897
v 0.912938 -0.952666 -0.951634
v 0.852381 1.000000 -0.900000
v 0.952381 0.880000 -0.900000
v 0.852381 0.880000 -1.000000
v 0.868025 0.998523 -0.900000
v 0.883281 0.994127 -0.900000
v 0.897781 0.986920 -0.900000
v 0.911159 0.977083 -0.900000
v 0.923092 0.964853 -0.900000
v 0.852381 0.998523 -0.915644
v 0.868506 0.996869 -0.915970
v 0.884178 0.992127 -0.916064
v 0.898470 0.984744 -0.916029
v 0.911132 0.975202 -0.915948
v 0.922154 0.963821 -0.915896
v 0.852381 0.994127 -0.930900
v 0.868628 0.992139 -0.931676
v 0.884266 0.987185 -0.931705
v 0.898030 0.979967 -0.931246
v 0.909752 0.971113 -0.930717
v 0.919709 0.960865 -0.930429
v 0.852381 0.986920 -0.945400
v 0.868545 0.984709 -0.946096
v 0.883777 0.979920 -0.945617
v 0.896799 0.973404 -0.944368
v 0.907519 0.965714 -0.943102
v 0.916398 0.956840 -0.942445
v 0.852381 0.977083 -0.958778
v 0.868403 0.975115 -0.958829
v 0.883178 0.971031 -0.957419
v 0.895513 0.965688 -0.955143
v 0.905281 0.959631 -0.952897
v 0.912936 0.952668 -0.951634
v 0.910116 0.949282 -0.957735
v 0.951150 0.880000 -0.915644
v 0.947487 0.880000 -0.930900
v 0.941481 0.880000 -0.945400
v 0.933283 0.880000 -0.958778
v 0.923092 0.880000 -0.970711
v 0.951150 0.898773 -0.900000
v 0.949772 0.899164 -0.916125
v 0.945820 0.899277 -0.931796
v 0.939667 0.899234 -0.946089
v 0.931716 0.899138 -0.958751
v 0.922232 0.899075 -0.969773
v 0.947487 0.917080 -0.900000
v 0.945830 0.918011 -0.916247
v 0.941702 0.918046 -0.931885
v 0.935687 0.917495 -0.945649
v 0.928309 0.916860 -0.957371
v 0.919768 0.916515 -0.967328
v 0.941481 0.934480 -0.900000
v 0.939639 0.935315 -0.916164
v 0.935648 0.934740 -0.931396
v 0.930218 0.933241 -0.944418
v 0.923809 0.931723 -0.955138
v 0.916415 0.930934 -0.964017
v 0.933283 0.950534 -0.900000
v 0.931643 0.950595 -0.916021
v 0.928241 0.948902 -0.930797
v 0.923788 0.946172 -0.943132
v 0.918740 0.943476 -0.952900
v 0.912938 0.941960 -0.960555
v 0.852381 0.898773 -0.998769
v 0.852381 0.917080 -0.995106
v 0.852381 0.934480 -0.989100
v 0.852381 0.950534 -0.980902
v 0.852381 0.964853 -0.970711
v 0.868025 0.880000 -0.998769
v 0.868351 0.899350 -0.997391
v 0.868446 0.918156 -0.993439
v 0.868410 0.935307 -0.987286
v 0.868329 0.950501 -0.979335
v 0.868277 0.963727 -0.969851
v 0.883281 0.880000 -0.995106
v 0.884057 0.899497 -0.993449
v 0.884086 0.918262 -0.989320
v 0.883627 0.934779 -0.983306
v 0.883098 0.948846 -0.975928
v 0.882810 0.960793 -0.967387
v 0.897781 0.880000 -0.989100
v 0.898477 0.899397 -0.987258
v 0.897998 0.917676 -0.983267
v 0.896749 0.933302 -0.977837
v 0.895483 0.946166 -0.971428
v 0.894826 0.956820 -0.964034
v 0.911159 0.880000 -0.980902
v 0.911210 0.899226 -0.979262
v 0.909800 0.916956 -0.975860
v 0.907524 0.931758 -0.971407
v 0.905278 0.943480 -0.966359
v 0.904015 0.952666 -0.960557
v -2.000000 1.710108 1.900000
v -1.900000 1.710108 2.000000
v -1.998769 1.710108 1.915644
v -1.995106 1.710108 1.930902
v -1.989101 1.710108 1.945399
v -1.980902 1.710108 1.958779
v -1.970711 1.710108 1.970711
v -1.958779 1.710108 1.980902
v -1.945399 1.710108 1.989101
v -1.930902 1.710108 1.995106
v -1.915644 1.710108 1.998769
v 2.000000 2.280000 0.000000
v 1.900000 2.400000 0.000000
v 1.998769 2.298772 0.000000
v 1.995106 2.317082 0.000000
v 1.989101 2.334479 0.000000
v 1.980902 2.350534 0.000000
v 1.970711 2.364853 0.000000
v 1.958779 2.377082 0.000000
v 1.945399 2.386921 0.000000
v 1.930902 2.394127 0.000000
v 1.915644 2.398523 0.000000
v 2.000000 1.710108 -1.900000
v 1.900000 1.710108 -2.000000
v 1.998769 1.710108 -1.915644
v 1.995106 1.710108 -1.930902
v 1.989101 1.710108 -1.945399
v 1.980902 1.710108 -1.958779
v 1.970711 1.710108 -1.970711
v 1.958779 1.710108 -1.980902
v 1.945399 1.710108 -1.989101
v 1.930902 1.710108 -1.995106
v 1.915644 1.710108 -1.998769
v 2.000000 -2.280000 0.000000
v 1.900000 -2.400000 0.000000
v 1.998769 -2.298772 0.000000
v 1.995106 -2.317082 0.000000
v 1.989101 -2.334479 0.000000
v 1.980902 -2.350534 0.000000
v 1.970711 -2.364853 0.000000
v 1.958779 -2.377082 0.000000
v 1.945399 -2.386921 0.000000
v 1.930902 -2.394127 0.000000
v 1.915644 -2.398523 0.000000
v -1.900000 -2.400000 0.932557
v -2.000000 -2.280000 1.003268
v -1.915644 -2.398523 0.943619
v -1.930902 -2.394127 0.954408
v -1.945399 -2.386921 0.964659
v -1.958779 -2.377082 0.974120
v -1.970711 -2.364853 0.982557
v -1.980902 -2.350534 0.989763
v -1.989101 -2.334479 0.995561
v -1.995106 -2.317082 0.999807
v -1.998769 -2.298772 1.002397
v -2.000000 -2.280000 -1.003268
v -1.900000 -2.400000 -0.932557
v -1.998769 -2.298772 -1.002397
v -1.995106 -2.317082 -0.999807
v -1.989101 -2.334479 -0.995561
v -1.980902 -2.350534 -0.989763
v -1.970711 -2.364853 -0.982557
v -1.958779 -2.377082 -0.974120
v -1.945399 -2.386921 -0.964659
v -1.930902 -2.394127 -0.954408
v -1.915644 -2.398523 -0.943619
v -1.900000 2.400000 -0.932557
v -2.000000 2.280000 -1.003268
v -1.915644 2.398523 -0.943619
v -1.930902 2.394127 -0.954408
v -1.945399 2.386921 -0.964659
v -1.958779 2.377082 -0.974120
v -1.970711 2.364853 -0.982557
v -1.980902 2.350534 -0.989763
v -1.989101 2.334479 -0.995561
v -1.995106 2.317082 -0.999807
v -1.998769 2.298772 -1.002397
v -2.000000 2.280000 1.003268
v -1.900000 2.400000 0.932557
v -1.998769 2.298772 1.002397
v -1.995106 2.317082 0.999807
v -1.989101 2.334479 0.995561
v -1.980902 2.350534 0.989763
v -1.970711 2.364853 0.982557
v -1.958779 2.377082 0.974120
v -1.945399 2.386921 0.964659
v -1.930902 2.394127 0.954408
v -1.915644 2.398523 0.943619
v 1.900000 1.710108 2.000000
v 2.000000 1.710108 1.900000
v 1.915644 1.710108 1.998769
v 1.930902 1.710108 1.995106
v 1.945399 1.710108 1.989101
v 1.958779 1.710108 1.980902
v 1.970711 1.710108 1.970711
v 1.980902 1.710108 1.958779
v 1.989101 1.710108 1.945399
v 1.995106 1.710108 1.930902
v 1.998769 1.710108 1.915644
v -1.900000 1.710108 -2.000000
v -2.000000 1.710108 -1.900000
v -1.915644 1.710108 -1.998769
v -1.930902 1.710108 -1.995106
v -1.945399 1.710108 -1.989101
v -1.958779 1.710108 -1.980902
v -1.970711 1.710108 -1.970711
v -1.980902 1.710108 -1.958779
v -1.989101 1.710108 -1.945399
v -1.995106 1.710108 -1.930902
v -1.998769 1.710108 -1.915644
v -1.900000 1.710108 -0.903268
v -2.000000 1.830108 -1.103268
v -1.900000 1.590108 -1.003268
v -1.915577 1.711714 -0.920183
v -1.930853 1.716059 -0.939079
v -1.945348 1.723261 -0.959577
v -1.958700 1.733129 -0.981152
v -1.970711 1.745256 -1.003268
v -1.900000 1.708494 -0.918894
v -1.915451 1.709593 -0.934032
v -1.930546 1.713265 -0.950130
v -1.944742 1.719425 -0.967225
v -1.957582 1.727746 -0.985046
v -1.968766 1.737867 -1.003190
v -1.900000 1.704147 -0.934144
v -1.915319 1.705834 -0.947069
v -1.930201 1.709596 -0.960568
v -1.944018 1.715180 -0.974516
v -1.956268 1.722240 -0.988793
v -1.966684 1.730443 -1.003208
v -1.900000 1.696946 -0.948633
v -1.915215 1.699897 -0.959112
v -1.929863 1.704371 -0.970038
v -1.943180 1.709956 -0.981085
v -1.954665 1.716256 -0.992162
v -1.964190 1.722897 -1.003251
v -1.900000 1.687078 -0.961978
v -1.915147 1.691929 -0.970147
v -1.929585 1.697626 -0.978576
v -1.942396 1.703840 -0.986999
v -1.952961 1.710093 -0.995246
v -1.961209 1.715712 -1.003266
v -1.958379 1.710108 -1.003268
v -1.998662 1.809811 -1.087691
v -1.995041 1.787135 -1.072415
v -1.989040 1.762538 -1.057920
v -1.980816 1.736648 -1.044568
v -1.970711 1.710109 -1.032557
v -1.998662 1.811417 -1.086353
v -1.994606 1.793244 -1.072125
v -1.990568 1.773917 -1.059079
v -1.985243 1.753389 -1.047109
v -1.977998 1.731990 -1.036215
v -1.968850 1.710202 -1.026498
v -1.995041 1.793085 -1.067457
v -1.990153 1.777572 -1.055932
v -1.985946 1.761367 -1.045563
v -1.981172 1.744624 -1.036263
v -1.974860 1.727486 -1.027867
v -1.966748 1.710181 -1.020284
v -1.989040 1.775691 -1.046960
v -1.984659 1.763113 -1.038936
v -1.980873 1.749998 -1.031734
v -1.976698 1.736737 -1.025337
v -1.971288 1.723441 -1.019507
v -1.964211 1.710129 -1.013950
v -1.980816 1.759669 -1.025385
v -1.977584 1.749864 -1.021254
v -1.974609 1.739746 -1.017569
v -1.971226 1.729637 -1.014322
v -1.966897 1.719738 -1.011283
v -1.961214 1.710111 -1.007944
v -1.900000 1.608859 -1.001922
v -1.900000 1.627160 -0.998301
v -1.900000 1.644547 -0.992299
v -1.900000 1.660560 -0.984076
v -1.900000 1.674961 -0.973979
v -1.915577 1.610406 -1.004606
v -1.915300 1.627532 -1.003684
v -1.915215 1.643159 -1.000623
v -1.915185 1.657516 -0.995486
v -1.915144 1.670581 -0.988549
v -1.915120 1.682233 -0.980116
v -1.930853 1.633082 -1.008227
v -1.930285 1.646954 -1.006816
v -1.930027 1.659374 -1.003682
v -1.929813 1.670527 -0.999029
v -1.929579 1.680597 -0.993145
v -1.929453 1.689689 -0.986312
v -1.945348 1.657679 -1.014229
v -1.944455 1.667337 -1.011761
v -1.943844 1.675962 -1.008036
v -1.943129 1.683634 -1.003384
v -1.942390 1.690627 -0.998134
v -1.942003 1.697289 -0.992603
v -1.958700 1.683569 -1.022452
v -1.957405 1.688540 -1.018397
v -1.956177 1.692953 -1.013657
v -1.954639 1.696849 -1.008481
v -1.952958 1.700493 -1.003273
v -1.951918 1.704497 -0.998594
v -1.900000 1.590108 1.003268
v -2.000000 1.830108 1.103268
v -1.900000 1.710108 0.903268
v -1.915577 1.610406 1.004606
v -1.930853 1.633082 1.008227
v -1.945348 1.657679 1.014229
v -1.958700 1.683569 1.022452
v -1.970711 1.710109 1.032557
v -1.900000 1.608859 1.001922
v -1.915451 1.627026 1.002839
v -1.930546 1.646343 1.005898
v -1.944742 1.666857 1.011032
v -1.957582 1.688242 1.017966
v -1.968766 1.710015 1.026400
v -1.900000 1.627160 0.998301
v -1.915319 1.642669 0.999706
v -1.930201 1.658869 1.002841
v -1.944018 1.675606 1.007494
v -1.956268 1.692738 1.013378
v -1.966684 1.710036 1.020213
v -1.900000 1.644547 0.992299
v -1.915215 1.657121 0.994758
v -1.929863 1.670232 0.998487
v -1.943180 1.683489 1.003141
v -1.954665 1.696781 1.008391
v -1.964190 1.710088 1.013925
v -1.900000 1.660560 0.984076
v -1.915147 1.670363 0.988119
v -1.929584 1.680479 0.992866
v -1.942396 1.690585 0.998044
v -1.952961 1.700482 1.003255
v -1.961209 1.710106 1.007938
v -1.958379 1.710108 1.003268
v -1.998662 1.811417 1.086353
v -1.995041 1.793085 1.067457
v -1.989040 1.775691 1.046960
v -1.980816 1.759669 1.025385
v -1.970711 1.745256 1.003268
v -1.998662 1.809811 1.087691
v -1.994606 1.792737 1.072547
v -1.990568 1.777082 1.056441
v -1.985243 1.762718 1.039335
v -1.977998 1.749645 1.021503
v -1.968850 1.737984 1.003346
v -1.995041 1.787135 1.072416
v -1.990153 1.773305 1.059487
v -1.985946 1.760862 1.045983
v -1.981172 1.749703 1.032031
v -1.974860 1.739627 1.017749
v -1.966748 1.730528 1.003329
v -1.989040 1.762538 1.057920
v -1.984659 1.752910 1.047438
v -1.980873 1.744267 1.036509
v -1.976698 1.736592 1.025459
v -1.971288 1.729595 1.014378
v -1.964211 1.722927 1.003285
v -1.980816 1.736648 1.044568
v -1.977584 1.731692 1.036397
v -1.974609 1.727270 1.027966
v -1.971226 1.723373 1.019542
v -1.966897 1.719727 1.011292
v -1.961214 1.715720 1.003270
v -1.900000 1.708494 0.918894
v -1.900000 1.704148 0.934144
v -1.900000 1.696946 0.948633
v -1.900000 1.687078 0.961978
v -1.900000 1.674961 0.973979
v -1.915577 1.711714 0.920183
v -1.915300 1.710608 0.934455
v -1.915215 1.706934 0.947477
v -1.915185 1.700771 0.959441
v -1.915144 1.692446 0.970329
v -1.915120 1.682326 0.980038
v -1.930853 1.716059 0.939079
v -1.930285 1.714366 0.950639
v -1.930027 1.710605 0.960989
v -1.929813 1.705022 0.970283
v -1.929579 1.697961 0.978676
v -1.929453 1.689761 0.986252
v -1.945348 1.723261 0.959577
v -1.944455 1.720300 0.967625
v -1.943844 1.715830 0.974813
v -1.943129 1.710248 0.981206
v -1.942390 1.703948 0.987033
v -1.942002 1.697310 0.992585
v -1.958700 1.733129 0.981152
v -1.957405 1.728263 0.985295
v -1.956177 1.722575 0.988972
v -1.954639 1.716365 0.992218
v -1.952958 1.710114 0.995255
v -1.951918 1.704499 0.998592
v -1.900000 1.409906 1.003268
v -1.900000 1.289906 0.903268
v -2.000000 1.169906 1.103268
v -1.900000 1.391154 1.001922
v -1.900000 1.372854 0.998301
v -1.900000 1.355467 0.992299
v -1.900000 1.339454 0.984076
v -1.900000 1.325053 0.973979
v -1.915577 1.389608 1.004606
v -1.915300 1.372481 1.003684
v -1.915215 1.356855 1.000623
v -1.915185 1.342498 0.995486
v -1.915144 1.329432 0.988549
v -1.915120 1.317781 0.980116
v -1.930853 1.366932 1.008227
v -1.930285 1.353060 1.006816
v -1.930027 1.340640 1.003682
v -1.929813 1.329487 0.999029
v -1.929579 1.319417 0.993145
v -1.929453 1.310325 0.986312
v -1.945348 1.342335 1.014229
v -1.944455 1.332677 1.011761
v -1.943844 1.324051 1.008036
v -1.943129 1.316380 1.003384
v -1.942390 1.309387 0.998134
v -1.942003 1.302724 0.992603
v -1.958700 1.316445 1.022452
v -1.957405 1.311473 1.018397
v -1.956177 1.307060 1.013657
v -1.954639 1.303166 1.008481
v -1.952958 1.299521 1.003273
v -1.951918 1.295517 0.998594
v -1.958379 1.289905 1.003268
v -1.915577 1.288300 0.920183
v -1.930853 1.283955 0.939079
v -1.945348 1.276753 0.959577
v -1.958700 1.266885 0.981152
v -1.970711 1.254758 1.003268
v -1.900000 1.291520 0.918894
v -1.915451 1.290421 0.934032
v -1.930546 1.286749 0.950130
v -1.944742 1.280588 0.967225
v -1.957582 1.272267 0.985046
v -1.968766 1.262146 1.003190
v -1.900000 1.295866 0.934144
v -1.915319 1.294180 0.947069
v -1.930201 1.290418 0.960568
v -1.944018 1.284834 0.974516
v -1.956268 1.277773 0.988793
v -1.966684 1.269571 1.003208
v -1.900000 1.303068 0.948633
v -1.915215 1.300117 0.959112
v -1.929863 1.295643 0.970038
v -1.943180 1.290058 0.981085
v -1.954665 1.283758 0.992162
v -1.964190 1.277117 1.003251
v -1.900000 1.312935 0.961978
v -1.915147 1.308085 0.970147
v -1.929585 1.302388 0.978576
v -1.942396 1.296175 0.986999
v -1.952961 1.289921 0.995246
v -1.961209 1.284302 1.003266
v -1.998662 1.190203 1.087691
v -1.995041 1.212879 1.072415
v -1.989040 1.237476 1.057920
v -1.980816 1.263366 1.044568
v -1.970711 1.289905 1.032557
v -1.998662 1.188597 1.086353
v -1.994606 1.206771 1.072125
v -1.990568 1.226097 1.059079
v -1.985243 1.246625 1.047109
v -1.977998 1.268023 1.036215
v -1.968850 1.289812 1.026498
v -1.995041 1.206928 1.067457
v -1.990153 1.222442 1.055932
v -1.985946 1.238647 1.045563
v -1.981172 1.255390 1.036263
v -1.974860 1.272528 1.027867
v -1.966748 1.289833 1.020284
v -1.989040 1.224323 1.046960
v -1.984659 1.236901 1.038936
v -1.980873 1.250016 1.031734
v -1.976698 1.263276 1.025337
v -1.971288 1.276573 1.019507
v -1.964211 1.289884 1.013950
v -1.980816 1.240345 1.025385
v -1.977584 1.250150 1.021254
v -1.974609 1.260268 1.017569
v -1.971226 1.270377 1.014322
v -1.966897 1.280276 1.011283
v -1.961214 1.289903 1.007944
v 1.900000 1.289906 -2.000000
v 2.000000 1.289906 -1.900000
v 1.915644 1.289906 -1.998769
v 1.930902 1.289906 -1.995106
v 1.945399 1.289906 -1.989101
v 1.958779 1.289906 -1.980902
v 1.970711 1.289906 -1.970711
v 1.980902 1.289906 -1.958779
v 1.989101 1.289906 -1.945399
v 1.995106 1.289906 -1.930902
v 1.998769 1.289906 -1.915644
v 2.000000 1.289906 1.900000
v 1.900000 1.289906 2.000000
v 1.998769 1.289906 1.915644
v 1.995106 1.289906 1.930902
v 1.989101 1.289906 1.945399
v 1.980902 1.289906 1.958779
v 1.970711 1.289906 1.970711
v 1.958779 1.289906 1.980902
v 1.945399 1.289906 1.989101
v 1.930902 1.289906 1.995106
v 1.915644 1.289906 1.998769
v -2.000000 1.289906 -1.900000
v -1.900000 1.289906 -2.000000
v -1.998769 1.289906 -1.915644
v -1.995106 1.289906 -1.930902
v -1.989101 1.289906 -1.945399
v -1.980902 1.289906 -1.958779
v -1.970711 1.289906 -1.970711
v -1.958779 1.289906 -1.980902
v -1.945399 1.289906 -1.989101
v -1.930902 1.289906 -1.995106
v -1.915644 1.289906 -1.998769
v -2.000000 1.289906 1.900000
v -1.900000 1.289906 2.000000
v -1.998769 1.289906 1.915644
v -1.995106 1.289906 1.930902
v -1.989101 1.289906 1.945399
v -1.980902 1.289906 1.958779
v -1.970711 1.289906 1.970711
v -1.958779 1.289906 1.980902
v -1.945399 1.289906 1.989101
v -1.930902 1.289906 1.995106
v -1.915644 1.289906 1.998769
v -1.900000 1.409906 -1.003268
v -2.000000 1.169906 -1.103268
v -1.900000 1.289906 -0.903268
v -1.915577 1.389608 -1.004606
v -1.930853 1.366932 -1.008227
v -1.945348 1.342335 -1.014229
v -1.958700 1.316445 -1.022452
v -1.970711 1.289905 -1.032557
v -1.900000 1.391154 -1.001922
v -1.915451 1.372988 -1.002839
v -1.930546 1.353671 -1.005898
v -1.944742 1.333156 -1.011032
v -1.957582 1.311772 -1.017966
v -1.968766 1.289999 -1.026400
v -1.900000 1.372854 -0.998301
v -1.915319 1.357345 -0.999706
v -1.930201 1.341145 -1.002841
v -1.944018 1.324407 -1.007494
v -1.956268 1.307276 -1.013378
v -1.966684 1.289978 -1.020213
v -1.900000 1.355467 -0.992299
v -1.915215 1.342893 -0.994758
v -1.929863 1.329782 -0.998487
v -1.943180 1.316525 -1.003141
v -1.954665 1.303233 -1.008391
v -1.964190 1.289926 -1.013925
v -1.900000 1.339454 -0.984076
v -1.915147 1.329651 -0.988119
v -1.929584 1.319535 -0.992866
v -1.942396 1.309428 -0.998044
v -1.952961 1.299532 -1.003255
v -1.961209 1.289908 -1.007938
v -1.958379 1.289905 -1.003268
v -1.998662 1.188597 -1.086353
v -1.995041 1.206928 -1.067457
v -1.989040 1.224323 -1.046960
v -1.980816 1.240345 -1.025385
v -1.970711 1.254758 -1.003268
v -1.998662 1.190203 -1.087691
v -1.994606 1.207277 -1.072547
v -1.990568 1.222932 -1.056441
v -1.985243 1.237296 -1.039335
v -1.977998 1.250369 -1.021503
v -1.968850 1.262030 -1.003346
v -1.995041 1.212879 -1.072416
v -1.990153 1.226709 -1.059487
v -1.985946 1.239152 -1.045983
v -1.981172 1.250311 -1.032031
v -1.974860 1.260387 -1.017749
v -1.966748 1.269486 -1.003329
v -1.989040 1.237476 -1.057920
v -1.984659 1.247104 -1.047438
v -1.980873 1.255746 -1.036509
v -1.976698 1.263422 -1.025459
v -1.971288 1.270419 -1.014378
v -1.964211 1.277086 -1.003285
v -1.980816 1.263366 -1.044568
v -1.977584 1.268322 -1.036397
v -1.974609 1.272744 -1.027966
v -1.971226 1.276641 -1.019542
v -1.966897 1.280287 -1.011292
v -1.961214 1.284294 -1.003270
v -1.900000 1.291520 -0.918894
v -1.900000 1.295866 -0.934144
v -1.900000 1.303068 -0.948633
v -1.900000 1.312935 -0.961978
v -1.900000 1.325053 -0.973979
v -1.915577 1.288300 -0.920183
v -1.915300 1.289406 -0.934455
v -1.915215 1.293080 -0.947477
v -1.915185 1.299243 -0.959441
v -1.915144 1.307568 -0.970329
v -1.915120 1.317688 -0.980038
v -1.930853 1.283955 -0.939079
v -1.930285 1.285648 -0.950639
v -1.930027 1.289409 -0.960989
v -1.929813 1.294992 -0.970283
v -1.929579 1.302053 -0.978676
v -1.929453 1.310252 -0.986252
v -1.945348 1.276753 -0.959577
v -1.944455 1.279714 -0.967625
v -1.943844 1.284183 -0.974813
v -1.943129 1.289767 -0.981206
v -1.942390 1.296066 -0.987033
v -1.942002 1.302703 -0.992585
v -1.958700 1.266885 -0.981152
v -1.957405 1.271751 -0.985295
v -1.956177 1.277439 -0.988972
v -1.954639 1.283649 -0.992218
v -1.952958 1.289900 -0.995255
v -1.951918 1.295515 -0.998592
v -1.624500 1.409906 1.003268
v -1.524500 1.409906 0.903268
v -1.624500 1.289906 0.903268
v -1.608856 1.409906 1.002037
v -1.593600 1.409906 0.998374
v -1.579100 1.409906 0.992368
v -1.565722 1.409906 0.984170
v -1.553790 1.409906 0.973979
v -1.624500 1.391133 1.002037
v -1.608375 1.390742 1.000659
v -1.592704 1.390628 0.996707
v -1.578411 1.390671 0.990554
v -1.565749 1.390768 0.982602
v -1.554728 1.390831 0.973119
v -1.624500 1.372825 0.998374
v -1.608253 1.371895 0.996717
v -1.592616 1.371859 0.992588
v -1.578852 1.372411 0.986574
v -1.567129 1.373045 0.979195
v -1.557173 1.373390 0.970655
v -1.624500 1.355425 0.992368
v -1.608336 1.354590 0.990525
v -1.593104 1.355165 0.986535
v -1.580082 1.356664 0.981105
v -1.569362 1.358183 0.974696
v -1.560484 1.358972 0.967301
v -1.624500 1.339372 0.984170
v -1.608479 1.339311 0.982530
v -1.593704 1.341003 0.979127
v -1.581368 1.343734 0.974674
v -1.571601 1.346429 0.969627
v -1.563946 1.347945 0.963824
v -1.566765 1.340623 0.961003
v -1.525732 1.391133 0.903268
v -1.529394 1.372825 0.903268
v -1.535400 1.355425 0.903268
v -1.543598 1.339372 0.903268
v -1.553790 1.325053 0.903268
v -1.525732 1.409906 0.918912
v -1.527110 1.390556 0.919238
v -1.531061 1.371750 0.919332
v -1.537214 1.354599 0.919296
v -1.545166 1.339404 0.919216
v -1.554650 1.326179 0.919164
v -1.529394 1.409906 0.934168
v -1.531052 1.390409 0.934944
v -1.535180 1.371644 0.934973
v -1.541194 1.355127 0.934514
v -1.548573 1.341060 0.933985
v -1.557113 1.329113 0.933697
v -1.535400 1.409906 0.948668
v -1.537243 1.390509 0.949364
v -1.541233 1.372230 0.948885
v -1.546664 1.356604 0.947636
v -1.553072 1.343740 0.946370
v -1.560467 1.333086 0.945713
v -1.543598 1.409906 0.962046
v -1.545238 1.390680 0.962097
v -1.548641 1.372950 0.960686
v -1.553094 1.358147 0.958411
v -1.558141 1.346426 0.956165
v -1.563944 1.337240 0.954901
v -1.624500 1.291383 0.918912
v -1.624500 1.295778 0.934168
v -1.624500 1.302986 0.948668
v -1.624500 1.312823 0.962046
v -1.624500 1.325053 0.973979
v -1.608856 1.291383 0.903268
v -1.608531 1.293037 0.919393
v -1.608436 1.297778 0.935064
v -1.608472 1.305162 0.949357
v -1.608552 1.314704 0.962019
v -1.608605 1.326085 0.973040
v -1.593600 1.295778 0.903268
v -1.592824 1.297767 0.919515
v -1.592795 1.302721 0.935153
v -1.593254 1.309938 0.948917
v -1.593783 1.318792 0.960639
v -1.594071 1.329041 0.970595
v -1.579100 1.302986 0.903268
v -1.578404 1.305196 0.919432
v -1.578883 1.309985 0.934664
v -1.580133 1.316501 0.947686
v -1.581398 1.324192 0.958406
v -1.582055 1.333065 0.967284
v -1.565722 1.312823 0.903268
v -1.565672 1.314791 0.919289
v -1.567082 1.318874 0.934064
v -1.569357 1.324218 0.946400
v -1.571604 1.330274 0.956168
v -1.572867 1.337238 0.963822
v -1.624500 1.590108 1.003268
v -1.624500 1.710108 0.903268
v -1.524500 1.590108 0.903268
v -1.624501 1.608881 1.002037
v -1.624501 1.627189 0.998374
v -1.624501 1.644589 0.992368
v -1.624501 1.660642 0.984170
v -1.624501 1.674961 0.973979
v -1.608856 1.590108 1.002037
v -1.608531 1.609458 1.000659
v -1.608436 1.628264 0.996707
v -1.608472 1.645415 0.990554
v -1.608552 1.660609 0.982602
v -1.608605 1.673835 0.973119
v -1.593600 1.590108 0.998374
v -1.592825 1.609605 0.996717
v -1.592795 1.628370 0.992588
v -1.593255 1.644887 0.986574
v -1.593784 1.658954 0.979195
v -1.594071 1.670901 0.970655
v -1.579100 1.590108 0.992368
v -1.578405 1.609505 0.990525
v -1.578884 1.627784 0.986535
v -1.580133 1.643410 0.981105
v -1.581398 1.656274 0.974696
v -1.582056 1.666928 0.967301
v -1.565723 1.590108 0.984170
v -1.565672 1.609334 0.982530
v -1.567082 1.627064 0.979127
v -1.569358 1.641867 0.974674
v -1.571604 1.653588 0.969627
v -1.572867 1.662774 0.963824
v -1.566765 1.659390 0.961003
v -1.608856 1.708631 0.903268
v -1.593600 1.704236 0.903268
v -1.579100 1.697028 0.903268
v -1.565723 1.687191 0.903268
v -1.553790 1.674961 0.903268
v -1.624501 1.708631 0.918912
v -1.608375 1.706977 0.919238
v -1.592704 1.702236 0.919332
v -1.578411 1.694852 0.919296
v -1.565750 1.685310 0.919216
v -1.554728 1.673929 0.919164
v -1.624501 1.704236 0.934168
v -1.608253 1.702247 0.934944
v -1.592616 1.697293 0.934973
v -1.578852 1.690075 0.934514
v -1.567129 1.681221 0.933985
v -1.557173 1.670973 0.933697
v -1.624501 1.697028 0.948668
v -1.608337 1.694817 0.949364
v -1.593104 1.690029 0.948885
v -1.580083 1.683512 0.947636
v -1.569362 1.675822 0.946370
v -1.560484 1.666949 0.945713
v -1.624501 1.687191 0.962046
v -1.608479 1.685223 0.962097
v -1.593704 1.681140 0.960686
v -1.581369 1.675796 0.958411
v -1.571601 1.669739 0.956165
v -1.563946 1.662776 0.954901
v -1.525732 1.590108 0.918912
v -1.529394 1.590108 0.934168
v -1.535401 1.590108 0.948668
v -1.543598 1.590108 0.962046
v -1.553790 1.590108 0.973979
v -1.525732 1.608881 0.903268
v -1.527110 1.609272 0.919393
v -1.531061 1.609386 0.935064
v -1.537214 1.609342 0.949357
v -1.545166 1.609246 0.962019
v -1.554650 1.609183 0.973040
v -1.529394 1.627189 0.903268
v -1.531052 1.628119 0.919515
v -1.535180 1.628155 0.935153
v -1.541195 1.627603 0.948917
v -1.548573 1.626968 0.960639
v -1.557113 1.626624 0.970595
v -1.535401 1.644589 0.903268
v -1.537243 1.645423 0.919432
v -1.541234 1.644848 0.934664
v -1.546664 1.643350 0.947686
v -1.553072 1.641831 0.958406
v -1.560467 1.641042 0.967284
v -1.543598 1.660642 0.903268
v -1.545238 1.660703 0.919289
v -1.548641 1.659011 0.934064
v -1.553094 1.656280 0.946400
v -1.558141 1.653584 0.956168
v -1.563944 1.652069 0.963822
v -1.624500 1.710108 -0.903268
v -1.624500 1.590108 -1.003268
v -1.524500 1.590108 -0.903268
v -1.624501 1.708631 -0.918912
v -1.624501 1.704236 -0.934168
v -1.624501 1.697028 -0.948668
v -1.624501 1.687191 -0.962046
v -1.624501 1.674961 -0.973979
v -1.608856 1.708631 -0.903268
v -1.608531 1.706977 -0.919393
v -1.608436 1.702236 -0.935064
v -1.608472 1.694852 -0.949357
v -1.608552 1.685310 -0.962019
v -1.608605 1.673929 -0.973040
v -1.593600 1.704236 -0.903268
v -1.592825 1.702247 -0.919515
v -1.592795 1.697293 -0.935153
v -1.593255 1.690075 -0.948917
v -1.593784 1.681221 -0.960639
v -1.594071 1.670973 -0.970595
v -1.579100 1.697028 -0.903268
v -1.578405 1.694817 -0.919432
v -1.578884 1.690029 -0.934664
v -1.580133 1.683512 -0.947686
v -1.581398 1.675822 -0.958406
v -1.582056 1.666949 -0.967284
v -1.565723 1.687191 -0.903268
v -1.565672 1.685223 -0.919289
v -1.567082 1.681140 -0.934064
v -1.569358 1.675796 -0.946400
v -1.571604 1.669739 -0.956168
v -1.572867 1.662776 -0.963822
v -1.566765 1.659390 -0.961003
v -1.608856 1.590108 -1.002037
v -1.593600 1.590108 -0.998374
v -1.579100 1.590108 -0.992368
v -1.565723 1.590108 -0.984170
v -1.553790 1.590108 -0.973979
v -1.624501 1.608881 -1.002037
v -1.608375 1.609272 -1.000659
v -1.592704 1.609386 -0.996707
v -1.578411 1.609342 -0.990554
v -1.565750 1.609246 -0.982602
v -1.554728 1.609183 -0.973119
v -1.624501 1.627189 -0.998374
v -1.608253 1.628119 -0.996717
v -1.592616 1.628155 -0.992588
v -1.578852 1.627603 -0.986574
v -1.567129 1.626969 -0.979195
v -1.557173 1.626624 -0.970655
v -1.624501 1.644589 -0.992368
v -1.608337 1.645423 -0.990525
v -1.593104 1.644848 -0.986535
v -1.580083 1.643350 -0.981105
v -1.569362 1.641831 -0.974696
v -1.560484 1.641042 -0.967301
v -1.624501 1.660642 -0.984170
v -1.608479 1.660703 -0.982530
v -1.593704 1.659011 -0.979127
v -1.581369 1.656280 -0.974674
v -1.571601 1.653584 -0.969627
v -1.563946 1.652069 -0.963824
v -1.525732 1.608881 -0.903268
v -1.529394 1.627189 -0.903268
v -1.535401 1.644589 -0.903268
v -1.543598 1.660642 -0.903268
v -1.553790 1.674961 -0.903268
v -1.525732 1.590108 -0.918912
v -1.527110 1.609458 -0.919238
v -1.531061 1.628264 -0.919332
v -1.537214 1.645415 -0.919296
v -1.545166 1.660609 -0.919216
v -1.554650 1.673835 -0.919164
v -1.529394 1.590108 -0.934168
v -1.531052 1.609605 -0.934944
v -1.535180 1.628370 -0.934973
v -1.541195 1.644887 -0.934514
v -1.548573 1.658954 -0.933985
v -1.557113 1.670901 -0.933697
v -1.535401 1.590108 -0.948668
v -1.537243 1.609505 -0.949364
v -1.541234 1.627784 -0.948885
v -1.546664 1.643410 -0.947636
v -1.553072 1.656274 -0.946370
v -1.560467 1.666928 -0.945713
v -1.543598 1.590108 -0.962046
v -1.545238 1.609334 -0.962097
v -1.548641 1.627064 -0.960686
v -1.553094 1.641867 -0.958411
v -1.558141 1.653588 -0.956165
v -1.563944 1.662774 -0.954901
v -1.624500 1.409906 -1.003268
v -1.624500 1.289906 -0.903268
v -1.524500 1.409906 -0.903268
v -1.624501 1.391133 -1.002037
v -1.624501 1.372825 -0.998374
v -1.624501 1.355425 -0.992368
v -1.624501 1.339372 -0.984170
v -1.624501 1.325053 -0.973979
v -1.608856 1.409906 -1.002037
v -1.608531 1.390556 -1.000659
v -1.608436 1.371750 -0.996707
v -1.608472 1.354599 -0.990554
v -1.608552 1.339404 -0.982602
v -1.608605 1.326179 -0.973119
v -1.593600 1.409906 -0.998374
v -1.592825 1.390409 -0.996717
v -1.592795 1.371644 -0.992588
v -1.593255 1.355127 -0.986574
v -1.593784 1.341060 -0.979195
v -1.594071 1.329113 -0.970655
v -1.579100 1.409906 -0.992368
v -1.578405 1.390509 -0.990525
v -1.578884 1.372230 -0.986535
v -1.580133 1.356604 -0.981105
v -1.581398 1.343740 -0.974696
v -1.582056 1.333086 -0.967301
v -1.565723 1.409906 -0.984170
v -1.565672 1.390680 -0.982530
v -1.567082 1.372950 -0.979127
v -1.569358 1.358147 -0.974674
v -1.571604 1.346426 -0.969627
v -1.572867 1.337240 -0.963824
v -1.566765 1.340623 -0.961003
v -1.608856 1.291383 -0.903268
v -1.593600 1.295778 -0.903268
v -1.579100 1.302986 -0.903268
v -1.565723 1.312823 -0.903268
v -1.553790 1.325053 -0.903268
v -1.624501 1.291383 -0.918912
v -1.608375 1.293037 -0.919238
v -1.592704 1.297778 -0.919332
v -1.578411 1.305162 -0.919296
v -1.565750 1.314704 -0.919216
v -1.554728 1.326085 -0.919164
v -1.624501 1.295778 -0.934168
v -1.608253 1.297767 -0.934944
v -1.592616 1.302721 -0.934973
v -1.578852 1.309938 -0.934514
v -1.567129 1.318792 -0.933985
v -1.557173 1.329041 -0.933697
v -1.624501 1.302986 -0.948668
v -1.608337 1.305196 -0.949364
v -1.593104 1.309985 -0.948885
v -1.580083 1.316501 -0.947636
v -1.569362 1.324192 -0.946370
v -1.560484 1.333065 -0.945713
v -1.624501 1.312823 -0.962046
v -1.608479 1.314791 -0.962097
v -1.593704 1.318874 -0.960686
v -1.581369 1.324218 -0.958411
v -1.571601 1.330274 -0.956165
v -1.563946 1.337238 -0.954901
v -1.525732 1.409906 -0.918912
v -1.529394 1.409906 -0.934168
v -1.535401 1.409906 -0.948668
v -1.543598 1.409906 -0.962046
v -1.553790 1.409906 -0.973979
v -1.525732 1.391133 -0.903268
v -1.527110 1.390742 -0.919393
v -1.531061 1.390628 -0.935064
v -1.537214 1.390671 -0.949357
v -1.545166 1.390768 -0.962019
v -1.554650 1.390831 -0.973040
v -1.529394 1.372825 -0.903268
v -1.531052 1.371895 -0.919515
v -1.535180 1.371859 -0.935153
v -1.541195 1.372411 -0.948917
v -1.548573 1.373045 -0.960639
v -1.557113 1.373390 -0.970595
v -1.535401 1.355425 -0.903268
v -1.537243 1.354590 -0.919432
v -1.541234 1.355165 -0.934664
v -1.546664 1.356664 -0.947686
v -1.553072 1.358183 -0.958406
v -1.560467 1.358972 -0.967284
v -1.543598 1.339372 -0.903268
v -1.545238 1.339311 -0.919289
v -1.548641 1.341003 -0.934064
v -1.553094 1.343734 -0.946400
v -1.558141 1.346429 -0.956168
v -1.563944 1.347945 -0.963822
vn 1.0000 -0.0000 -0.0000
vn -1.0000 -0.0000 -0.0000
vn -0.0000 -0.0000 1.0000
vn -0.0000 1.0000 -0.0000
vn -0.0000 -0.0000 -1.0000
vn -0.0000 -1.0000 -0.0000
vn 0.0808 0.0674 -0.9944
vn 0.0825 0.2001 -0.9763
vn 0.0823 0.3309 -0.9401
vn 0.0822 0.4577 -0.8853
vn 0.0829 0.5794 -0.8109
vn 0.2376 0.0690 -0.9689
vn 0.2423 0.2032 -0.9487
vn 0.2437 0.3328 -0.9110
vn 0.2442 0.4540 -0.8569
vn 0.2463 0.5664 -0.7865
vn 0.3879 0.0680 -0.9192
vn 0.3927 0.2014 -0.8973
vn 0.3916 0.3271 -0.8601
vn 0.3882 0.4403 -0.8096
vn 0.3877 0.5419 -0.7456
vn 0.5262 0.0663 -0.8478
vn 0.5264 0.1974 -0.8270
vn 0.5184 0.3179 -0.7939
vn 0.5069 0.4225 -0.7514
vn 0.4992 0.5129 -0.6984
vn 0.6498 0.0647 -0.7574
vn 0.6422 0.1940 -0.7416
vn 0.6253 0.3107 -0.7159
vn 0.6037 0.4081 -0.6848
vn 0.5820 0.4850 -0.6528
vn 0.0967 0.9906 -0.0966
vn 0.2817 0.9546 -0.0968
vn 0.4501 0.8881 -0.0933
vn 0.5948 0.7989 -0.0891
vn 0.7145 0.6944 -0.0852
vn 0.0979 0.9547 -0.2810
vn 0.2829 0.9170 -0.2811
vn 0.4479 0.8513 -0.2732
vn 0.5853 0.7672 -0.2623
vn 0.6966 0.6716 -0.2524
vn 0.0947 0.8881 -0.4498
vn 0.2751 0.8512 -0.4470
vn 0.4331 0.7910 -0.4321
vn 0.5617 0.7171 -0.4126
vn 0.6639 0.6344 -0.3959
vn 0.0899 0.7987 -0.5949
vn 0.2635 0.7666 -0.5855
vn 0.4133 0.7167 -0.5617
vn 0.5326 0.6578 -0.5325
vn 0.6260 0.5919 -0.5077
vn 0.0854 0.6942 -0.7147
vn 0.2528 0.6709 -0.6971
vn 0.3961 0.6339 -0.6643
vn 0.5078 0.5918 -0.6261
vn 0.5899 0.5514 -0.5899
vn 0.9944 0.0674 -0.0809
vn 0.9688 0.0682 -0.2383
vn 0.9191 0.0671 -0.3882
vn 0.8479 0.0656 -0.5261
vn 0.7576 0.0645 -0.6495
vn 0.9763 0.1996 -0.0834
vn 0.9486 0.2019 -0.2438
vn 0.8973 0.2000 -0.3934
vn 0.8274 0.1965 -0.5261
vn 0.7423 0.1937 -0.6415
vn 0.9401 0.3306 -0.0835
vn 0.9108 0.3321 -0.2453
vn 0.8600 0.3263 -0.3924
vn 0.7942 0.3173 -0.5183
vn 0.7164 0.3104 -0.6248
vn 0.8851 0.4578 -0.0830
vn 0.8564 0.4542 -0.2453
vn 0.8092 0.4404 -0.3889
vn 0.7513 0.4224 -0.5070
vn 0.6850 0.4080 -0.6036
vn 0.8107 0.5796 -0.0831
vn 0.7858 0.5671 -0.2467
vn 0.7452 0.5423 -0.3880
vn 0.6983 0.5130 -0.4993
vn 0.6528 0.4850 -0.5820
vn 0.0966 -0.9906 -0.0966
vn 0.0968 -0.9546 -0.2817
vn 0.0933 -0.8881 -0.4502
vn 0.0891 -0.7989 -0.5948
vn 0.0852 -0.6944 -0.7145
vn 0.2810 -0.9547 -0.0979
vn 0.2811 -0.9170 -0.2829
vn 0.2732 -0.8513 -0.4479
vn 0.2623 -0.7672 -0.5853
vn 0.2524 -0.6716 -0.6966
vn 0.4497 -0.8881 -0.0947
vn 0.4470 -0.8512 -0.2751
vn 0.4321 -0.7910 -0.4331
vn 0.4126 -0.7172 -0.5616
vn 0.3959 -0.6344 -0.6639
vn 0.5949 -0.7987 -0.0899
vn 0.5855 -0.7666 -0.2635
vn 0.5617 -0.7167 -0.4133
vn 0.5325 -0.6578 -0.5326
vn 0.5077 -0.5919 -0.6260
vn 0.7147 -0.6942 -0.0854
vn 0.6971 -0.6709 -0.2528
vn 0.6643 -0.6339 -0.3961
vn 0.6261 -0.5918 -0.5078
vn 0.5899 -0.5514 -0.5899
vn 0.0808 -0.0674 -0.9944
vn 0.2383 -0.0682 -0.9688
vn 0.3882 -0.0671 -0.9191
vn 0.5261 -0.0656 -0.8479
vn 0.6495 -0.0645 -0.7576
vn 0.0834 -0.1996 -0.9763
vn 0.2438 -0.2019 -0.9486
vn 0.3934 -0.2000 -0.8973
vn 0.5261 -0.1965 -0.8274
vn 0.6415 -0.1937 -0.7423
vn 0.0835 -0.3306 -0.9401
vn 0.2453 -0.3321 -0.9108
vn 0.3924 -0.3263 -0.8600
vn 0.5183 -0.3173 -0.7942
vn 0.6248 -0.3104 -0.7164
vn 0.0830 -0.4578 -0.8851
vn 0.2453 -0.4542 -0.8564
vn 0.3889 -0.4404 -0.8092
vn 0.5070 -0.4224 -0.7514
vn 0.6036 -0.4080 -0.6850
vn 0.0831 -0.5796 -0.8107
vn 0.2467 -0.5671 -0.7858
vn 0.3880 -0.5423 -0.7452
vn 0.4993 -0.5130 -0.6983
vn 0.5819 -0.4850 -0.6528
vn 0.9944 -0.0674 -0.0809
vn 0.9763 -0.2001 -0.0825
vn 0.9401 -0.3309 -0.0823
vn 0.8853 -0.4577 -0.0822
vn 0.8109 -0.5794 -0.0829
vn 0.9689 -0.0690 -0.2376
vn 0.9487 -0.2032 -0.2423
vn 0.9110 -0.3328 -0.2437
vn 0.8569 -0.4540 -0.2442
vn 0.7865 -0.5664 -0.2463
vn 0.9192 -0.0680 -0.3879
vn 0.8973 -0.2014 -0.3927
vn 0.8601 -0.3270 -0.3915
vn 0.8096 -0.4403 -0.3882
vn 0.7457 -0.5419 -0.3877
vn 0.8478 -0.0663 -0.5262
vn 0.8270 -0.1974 -0.5264
vn 0.7938 -0.3179 -0.5184
vn 0.7514 -0.4225 -0.5069
vn 0.6984 -0.5129 -0.4992
vn 0.7574 -0.0647 -0.6498
vn 0.7416 -0.1940 -0.6422
vn 0.7159 -0.3107 -0.6252
vn 0.6848 -0.4081 -0.6037
vn 0.6528 -0.4850 -0.5820
vn 0.0808 0.0674 0.9944
vn 0.2383 0.0682 0.9688
vn 0.3882 0.0671 0.9191
vn 0.5261 0.0656 0.8479
vn 0.6495 0.0645 0.7576
vn 0.0834 0.1996 0.9763
vn 0.2438 0.2019 0.9486
vn 0.3934 0.2000 0.8973
vn 0.5261 0.1965 0.8274
vn 0.6415 0.1937 0.7423
vn 0.0835 0.3306 0.9401
vn 0.2453 0.3321 0.9108
vn 0.3924 0.3263 0.8600
vn 0.5183 0.3173 0.7942
vn 0.6248 0.3104 0.7164
vn 0.0830 0.4578 0.8851
vn 0.2453 0.4542 0.8564
vn 0.3889 0.4404 0.8092
vn 0.5070 0.4224 0.7514
vn 0.6036 0.4080 0.6850
vn 0.0831 0.5796 0.8107
vn 0.2467 0.5671 0.7858
vn 0.3880 0.5423 0.7452
vn 0.4993 0.5130 0.6983
vn 0.5820 0.4850 0.6528
vn 0.9944 0.0674 0.0809
vn 0.9763 0.2001 0.0825
vn 0.9401 0.3309 0.0823
vn 0.8853 0.4577 0.0822
vn 0.8109 0.5794 0.0829
vn 0.9689 0.0690 0.2376
vn 0.9487 0.2032 0.2423
vn 0.9110 0.3328 0.2437
vn 0.8569 0.4540 0.2442
vn 0.7865 0.5664 0.2463
vn 0.9192 0.0680 0.3879
vn 0.8973 0.2014 0.3927
vn 0.8601 0.3270 0.3915
vn 0.8096 0.4403 0.3882
vn 0.7457 0.5419 0.3877
vn 0.8478 0.0663 0.5262
vn 0.8270 0.1974 0.5264
vn 0.7938 0.3179 0.5184
vn 0.7514 0.4225 0.5069
vn 0.6984 0.5129 0.4992
vn 0.7574 0.0647 0.6498
vn 0.7416 0.1940 0.6422
vn 0.7159 0.3107 0.6252
vn 0.6848 0.4081 0.6037
vn 0.6528 0.4850 0.5820
vn 0.0966 0.9906 0.0966
vn 0.0968 0.9546 0.2817
vn 0.0933 0.8881 0.4502
vn 0.0891 0.7989 0.5948
vn 0.0852 0.6944 0.7145
vn 0.2810 0.9547 0.0979
vn 0.2811 0.9170 0.2829
vn 0.2732 0.8513 0.4479
vn 0.2623 0.7672 0.5853
vn 0.2524 0.6716 0.6966
vn 0.4497 0.8881 0.0947
vn 0.4470 0.8512 0.2751
vn 0.4321 0.7910 0.4331
vn 0.4126 0.7172 0.5616
vn 0.3959 0.6344 0.6639
vn 0.5949 0.7987 0.0899
vn 0.5855 0.7666 0.2635
vn 0.5617 0.7167 0.4133
vn 0.5325 0.6578 0.5326
vn 0.5077 0.5919 0.6260
vn 0.7147 0.6942 0.0854
vn 0.6971 0.6709 0.2528
vn 0.6643 0.6339 0.3961
vn 0.6261 0.5918 0.5078
vn 0.5899 0.5514 0.5899
vn 0.9944 -0.0674 0.0809
vn 0.9688 -0.0682 0.2383
vn 0.9191 -0.0671 0.3882
vn 0.8479 -0.0656 0.5261
vn 0.7576 -0.0645 0.6495
vn 0.9763 -0.1996 0.0834
vn 0.9486 -0.2019 0.2438
vn 0.8973 -0.2000 0.3934
vn 0.8274 -0.1965 0.5261
vn 0.7423 -0.1937 0.6415
vn 0.9401 -0.3306 0.0835
vn 0.9108 -0.3321 0.2453
vn 0.8600 -0.3263 0.3924
vn 0.7942 -0.3173 0.5183
vn 0.7164 -0.3104 0.6248
vn 0.8851 -0.4578 0.0830
vn 0.8564 -0.4542 0.2453
vn 0.8092 -0.4404 0.3889
vn 0.7513 -0.4224 0.5070
vn 0.6850 -0.4080 0.6036
vn 0.8107 -0.5796 0.0831
vn 0.7858 -0.5671 0.2467
vn 0.7452 -0.5423 0.3880
vn 0.6983 -0.5130 0.4993
vn 0.6528 -0.4850 0.5820
vn 0.0808 -0.0674 0.9944
vn 0.0825 -0.2001 0.9763
vn 0.0823 -0.3309 0.9401
vn 0.0822 -0.4577 0.8853
vn 0.0829 -0.5794 0.8109
vn 0.2376 -0.0690 0.9689
vn 0.2423 -0.2032 0.9487
vn 0.2437 -0.3328 0.9110
vn 0.2442 -0.4540 0.8569
vn 0.2463 -0.5664 0.7864
vn 0.3879 -0.0680 0.9192
vn 0.3927 -0.2014 0.8973
vn 0.3916 -0.3271 0.8601
vn 0.3882 -0.4403 0.8096
vn 0.3877 -0.5419 0.7457
vn 0.5262 -0.0663 0.8478
vn 0.5264 -0.1974 0.8270
vn 0.5184 -0.3179 0.7939
vn 0.5069 -0.4225 0.7514
vn 0.4992 -0.5129 0.6984
vn 0.6498 -0.0647 0.7574
vn 0.6422 -0.1940 0.7416
vn 0.6253 -0.3107 0.7159
vn 0.6037 -0.4081 0.6848
vn 0.5820 -0.4850 0.6528
vn 0.0967 -0.9906 0.0966
vn 0.2817 -0.9546 0.0968
vn 0.4501 -0.8881 0.0933
vn 0.5948 -0.7989 0.0891
vn 0.7145 -0.6944 0.0852
vn 0.0979 -0.9547 0.2810
vn 0.2829 -0.9170 0.2811
vn 0.4479 -0.8513 0.2732
vn 0.5853 -0.7672 0.2623
vn 0.6966 -0.6716 0.2524
vn 0.0947 -0.8881 0.4498
vn 0.2751 -0.8512 0.4470
vn 0.4331 -0.7910 0.4321
vn 0.5617 -0.7171 0.4126
vn 0.6639 -0.6344 0.3959
vn 0.0899 -0.7987 0.5949
vn 0.2635 -0.7666 0.5855
vn 0.4133 -0.7167 0.5617
vn 0.5326 -0.6578 0.5325
vn 0.6260 -0.5919 0.5077
vn 0.0854 -0.6942 0.7147
vn 0.2528 -0.6709 0.6971
vn 0.3961 -0.6339 0.6643
vn 0.5078 -0.5918 0.6261
vn 0.5899 -0.5514 0.5899
vn -0.0966 0.9906 -0.0966
vn -0.0968 0.9546 -0.2817
vn -0.0933 0.8881 -0.4502
vn -0.0891 0.7989 -0.5948
vn -0.0852 0.6944 -0.7145
vn -0.2810 0.9547 -0.0979
vn -0.2811 0.9170 -0.2829
vn -0.2732 0.8513 -0.4479
vn -0.2623 0.7672 -0.5853
vn -0.2524 0.6716 -0.6966
vn -0.4497 0.8881 -0.0947
vn -0.4470 0.8512 -0.2751
vn -0.4321 0.7910 -0.4331
vn -0.4126 0.7172 -0.5616
vn -0.3959 0.6344 -0.6639
vn -0.5949 0.7987 -0.0899
vn -0.5855 0.7666 -0.2635
vn -0.5617 0.7167 -0.4133
vn -0.5325 0.6578 -0.5326
vn -0.5077 0.5919 -0.6260
vn -0.7147 0.6942 -0.0854
vn -0.6971 0.6709 -0.2528
vn -0.6643 0.6339 -0.3961
vn -0.6261 0.5918 -0.5078
vn -0.5899 0.5514 -0.5899
vn -0.0808 0.0674 -0.9944
vn -0.2383 0.0682 -0.9688
vn -0.3882 0.0671 -0.9191
vn -0.5261 0.0656 -0.8479
vn -0.6495 0.0645 -0.7576
vn -0.0834 0.1996 -0.9763
vn -0.2438 0.2019 -0.9486
vn -0.3934 0.2000 -0.8973
vn -0.5261 0.1965 -0.8274
vn -0.6415 0.1937 -0.7423
vn -0.0835 0.3306 -0.9401
vn -0.2453 0.3321 -0.9108
vn -0.3924 0.3263 -0.8600
vn -0.5183 0.3173 -0.7942
vn -0.6248 0.3104 -0.7164
vn -0.0830 0.4578 -0.8851
vn -0.2453 0.4542 -0.8564
vn -0.3889 0.4404 -0.8092
vn -0.5070 0.4224 -0.7514
vn -0.6036 0.4080 -0.6850
vn -0.0831 0.5796 -0.8107
vn -0.2467 0.5671 -0.7858
vn -0.3880 0.5423 -0.7452
vn -0.4993 0.5130 -0.6983
vn -0.5819 0.4850 -0.6528
vn -0.9944 0.0674 -0.0809
vn -0.9763 0.2001 -0.0825
vn -0.9401 0.3309 -0.0823
vn -0.8853 0.4577 -0.0822
vn -0.8109 0.5794 -0.0829
vn -0.9689 0.0690 -0.2376
vn -0.9487 0.2032 -0.2423
vn -0.9110 0.3328 -0.2437
vn -0.8569 0.4540 -0.2442
vn -0.7865 0.5664 -0.2463
vn -0.9192 0.0680 -0.3879
vn -0.8973 0.2014 -0.3927
vn -0.8601 0.3270 -0.3915
vn -0.8096 0.4403 -0.3882
vn -0.7457 0.5419 -0.3877
vn -0.8478 0.0663 -0.5262
vn -0.8270 0.1974 -0.5264
vn -0.7938 0.3179 -0.5184
vn -0.7514 0.4225 -0.5069
vn -0.6984 0.5129 -0.4992
vn -0.7574 0.0647 -0.6498
vn -0.7416 0.1940 -0.6422
vn -0.7159 0.3107 -0.6252
vn -0.6848 0.4081 -0.6037
vn -0.6528 0.4850 -0.5820
vn -0.0967 -0.9906 -0.0966
vn -0.2817 -0.9546 -0.0968
vn -0.4501 -0.8881 -0.0933
vn -0.5948 -0.7989 -0.0891
vn -0.7145 -0.6944 -0.0852
vn -0.0979 -0.9547 -0.2810
vn -0.2829 -0.9170 -0.2811
vn -0.4479 -0.8513 -0.2732
vn -0.5853 -0.7672 -0.2623
vn -0.6966 -0.6716 -0.2524
vn -0.0947 -0.8881 -0.4498
vn -0.2751 -0.8512 -0.4470
vn -0.4331 -0.7910 -0.4321
vn -0.5617 -0.7171 -0.4126
vn -0.6639 -0.6344 -0.3959
vn -0.0899 -0.7987 -0.5949
vn -0.2635 -0.7666 -0.5855
vn -0.4133 -0.7167 -0.5617
vn -0.5326 -0.6578 -0.5325
vn -0.6260 -0.5919 -0.5077
vn -0.0854 -0.6942 -0.7147
vn -0.2528 -0.6709 -0.6971
vn -0.3961 -0.6339 -0.6643
vn -0.5078 -0.5918 -0.6261
vn -0.5899 -0.5514 -0.5899
vn -0.9944 -0.0674 -0.0809
vn -0.9688 -0.0682 -0.2383
vn -0.9191 -0.0671 -0.3882
vn -0.8479 -0.0656 -0.5261
vn -0.7576 -0.0645 -0.6495
vn -0.9763 -0.1996 -0.0834
vn -0.9486 -0.2019 -0.2438
vn -0.8973 -0.2000 -0.3934
vn -0.8274 -0.1965 -0.5261
vn -0.7422 -0.1937 -0.6415
vn -0.9401 -0.3306 -0.0835
vn -0.9108 -0.3321 -0.2453
vn -0.8600 -0.3263 -0.3924
vn -0.7942 -0.3173 -0.5183
vn -0.7164 -0.3104 -0.6248
vn -0.8851 -0.4578 -0.0830
vn -0.8564 -0.4542 -0.2453
vn -0.8092 -0.4404 -0.3889
vn -0.7513 -0.4224 -0.5070
vn -0.6850 -0.4080 -0.6036
vn -0.8107 -0.5796 -0.0831
vn -0.7858 -0.5671 -0.2467
vn -0.7452 -0.5423 -0.3880
vn -0.6983 -0.5130 -0.4993
vn -0.6528 -0.4850 -0.5820
vn -0.0808 -0.0674 -0.9944
vn -0.0825 -0.2001 -0.9763
vn -0.0823 -0.3309 -0.9401
vn -0.0822 -0.4577 -0.8853
vn -0.0829 -0.5794 -0.8109
vn -0.2376 -0.0690 -0.9689
vn -0.2423 -0.2032 -0.9487
vn -0.2437 -0.3328 -0.9110
vn -0.2442 -0.4540 -0.8569
vn -0.2463 -0.5664 -0.7865
vn -0.3879 -0.0680 -0.9192
vn -0.3927 -0.2014 -0.8973
vn -0.3916 -0.3271 -0.8601
vn -0.3882 -0.4403 -0.8096
vn -0.3877 -0.5419 -0.7456
vn -0.5262 -0.0663 -0.8478
vn -0.5264 -0.1974 -0.8270
vn -0.5184 -0.3179 -0.7939
vn -0.5069 -0.4225 -0.7514
vn -0.4992 -0.5129 -0.6984
vn -0.6498 -0.0647 -0.7574
vn -0.6422 -0.1940 -0.7416
vn -0.6252 -0.3107 -0.7159
vn -0.6037 -0.4081 -0.6848
vn -0.5820 -0.4850 -0.6528
vn -0.9944 0.0674 0.0809
vn -0.9688 0.0682 0.2383
vn -0.9191 0.0671 0.3882
vn -0.8479 0.0656 0.5261
vn -0.7576 0.0645 0.6495
vn -0.9763 0.1996 0.0834
vn -0.9486 0.2019 0.2438
vn -0.8973 0.2000 0.3934
vn -0.8274 0.1965 0.5261
vn -0.7423 0.1937 0.6415
vn -0.9401 0.3306 0.0835
vn -0.9108 0.3321 0.2453
vn -0.8600 0.3263 0.3924
vn -0.7942 0.3173 0.5183
vn -0.7164 0.3104 0.6248
vn -0.8851 0.4578 0.0830
vn -0.8564 0.4542 0.2453
vn -0.8092 0.4404 0.3889
vn -0.7513 0.4224 0.5070
vn -0.6850 0.4080 0.6036
vn -0.8107 0.5796 0.0831
vn -0.7858 0.5671 0.2467
vn -0.7452 0.5423 0.3880
vn -0.6983 0.5130 0.4993
vn -0.6528 0.4850 0.5820
vn -0.0808 0.0674 0.9944
vn -0.0825 0.2001 0.9763
vn -0.0823 0.3309 0.9401
vn -0.0822 0.4577 0.8853
vn -0.0829 0.5794 0.8109
vn -0.2376 0.0690 0.9689
vn -0.2423 0.2032 0.9487
vn -0.2437 0.3328 0.9110
vn -0.2442 0.4540 0.8569
vn -0.2463 0.5664 0.7864
vn -0.3879 0.0680 0.9192
vn -0.3927 0.2014 0.8973
vn -0.3916 0.3271 0.8601
vn -0.3882 0.4403 0.8096
vn -0.3877 0.5419 0.7457
vn -0.5262 0.0663 0.8478
vn -0.5264 0.1974 0.8270
vn -0.5184 0.3179 0.7939
vn -0.5069 0.4225 0.7514
vn -0.4992 0.5129 0.6984
vn -0.6498 0.0647 0.7574
vn -0.6422 0.1940 0.7416
vn -0.6253 0.3107 0.7159
vn -0.6037 0.4081 0.6848
vn -0.5820 0.4850 0.6528
vn -0.0967 0.9906 0.0966
vn -0.2817 0.9546 0.0968
vn -0.4501 0.8881 0.0933
vn -0.5948 0.7989 0.0891
vn -0.7145 0.6944 0.0852
vn -0.0979 0.9547 0.2810
vn -0.2829 0.9170 0.2811
vn -0.4479 0.8513 0.2732
vn -0.5853 0.7672 0.2623
vn -0.6966 0.6716 0.2524
vn -0.0947 0.8881 0.4498
vn -0.2751 0.8512 0.4470
vn -0.4331 0.7910 0.4321
vn -0.5617 0.7171 0.4126
vn -0.6639 0.6344 0.3959
vn -0.0899 0.7987 0.5949
vn -0.2635 0.7666 0.5855
vn -0.4133 0.7167 0.5617
vn -0.5326 0.6578 0.5325
vn -0.6260 0.5919 0.5077
vn -0.0854 0.6942 0.7147
vn -0.2528 0.6709 0.6971
vn -0.3961 0.6339 0.6643
vn -0.5078 0.5918 0.6261
vn -0.5899 0.5514 0.5899
vn -0.0808 -0.0674 0.9944
vn -0.2383 -0.0682 0.9688
vn -0.3882 -0.0671 0.9191
vn -0.5261 -0.0656 0.8479
vn -0.6495 -0.0645 0.7576
vn -0.0834 -0.1996 0.9763
vn -0.2438 -0.2019 0.9486
vn -0.3934 -0.2000 0.8973
vn -0.5261 -0.1965 0.8274
vn -0.6415 -0.1937 0.7423
vn -0.0835 -0.3306 0.9401
vn -0.2453 -0.3321 0.9108
vn -0.3924 -0.3263 0.8600
vn -0.5183 -0.3173 0.7942
vn -0.6248 -0.3104 0.7164
vn -0.0830 -0.4578 0.8851
vn -0.2453 -0.4542 0.8564
vn -0.3889 -0.4404 0.8092
vn -0.5070 -0.4224 0.7514
vn -0.6036 -0.4080 0.6850
vn -0.0831 -0.5796 0.8107
vn -0.2467 -0.5671 0.7858
vn -0.3880 -0.5423 0.7452
vn -0.4993 -0.5130 0.6983
vn -0.5820 -0.4850 0.6528
vn -0.9944 -0.0674 0.0809
vn -0.9763 -0.2001 0.0825
vn -0.9401 -0.3309 0.0823
vn -0.8853 -0.4577 0.0822
vn -0.8109 -0.5794 0.0829
vn -0.9689 -0.0690 0.2376
vn -0.9487 -0.2032 0.2423
vn -0.9110 -0.3328 0.2437
vn -0.8569 -0.4540 0.2442
vn -0.7865 -0.5664 0.2463
vn -0.9192 -0.0680 0.3879
vn -0.8973 -0.2014 0.3927
vn -0.8601 -0.3270 0.3915
vn -0.8096 -0.4403 0.3882
vn -0.7457 -0.5419 0.3877
vn -0.8478 -0.0663 0.5262
vn -0.8270 -0.1974 0.5264
vn -0.7938 -0.3179 0.5184
vn -0.7514 -0.4225 0.5069
vn -0.6984 -0.5129 0.4992
vn -0.7574 -0.0647 0.6498
vn -0.7416 -0.1940 0.6422
vn -0.7159 -0.3107 0.6252
vn -0.6848 -0.4081 0.6037
vn -0.6528 -0.4850 0.5820
vn -0.0966 -0.9906 0.0966
vn -0.0968 -0.9546 0.2817
vn -0.0933 -0.8881 0.4502
vn -0.0891 -0.7989 0.5948
vn -0.0852 -0.6944 0.7145
vn -0.2810 -0.9547 0.0979
vn -0.2811 -0.9170 0.2829
vn -0.2732 -0.8513 0.4479
vn -0.2623 -0.7672 0.5853
vn -0.2524 -0.6716 0.6966
vn -0.4497 -0.8881 0.0947
vn -0.4470 -0.8512 0.2751
vn -0.4321 -0.7910 0.4331
vn -0.4126 -0.7172 0.5616
vn -0.3959 -0.6344 0.6639
vn -0.5949 -0.7987 0.0899
vn -0.5855 -0.7666 0.2635
vn -0.5617 -0.7167 0.4133
vn -0.5325 -0.6578 0.5326
vn -0.5077 -0.5919 0.6260
vn -0.7147 -0.6942 0.0854
vn -0.6971 -0.6709 0.2528
vn -0.6643 -0.6339 0.3961
vn -0.6261 -0.5918 0.5078
vn -0.5899 -0.5514 0.5899
vn -0.4498 -0.8881 0.0947
vn -0.4126 -0.7171 0.5617
vn -0.4993 -0.5130 0.6982
vn -0.9944 -0.0674 0.0808
vn -0.8109 -0.5793 0.0829
vn -0.8601 -0.3270 0.3916
vn -0.7456 -0.5419 0.3877
vn -0.7159 -0.3107 0.6253
vn -0.0829 0.5793 0.8109
vn -0.2463 0.5664 0.7865
vn -0.3916 0.3270 0.8601
vn -0.5184 0.3179 0.7938
vn -0.0966 0.9906 0.0966
vn -0.4502 0.8881 0.0933
vn -0.9944 0.0674 0.0808
vn -0.7514 0.4224 0.5070
vn -0.0966 -0.9906 -0.0966
vn -0.4502 -0.8881 -0.0933
vn -0.9944 -0.0674 -0.0808
vn -0.7423 -0.1937 -0.6415
vn -0.7514 -0.4224 -0.5070
vn -0.0829 -0.5793 -0.8109
vn -0.3916 -0.3270 -0.8601
vn -0.3877 -0.5419 -0.7457
vn -0.5184 -0.3179 -0.7938
vn -0.6253 -0.3107 -0.7159
vn -0.4498 0.8881 -0.0947
vn -0.4126 0.7171 -0.5617
vn -0.4993 0.5130 -0.6982
vn -0.5820 0.4850 -0.6528
vn -0.9944 0.0674 -0.0808
vn -0.8109 0.5793 -0.0829
vn -0.8601 0.3270 -0.3916
vn -0.7456 0.5419 -0.3877
vn -0.7159 0.3107 -0.6253
vn 0.0966 -0.9906 0.0966
vn 0.4502 -0.8881 0.0933
vn 0.9944 -0.0674 0.0808
vn 0.7514 -0.4224 0.5070
vn 0.0829 -0.5793 0.8109
vn 0.2463 -0.5664 0.7865
vn 0.3916 -0.3270 0.8601
vn 0.5184 -0.3179 0.7938
vn 0.4498 0.8881 0.0947
vn 0.4126 0.7171 0.5617
vn 0.4993 0.5130 0.6982
vn 0.9944 0.0674 0.0808
vn 0.8109 0.5793 0.0829
vn 0.8601 0.3270 0.3916
vn 0.7456 0.5419 0.3877
vn 0.7159 0.3107 0.6253
vn 0.4498 -0.8881 -0.0947
vn 0.4126 -0.7171 -0.5617
vn 0.4993 -0.5130 -0.6982
vn 0.5820 -0.4850 -0.6528
vn 0.9944 -0.0674 -0.0808
vn 0.8109 -0.5793 -0.0829
vn 0.8601 -0.3270 -0.3916
vn 0.7456 -0.5419 -0.3877
vn 0.7159 -0.3107 -0.6253
vn 0.0966 0.9906 -0.0966
vn 0.4502 0.8881 -0.0933
vn 0.9944 0.0674 -0.0808
vn 0.7514 0.4224 -0.5070
vn 0.0829 0.5793 -0.8109
vn 0.3916 0.3270 -0.8601
vn 0.3877 0.5419 -0.7457
vn 0.5184 0.3179 -0.7938
vn -0.2106 -0.9699 0.1220
vn -0.4278 -0.8881 0.1679
vn -0.6408 -0.7329 0.2286
vn -0.8028 -0.5186 0.2942
vn -0.8874 -0.3138 0.3378
vn -0.3193 -0.9114 0.2597
vn -0.4651 -0.8467 0.2585
vn -0.6232 -0.7274 0.2871
vn -0.7674 -0.5442 0.3391
vn -0.8608 -0.3371 0.3814
vn -0.4292 -0.8101 0.3995
vn -0.5279 -0.7583 0.3826
vn -0.6337 -0.6686 0.3891
vn -0.7405 -0.5289 0.4146
vn -0.8251 -0.3597 0.4357
vn -0.4949 -0.7020 0.5121
vn -0.5602 -0.6669 0.4914
vn -0.6342 -0.6002 0.4874
vn -0.7138 -0.5023 0.4881
vn -0.7857 -0.3877 0.4820
vn -0.5252 -0.6042 0.5993
vn -0.5637 -0.5877 0.5803
vn -0.6227 -0.5421 0.5643
vn -0.6911 -0.4799 0.5404
vn -0.7549 -0.4133 0.5092
vn -0.9936 -0.0722 0.0866
vn -0.9422 0.0515 0.3311
vn -0.9667 -0.1062 0.2327
vn -0.9592 -0.2283 0.1666
vn -0.9365 -0.2756 0.2168
vn -0.9405 -0.3252 -0.0988
vn -0.9720 -0.0798 0.2210
vn -0.9644 -0.1298 0.2305
vn -0.9519 -0.2385 0.1926
vn -0.9230 -0.3021 0.2382
vn -0.9598 -0.2738 0.0617
vn -0.9663 -0.1304 0.2220
vn -0.9562 -0.1556 0.2478
vn -0.9387 -0.2511 0.2362
vn -0.9018 -0.3255 0.2842
vn -0.9539 -0.2060 0.2182
vn -0.9456 -0.1369 0.2950
vn -0.9329 -0.1709 0.3171
vn -0.9108 -0.2596 0.3212
vn -0.8674 -0.3426 0.3608
vn -0.9305 -0.2061 0.3028
vn -0.9177 -0.1918 0.3479
vn -0.8953 -0.2286 0.3824
vn -0.8633 -0.2972 0.4078
vn -0.8226 -0.3641 0.4367
vn -0.1753 -0.0607 0.9826
vn -0.3303 -0.1816 0.9262
vn -0.4372 -0.2974 0.8488
vn -0.4978 -0.4004 0.7693
vn -0.5250 -0.4930 0.6938
vn -0.3006 -0.0634 0.9516
vn -0.4139 -0.1915 0.8899
vn -0.4891 -0.3084 0.8159
vn -0.5302 -0.4061 0.7443
vn -0.5515 -0.4919 0.6737
vn -0.5010 -0.1104 0.8584
vn -0.5699 -0.2332 0.7879
vn -0.5973 -0.3315 0.7303
vn -0.6066 -0.4099 0.6812
vn -0.6119 -0.4759 0.6318
vn -0.7189 -0.1905 0.6685
vn -0.7368 -0.2920 0.6099
vn -0.7222 -0.3607 0.5901
vn -0.7010 -0.4125 0.5818
vn -0.6865 -0.4528 0.5690
vn -0.8722 -0.2705 0.4076
vn -0.8557 -0.3350 0.3944
vn -0.8253 -0.3788 0.4188
vn -0.7876 -0.4091 0.4608
vn -0.7564 -0.4267 0.4957
vn -0.1774 -0.0857 -0.9804
vn -0.3698 -0.1209 -0.9212
vn -0.5801 -0.1724 -0.7961
vn -0.7682 -0.2347 -0.5956
vn -0.8836 -0.2804 -0.3749
vn -0.2754 -0.1866 -0.9431
vn -0.4087 -0.1893 -0.8928
vn -0.5671 -0.2177 -0.7943
vn -0.7333 -0.2700 -0.6240
vn -0.8584 -0.3169 -0.4034
vn -0.3854 -0.2989 -0.8730
vn -0.4803 -0.2900 -0.8278
vn -0.5908 -0.3023 -0.7480
vn -0.7157 -0.3339 -0.6134
vn -0.8255 -0.3633 -0.4319
vn -0.4642 -0.4003 -0.7901
vn -0.5289 -0.3866 -0.7556
vn -0.6086 -0.3898 -0.6911
vn -0.7005 -0.3992 -0.5916
vn -0.7876 -0.4026 -0.4664
vn -0.5124 -0.4871 -0.7072
vn -0.5504 -0.4722 -0.6886
vn -0.6129 -0.4629 -0.6404
vn -0.6870 -0.4476 -0.5725
vn -0.7565 -0.4252 -0.4970
vn -0.9936 -0.0722 -0.0866
vn -0.9578 -0.2805 0.0628
vn -0.9724 -0.1951 -0.1281
vn -0.9524 -0.1378 -0.2721
vn -0.9277 -0.1789 -0.3276
vn -0.9206 0.0806 -0.3821
vn -0.9779 -0.1853 -0.0964
vn -0.9687 -0.1930 -0.1564
vn -0.9454 -0.1594 -0.2842
vn -0.9127 -0.1963 -0.3584
vn -0.9449 -0.0506 -0.3234
vn -0.9700 -0.1857 -0.1570
vn -0.9601 -0.2074 -0.1874
vn -0.9337 -0.1959 -0.2997
vn -0.8921 -0.2343 -0.3863
vn -0.9520 -0.1815 -0.2466
vn -0.9544 -0.2482 -0.1659
vn -0.9413 -0.2666 -0.2069
vn -0.9116 -0.2679 -0.3118
vn -0.8623 -0.2989 -0.4087
vn -0.9349 -0.2535 -0.2485
vn -0.9274 -0.2929 -0.2326
vn -0.9051 -0.3222 -0.2774
vn -0.8685 -0.3419 -0.3589
vn -0.8226 -0.3640 -0.4369
vn -0.2086 -0.9742 -0.0867
vn -0.3808 -0.8899 -0.2513
vn -0.4832 -0.7817 -0.3944
vn -0.5278 -0.6797 -0.5094
vn -0.5358 -0.5901 -0.6039
vn -0.3530 -0.9313 -0.0894
vn -0.4705 -0.8429 -0.2612
vn -0.5341 -0.7425 -0.4042
vn -0.5579 -0.6526 -0.5128
vn -0.5606 -0.5707 -0.6000
vn -0.5672 -0.8098 -0.1500
vn -0.6240 -0.7189 -0.3064
vn -0.6347 -0.6468 -0.4228
vn -0.6283 -0.5880 -0.5095
vn -0.6188 -0.5324 -0.5776
vn -0.7666 -0.5941 -0.2438
vn -0.7665 -0.5287 -0.3645
vn -0.7407 -0.5043 -0.4439
vn -0.7112 -0.4919 -0.5022
vn -0.6895 -0.4762 -0.5457
vn -0.8804 -0.3428 -0.3277
vn -0.8549 -0.3284 -0.4017
vn -0.8214 -0.3473 -0.4525
vn -0.7841 -0.3823 -0.4888
vn -0.7545 -0.4121 -0.5108
vn -0.1753 0.0607 -0.9826
vn -0.3303 0.1816 -0.9262
vn -0.4372 0.2974 -0.8488
vn -0.4978 0.4004 -0.7693
vn -0.5250 0.4930 -0.6938
vn -0.3006 0.0634 -0.9516
vn -0.4139 0.1915 -0.8899
vn -0.4891 0.3084 -0.8159
vn -0.5302 0.4061 -0.7443
vn -0.5515 0.4919 -0.6737
vn -0.5010 0.1104 -0.8584
vn -0.5699 0.2332 -0.7879
vn -0.5973 0.3315 -0.7303
vn -0.6066 0.4099 -0.6812
vn -0.6119 0.4759 -0.6318
vn -0.7189 0.1905 -0.6685
vn -0.7368 0.2920 -0.6098
vn -0.7223 0.3607 -0.5901
vn -0.7010 0.4125 -0.5818
vn -0.6865 0.4528 -0.5690
vn -0.8722 0.2705 -0.4076
vn -0.8557 0.3350 -0.3944
vn -0.8253 0.3788 -0.4188
vn -0.7876 0.4091 -0.4608
vn -0.7564 0.4267 -0.4957
vn -0.2106 0.9699 -0.1220
vn -0.4278 0.8881 -0.1679
vn -0.6408 0.7329 -0.2286
vn -0.8028 0.5187 -0.2942
vn -0.8874 0.3138 -0.3378
vn -0.3193 0.9114 -0.2597
vn -0.4651 0.8467 -0.2585
vn -0.6232 0.7274 -0.2871
vn -0.7674 0.5442 -0.3391
vn -0.8608 0.3371 -0.3814
vn -0.4292 0.8101 -0.3995
vn -0.5279 0.7582 -0.3826
vn -0.6337 0.6686 -0.3892
vn -0.7406 0.5289 -0.4146
vn -0.8251 0.3597 -0.4358
vn -0.4949 0.7020 -0.5122
vn -0.5602 0.6669 -0.4914
vn -0.6342 0.6002 -0.4874
vn -0.7138 0.5023 -0.4881
vn -0.7857 0.3877 -0.4820
vn -0.5252 0.6042 -0.5993
vn -0.5637 0.5877 -0.5803
vn -0.6227 0.5421 -0.5643
vn -0.6911 0.4799 -0.5404
vn -0.7549 0.4133 -0.5092
vn -0.9936 0.0722 -0.0866
vn -0.9422 -0.0515 -0.3311
vn -0.9667 0.1062 -0.2327
vn -0.9592 0.2284 -0.1666
vn -0.9365 0.2756 -0.2168
vn -0.9405 0.3252 0.0988
vn -0.9720 0.0799 -0.2210
vn -0.9644 0.1298 -0.2306
vn -0.9519 0.2385 -0.1926
vn -0.9230 0.3021 -0.2383
vn -0.9598 0.2737 -0.0617
vn -0.9663 0.1304 -0.2220
vn -0.9562 0.1556 -0.2478
vn -0.9387 0.2511 -0.2363
vn -0.9018 0.3255 -0.2842
vn -0.9539 0.2060 -0.2182
vn -0.9456 0.1369 -0.2951
vn -0.9329 0.1709 -0.3171
vn -0.9108 0.2596 -0.3212
vn -0.8674 0.3426 -0.3608
vn -0.9305 0.2061 -0.3028
vn -0.9177 0.1918 -0.3479
vn -0.8953 0.2286 -0.3824
vn -0.8633 0.2972 -0.4078
vn -0.8226 0.3641 -0.4368
vn -0.1774 0.0857 0.9804
vn -0.3698 0.1209 0.9212
vn -0.5801 0.1724 0.7961
vn -0.7682 0.2347 0.5956
vn -0.8836 0.2804 0.3749
vn -0.2754 0.1866 0.9431
vn -0.4087 0.1893 0.8928
vn -0.5671 0.2177 0.7943
vn -0.7333 0.2700 0.6240
vn -0.8584 0.3169 0.4034
vn -0.3854 0.2989 0.8730
vn -0.4803 0.2900 0.8278
vn -0.5908 0.3023 0.7480
vn -0.7157 0.3339 0.6134
vn -0.8255 0.3633 0.4319
vn -0.4642 0.4003 0.7901
vn -0.5289 0.3866 0.7556
vn -0.6086 0.3898 0.6911
vn -0.7005 0.3992 0.5916
vn -0.7876 0.4026 0.4664
vn -0.5124 0.4871 0.7072
vn -0.5504 0.4722 0.6886
vn -0.6129 0.4629 0.6404
vn -0.6869 0.4476 0.5725
vn -0.7565 0.4252 0.4970
vn -0.9936 0.0722 0.0866
vn -0.9578 0.2805 -0.0628
vn -0.9724 0.1951 0.1281
vn -0.9524 0.1378 0.2721
vn -0.9277 0.1789 0.3277
vn -0.9206 -0.0806 0.3821
vn -0.9779 0.1853 0.0964
vn -0.9687 0.1930 0.1564
vn -0.9454 0.1594 0.2843
vn -0.9127 0.1963 0.3584
vn -0.9449 0.0506 0.3234
vn -0.9700 0.1857 0.1570
vn -0.9601 0.2074 0.1874
vn -0.9337 0.1958 0.2997
vn -0.8921 0.2343 0.3863
vn -0.9520 0.1815 0.2466
vn -0.9544 0.2482 0.1658
vn -0.9413 0.2666 0.2069
vn -0.9116 0.2679 0.3118
vn -0.8623 0.2989 0.4087
vn -0.9349 0.2535 0.2485
vn -0.9274 0.2929 0.2326
vn -0.9051 0.3222 0.2774
vn -0.8685 0.3419 0.3589
vn -0.8226 0.3640 0.4369
vn -0.2086 0.9742 0.0867
vn -0.3808 0.8899 0.2513
vn -0.4832 0.7817 0.3944
vn -0.5278 0.6797 0.5094
vn -0.5358 0.5901 0.6039
vn -0.3530 0.9313 0.0894
vn -0.4705 0.8429 0.2612
vn -0.5341 0.7425 0.4042
vn -0.5578 0.6526 0.5128
vn -0.5606 0.5707 0.6000
vn -0.5672 0.8098 0.1500
vn -0.6240 0.7189 0.3064
vn -0.6347 0.6468 0.4228
vn -0.6283 0.5880 0.5095
vn -0.6188 0.5324 0.5776
vn -0.7666 0.5940 0.2438
vn -0.7665 0.5287 0.3645
vn -0.7407 0.5043 0.4439
vn -0.7112 0.4919 0.5022
vn -0.6895 0.4762 0.5457
vn -0.8804 0.3428 0.3277
vn -0.8549 0.3284 0.4017
vn -0.8214 0.3473 0.4525
vn -0.7842 0.3823 0.4888
vn -0.7545 0.4121 0.5108
vn -0.5070 0.4224 -0.7513
vn -0.4470 0.8512 -0.2752
vn -0.4479 -0.8513 -0.2733
vn -0.2752 -0.8512 -0.4470
vn -0.6259 -0.5919 -0.5077
vn -0.8974 -0.2000 -0.3934
vn -0.4470 -0.8512 0.2752
vn -0.2467 -0.5671 0.7859
vn -0.5819 -0.4850 0.6528
vn -0.8853 -0.4577 0.0823
vn -0.3877 0.5419 0.7456
vn -0.4479 0.8513 0.2733
vn -0.2752 0.8512 0.4470
vn -0.5327 0.6578 0.5325
vn -0.6259 0.5919 0.5077
vn -0.8974 0.2000 0.3934
vn -0.9963 -0.0000 -0.0856
vn -0.9730 -0.0000 -0.2306
vn -0.9239 -0.0000 -0.3826
vn -0.8515 -0.0000 -0.5244
vn -0.7652 -0.0000 -0.6438
vn -0.6438 -0.0000 -0.7652
vn -0.5244 -0.0000 -0.8515
vn -0.3826 -0.0000 -0.9239
vn -0.2306 -0.0000 -0.9730
vn -0.0856 -0.0000 -0.9963
vn -0.0000 -0.9956 -0.0940
vn -0.0000 -0.9609 -0.2768
vn -0.0000 -0.8955 -0.4451
vn -0.0000 -0.8056 -0.5924
vn -0.0000 -0.6984 -0.7157
vn -0.0000 -0.5799 -0.8147
vn -0.0000 -0.4548 -0.8906
vn -0.0000 -0.3263 -0.9453
vn -0.0000 -0.1962 -0.9806
vn -0.0000 -0.0654 -0.9979
vn 0.9969 -0.0000 -0.0785
vn 0.9724 -0.0000 -0.2334
vn 0.9239 -0.0000 -0.3827
vn 0.8526 -0.0000 -0.5225
vn 0.7604 -0.0000 -0.6495
vn 0.6495 -0.0000 -0.7604
vn 0.5225 -0.0000 -0.8526
vn 0.3827 -0.0000 -0.9239
vn 0.2334 -0.0000 -0.9724
vn 0.0785 -0.0000 -0.9969
vn -0.0785 -0.0000 0.9969
vn -0.2334 -0.0000 0.9724
vn -0.3827 -0.0000 0.9239
vn -0.5225 -0.0000 0.8526
vn -0.6495 -0.0000 0.7604
vn -0.7604 -0.0000 0.6495
vn -0.8526 -0.0000 0.5225
vn -0.9239 -0.0000 0.3827
vn -0.9724 -0.0000 0.2334
vn -0.9969 -0.0000 0.0785
vn 0.0785 -0.0000 0.9969
vn 0.2334 -0.0000 0.9724
vn 0.3827 -0.0000 0.9239
vn 0.5225 -0.0000 0.8526
vn 0.6495 -0.0000 0.7604
vn 0.7604 -0.0000 0.6495
vn 0.8526 -0.0000 0.5225
vn 0.9239 -0.0000 0.3827
vn 0.9724 -0.0000 0.2334
vn 0.9969 -0.0000 0.0785
vn -0.0785 -0.0000 -0.9969
vn -0.2334 -0.0000 -0.9724
vn -0.3827 -0.0000 -0.9239
vn -0.5225 -0.0000 -0.8526
vn -0.6495 -0.0000 -0.7604
vn -0.7604 -0.0000 -0.6495
vn -0.8526 -0.0000 -0.5225
vn -0.9239 -0.0000 -0.3827
vn -0.9724 -0.0000 -0.2334
vn -0.9969 -0.0000 -0.0785
vn -0.0000 0.9956 0.0940
vn -0.0000 0.9609 0.2768
vn -0.0000 0.8955 0.4451
vn -0.0000 0.8056 0.5924
vn -0.0000 0.6984 0.7157
vn -0.0000 0.5799 0.8147
vn -0.0000 0.4548 0.8906
vn -0.0000 0.3263 0.9453
vn -0.0000 0.1962 0.9806
vn -0.0000 0.0654 0.9979
vn 0.0940 0.9956 -0.0000
vn 0.2768 0.9609 -0.0000
vn 0.4451 0.8955 -0.0000
vn 0.5924 0.8056 -0.0000
vn 0.7157 0.6984 -0.0000
vn 0.8147 0.5799 -0.0000
vn 0.8906 0.4548 -0.0000
vn 0.9453 0.3263 -0.0000
vn 0.9806 0.1962 -0.0000
vn 0.9979 0.0654 -0.0000
vn -0.0000 -0.9956 0.0940
vn -0.0000 -0.9609 0.2768
vn -0.0000 -0.8955 0.4451
vn -0.0000 -0.8056 0.5924
vn -0.0000 -0.6984 0.7157
vn -0.0000 -0.5799 0.8147
vn -0.0000 -0.4548 0.8906
vn -0.0000 -0.3263 0.9453
vn -0.0000 -0.1962 0.9806
vn -0.0000 -0.0654 0.9979
vn -0.0000 0.9956 -0.0940
vn -0.0000 0.9609 -0.2768
vn -0.0000 0.8955 -0.4451
vn -0.0000 0.8056 -0.5924
vn -0.0000 0.6984 -0.7157
vn -0.0000 0.5799 -0.8147
vn -0.0000 0.4548 -0.8906
vn -0.0000 0.3263 -0.9453
vn -0.0000 0.1962 -0.9806
vn -0.0000 0.0654 -0.9979
vn 0.0940 -0.9956 -0.0000
vn 0.2768 -0.9609 -0.0000
vn 0.4451 -0.8955 -0.0000
vn 0.5924 -0.8056 -0.0000
vn 0.7157 -0.6984 -0.0000
vn 0.8147 -0.5799 -0.0000
vn 0.8906 -0.4548 -0.0000
vn 0.9453 -0.3263 -0.0000
vn 0.9806 -0.1962 -0.0000
vn 0.9979 -0.0654 -0.0000
vn -0.0940 -0.9956 -0.0000
vn -0.2768 -0.9609 -0.0000
vn -0.4451 -0.8955 -0.0000
vn -0.5924 -0.8056 -0.0000
vn -0.7157 -0.6984 -0.0000
vn -0.8147 -0.5799 -0.0000
vn -0.8906 -0.4548 -0.0000
vn -0.9453 -0.3263 -0.0000
vn -0.9806 -0.1962 -0.0000
vn -0.9979 -0.0654 -0.0000
vn -0.6494 -0.0000 0.7604
vn -0.7604 -0.0000 0.6494
vn -0.0940 0.9956 -0.0000
vn -0.2768 0.9609 -0.0000
vn -0.4451 0.8955 -0.0000
vn -0.5924 0.8056 -0.0000
vn -0.7157 0.6984 -0.0000
vn -0.8147 0.5799 -0.0000
vn -0.8906 0.4548 -0.0000
vn -0.9453 0.3263 -0.0000
vn -0.9806 0.1962 -0.0000
vn -0.9979 0.0654 -0.0000
vn -0.6494 -0.0000 -0.7604
vn -0.7604 -0.0000 -0.6494
vn 0.7604 -0.0000 -0.6494
vn 0.6494 -0.0000 -0.7604
vn 0.6494 -0.0000 0.7604
vn 0.7604 -0.0000 0.6494
vn -0.9969 -0.0000 0.0784
vn -0.1025 -0.9947 -0.0000
vn -0.2736 -0.9619 -0.0000
vn -0.4450 -0.8956 -0.0000
vn -0.5944 -0.8042 -0.0000
vn -0.7105 -0.7037 -0.0000
vn -0.8188 -0.5741 -0.0000
vn -0.8897 -0.4566 -0.0000
vn -0.9453 -0.3262 -0.0000
vn -0.9810 -0.1938 -0.0000
vn -0.9974 -0.0714 -0.0000
vn 0.9969 -0.0000 -0.0784
vn 0.9969 -0.0000 0.0784
vn -0.9969 -0.0000 -0.0784
vn -0.9963 -0.0000 0.0856
vn -0.9730 -0.0000 0.2306
vn -0.9239 -0.0000 0.3826
vn -0.8515 -0.0000 0.5244
vn -0.7652 -0.0000 0.6438
vn -0.6438 -0.0000 0.7652
vn -0.5244 -0.0000 0.8515
vn -0.3826 -0.0000 0.9239
vn -0.2306 -0.0000 0.9730
vn -0.0856 -0.0000 0.9963
vn -0.9974 0.0714 -0.0000
vn -0.9810 0.1938 -0.0000
vn -0.9453 0.3262 -0.0000
vn -0.8897 0.4566 -0.0000
vn -0.8188 0.5741 -0.0000
vn -0.7105 0.7037 -0.0000
vn -0.5944 0.8042 -0.0000
vn -0.4450 0.8955 -0.0000
vn -0.2736 0.9619 -0.0000
vn -0.1026 0.9947 -0.0000
vn -0.9979 -0.0655 -0.0000
vn 0.0003 -0.9951 -0.0984
vn 0.0004 -0.9613 -0.2755
vn 0.0003 -0.8955 -0.4451
vn 0.0004 -0.8048 -0.5935
vn 0.0002 -0.7010 -0.7131
vn 0.0002 -0.5770 -0.8167
vn 0.0004 -0.4558 -0.8901
vn 0.0003 -0.3263 -0.9453
vn 0.0004 -0.1952 -0.9808
vn 0.0002 -0.0685 -0.9977
vn 0.0003 0.9951 -0.0984
vn 0.0004 0.9613 -0.2755
vn 0.0003 0.8955 -0.4451
vn 0.0004 0.8048 -0.5935
vn 0.0002 0.7010 -0.7131
vn 0.0002 0.5770 -0.8167
vn 0.0004 0.4558 -0.8901
vn 0.0003 0.3263 -0.9453
vn 0.0004 0.1952 -0.9808
vn 0.0002 0.0685 -0.9977
vn 0.0002 -0.0685 0.9977
vn 0.0004 -0.1952 0.9808
vn 0.0003 -0.3263 0.9453
vn 0.0004 -0.4558 0.8901
vn 0.0002 -0.5770 0.8168
vn 0.0002 -0.7010 0.7131
vn 0.0004 -0.8048 0.5935
vn 0.0003 -0.8955 0.4451
vn 0.0004 -0.9613 0.2755
vn 0.0003 -0.9951 0.0984
vn 0.0002 0.0685 0.9977
vn 0.0004 0.1952 0.9808
vn 0.0003 0.3263 0.9453
vn 0.0004 0.4558 0.8901
vn 0.0002 0.5770 0.8167
vn 0.0002 0.7010 0.7131
vn 0.0004 0.8048 0.5935
vn 0.0003 0.8955 0.4451
vn 0.0004 0.9613 0.2755
vn 0.0002 0.9951 0.0984
vt 0.580071 0.506250
vt 0.603425 0.506250
vt 0.603425 0.625000
vt 0.580071 0.625000
vt 0.381669 0.625000
vt 0.580071 0.743750
vt 0.381669 0.743750
vt 0.621247 0.506250
vt 0.621247 0.625000
vt 0.381669 0.187704
vt 0.573402 0.193954
vt 0.580071 0.243750
vt 0.381669 0.243750
vt 0.603425 0.756250
vt 0.621247 0.756250
vt 0.621247 0.993750
vt 0.603425 0.993750
vt 0.631250 0.506250
vt 0.868750 0.506250
vt 0.868750 0.566715
vt 0.786323 0.625000
vt 0.631250 0.625000
vt 0.390000 0.763125
vt 0.610000 0.763125
vt 0.610000 0.986875
vt 0.390000 0.986875
vt 0.390000 0.512500
vt 0.610000 0.512500
vt 0.610000 0.737500
vt 0.390000 0.737500
vt 0.580071 0.756250
vt 0.603425 0.756250
vt 0.603425 0.993750
vt 0.580071 0.993750
vt 0.638125 0.512500
vt 0.861875 0.512500
vt 0.861875 0.737500
vt 0.638125 0.737500
vt 0.390000 0.012500
vt 0.610000 0.012500
vt 0.610000 0.237500
vt 0.390000 0.237500
vt 0.390000 0.263125
vt 0.610000 0.263125
vt 0.610000 0.486875
vt 0.390000 0.486875
vt 0.381669 0.256250
vt 0.580071 0.256250
vt 0.580071 0.493750
vt 0.381669 0.493750
vt 0.607178 0.193954
vt 0.621247 0.187704
vt 0.621247 0.243750
vt 0.603425 0.243750
vt 0.868750 0.683285
vt 0.868750 0.743750
vt 0.631250 0.743750
vt 0.621247 0.743750
vt 0.603425 0.743750
vt 0.573402 0.193954
vt 0.381669 0.062296
vt 0.573402 0.056046
vt 0.607177 0.193954
vt 0.607177 0.056046
vt 0.621247 0.062296
vt 0.381669 0.006250
vt 0.580071 0.006250
vt 0.868750 0.625000
vt 0.868750 0.683285
vt 0.580071 0.256250
vt 0.603425 0.256250
vt 0.603425 0.493750
vt 0.580071 0.493750
vt 0.131250 0.683285
vt 0.131250 0.625000
vt 0.213677 0.625000
vt 0.573402 0.193954
vt 0.610094 0.193954
vt 0.603425 0.243750
vt 0.580071 0.243750
vt 0.603425 0.068546
vt 0.603425 0.181454
vt 0.603425 0.181454
vt 0.580071 0.006250
vt 0.603425 0.006250
vt 0.610094 0.056046
vt 0.573402 0.056046
vt 0.213677 0.625000
vt 0.368750 0.625000
vt 0.368750 0.743750
vt 0.131250 0.743750
vt 0.603425 0.006250
vt 0.621247 0.006250
vt 0.607177 0.056046
vt 0.381669 0.756250
vt 0.580071 0.756250
vt 0.580071 0.993750
vt 0.381669 0.993750
vt 0.381669 0.506250
vt 0.131250 0.506250
vt 0.368750 0.506250
vt 0.368750 0.625000
vt 0.131250 0.566715
vt 0.580071 0.181454
vt 0.580071 0.068546
vt 0.138125 0.512500
vt 0.361875 0.512500
vt 0.361875 0.737500
vt 0.138125 0.737500
vt 0.596756 0.187704
vt 0.586740 0.187704
vt 0.586740 0.187704
vt 0.596756 0.187704
vt 0.596756 0.181454
vt 0.586740 0.181454
vt 0.586740 0.068546
vt 0.596756 0.068546
vt 0.586740 0.062296
vt 0.596756 0.062296
vt 0.596756 0.062296
vt 0.586740 0.062296
vt 0.621247 0.493750
vt 0.621834 0.493750
vt 0.621852 0.494748
vt 0.621247 0.494728
vt 0.622407 0.493750
vt 0.622441 0.494754
vt 0.622951 0.493750
vt 0.622977 0.494752
vt 0.623453 0.493750
vt 0.623452 0.494747
vt 0.625000 0.493750
vt 0.625000 0.494743
vt 0.621857 0.495730
vt 0.621247 0.495681
vt 0.622444 0.495732
vt 0.622960 0.495703
vt 0.623400 0.495670
vt 0.625000 0.495652
vt 0.621854 0.496631
vt 0.621247 0.496588
vt 0.622425 0.496601
vt 0.622914 0.496523
vt 0.623316 0.496444
vt 0.625000 0.496403
vt 0.621848 0.497427
vt 0.621247 0.497424
vt 0.622403 0.497339
vt 0.622866 0.497196
vt 0.623232 0.497056
vt 0.625000 0.496977
vt 0.621844 0.500000
vt 0.621247 0.500000
vt 0.622389 0.500000
vt 0.622840 0.500000
vt 0.623185 0.500000
vt 0.624471 0.500000
vt 0.630272 0.506250
vt 0.630242 0.505252
vt 0.631250 0.505272
vt 0.629319 0.506250
vt 0.629263 0.505246
vt 0.628412 0.506250
vt 0.628369 0.505248
vt 0.627576 0.506250
vt 0.627578 0.505253
vt 0.625000 0.506250
vt 0.625000 0.505257
vt 0.630235 0.504270
vt 0.631250 0.504319
vt 0.629257 0.504268
vt 0.628397 0.504297
vt 0.627664 0.504330
vt 0.625000 0.504348
vt 0.630240 0.503369
vt 0.631250 0.503412
vt 0.629288 0.503399
vt 0.628474 0.503477
vt 0.627804 0.503556
vt 0.625000 0.503597
vt 0.630249 0.502573
vt 0.631250 0.502576
vt 0.629325 0.502661
vt 0.628554 0.502804
vt 0.627944 0.502944
vt 0.625000 0.503023
vt 0.630256 0.500000
vt 0.631250 0.500000
vt 0.629348 0.500000
vt 0.628597 0.500000
vt 0.628023 0.500000
vt 0.621247 0.505272
vt 0.621847 0.505242
vt 0.621834 0.506250
vt 0.621247 0.504319
vt 0.621850 0.504263
vt 0.621247 0.503412
vt 0.621849 0.503369
vt 0.621247 0.502576
vt 0.621846 0.502578
vt 0.621247 0.500000
vt 0.622436 0.505235
vt 0.622407 0.506250
vt 0.622437 0.504257
vt 0.622420 0.503397
vt 0.622400 0.502664
vt 0.622977 0.505240
vt 0.622951 0.506250
vt 0.622959 0.504288
vt 0.622912 0.503474
vt 0.622865 0.502804
vt 0.623455 0.505249
vt 0.623453 0.506250
vt 0.623402 0.504325
vt 0.623317 0.503554
vt 0.623232 0.502944
vt 0.368750 0.505272
vt 0.369748 0.505242
vt 0.369728 0.506250
vt 0.368750 0.504319
vt 0.369754 0.504263
vt 0.368750 0.503412
vt 0.369752 0.503369
vt 0.368750 0.502576
vt 0.369747 0.502578
vt 0.368750 0.500000
vt 0.369744 0.500000
vt 0.370730 0.505235
vt 0.370681 0.506250
vt 0.370732 0.504257
vt 0.370703 0.503397
vt 0.370670 0.502664
vt 0.370652 0.500000
vt 0.371631 0.505240
vt 0.371588 0.506250
vt 0.371601 0.504288
vt 0.371523 0.503474
vt 0.371444 0.502804
vt 0.371403 0.500000
vt 0.372427 0.505249
vt 0.372424 0.506250
vt 0.372339 0.504325
vt 0.372196 0.503554
vt 0.372056 0.502944
vt 0.371977 0.500000
vt 0.375000 0.505257
vt 0.375000 0.506250
vt 0.375000 0.504348
vt 0.375000 0.503597
vt 0.375000 0.503023
vt 0.375059 0.500881
vt 0.381669 0.494728
vt 0.380604 0.494758
vt 0.380626 0.493750
vt 0.381669 0.495681
vt 0.380598 0.495737
vt 0.381669 0.496588
vt 0.380600 0.496631
vt 0.381669 0.497424
vt 0.380606 0.497422
vt 0.381669 0.500000
vt 0.380609 0.500000
vt 0.379557 0.494766
vt 0.379608 0.493750
vt 0.379555 0.495743
vt 0.379585 0.496603
vt 0.379621 0.497336
vt 0.379640 0.500000
vt 0.378595 0.494760
vt 0.378641 0.493750
vt 0.378627 0.495712
vt 0.378710 0.496526
vt 0.378795 0.497196
vt 0.378838 0.500000
vt 0.377746 0.494751
vt 0.377749 0.493750
vt 0.377840 0.495675
vt 0.377992 0.496446
vt 0.378141 0.497056
vt 0.378226 0.500000
vt 0.375000 0.494743
vt 0.375000 0.493750
vt 0.375000 0.495652
vt 0.375000 0.496403
vt 0.375000 0.496977
vt 0.380626 0.506250
vt 0.380594 0.505252
vt 0.381669 0.505272
vt 0.379608 0.506250
vt 0.379549 0.505246
vt 0.378641 0.506250
vt 0.378595 0.505248
vt 0.377749 0.506250
vt 0.377751 0.505253
vt 0.380586 0.504270
vt 0.381669 0.504319
vt 0.379543 0.504268
vt 0.378625 0.504297
vt 0.377843 0.504330
vt 0.380591 0.503369
vt 0.381669 0.503412
vt 0.379575 0.503399
vt 0.378707 0.503477
vt 0.377992 0.503556
vt 0.380601 0.502573
vt 0.381669 0.502576
vt 0.379615 0.502661
vt 0.378793 0.502804
vt 0.378141 0.502944
vt 0.621247 0.755272
vt 0.621846 0.755242
vt 0.621834 0.756250
vt 0.621247 0.754319
vt 0.621850 0.754263
vt 0.621247 0.753412
vt 0.621849 0.753369
vt 0.621247 0.752576
vt 0.621846 0.752578
vt 0.621247 0.750000
vt 0.621844 0.750000
vt 0.622436 0.755234
vt 0.622407 0.756250
vt 0.622437 0.754257
vt 0.622420 0.753397
vt 0.622400 0.752664
vt 0.622389 0.750000
vt 0.622977 0.755240
vt 0.622951 0.756250
vt 0.622959 0.754288
vt 0.622912 0.753474
vt 0.622865 0.752804
vt 0.622840 0.750000
vt 0.623455 0.755249
vt 0.623453 0.756250
vt 0.623402 0.754325
vt 0.623317 0.753554
vt 0.623232 0.752944
vt 0.623185 0.750000
vt 0.625000 0.755257
vt 0.625000 0.756250
vt 0.625000 0.754348
vt 0.625000 0.753597
vt 0.625000 0.753023
vt 0.625352 0.749119
vt 0.621834 0.743750
vt 0.621852 0.744748
vt 0.621247 0.744728
vt 0.622407 0.743750
vt 0.622440 0.744754
vt 0.622951 0.743750
vt 0.622977 0.744752
vt 0.623453 0.743750
vt 0.623452 0.744747
vt 0.625000 0.743750
vt 0.625000 0.744743
vt 0.621857 0.745730
vt 0.621247 0.745681
vt 0.622444 0.745732
vt 0.622960 0.745703
vt 0.623400 0.745670
vt 0.625000 0.745652
vt 0.621854 0.746631
vt 0.621247 0.746588
vt 0.622425 0.746601
vt 0.622914 0.746523
vt 0.623316 0.746444
vt 0.625000 0.746403
vt 0.621848 0.747427
vt 0.621247 0.747424
vt 0.622403 0.747339
vt 0.622866 0.747196
vt 0.623232 0.747056
vt 0.625000 0.746977
vt 0.621844 0.750000
vt 0.621247 0.750000
vt 0.622389 0.750000
vt 0.631250 0.744728
vt 0.630252 0.744758
vt 0.630272 0.743750
vt 0.631250 0.745681
vt 0.630246 0.745737
vt 0.631250 0.746588
vt 0.630248 0.746631
vt 0.631250 0.747424
vt 0.630253 0.747422
vt 0.631250 0.750000
vt 0.630256 0.750000
vt 0.629270 0.744765
vt 0.629319 0.743750
vt 0.629268 0.745743
vt 0.629297 0.746603
vt 0.629330 0.747336
vt 0.629348 0.750000
vt 0.628369 0.744760
vt 0.628413 0.743750
vt 0.628399 0.745712
vt 0.628477 0.746526
vt 0.628556 0.747196
vt 0.628597 0.750000
vt 0.627573 0.744751
vt 0.627576 0.743750
vt 0.627661 0.745675
vt 0.627804 0.746446
vt 0.627944 0.747056
vt 0.628023 0.750000
vt 0.381669 0.744728
vt 0.380604 0.744758
vt 0.380626 0.743750
vt 0.381669 0.745681
vt 0.380598 0.745737
vt 0.381669 0.746587
vt 0.380600 0.746631
vt 0.381669 0.747424
vt 0.380606 0.747422
vt 0.381669 0.750000
vt 0.380609 0.750000
vt 0.379557 0.744765
vt 0.379608 0.743750
vt 0.379555 0.745743
vt 0.379585 0.746603
vt 0.379621 0.747336
vt 0.379640 0.750000
vt 0.378595 0.744760
vt 0.378641 0.743750
vt 0.378627 0.745712
vt 0.378710 0.746526
vt 0.378795 0.747196
vt 0.378838 0.750000
vt 0.377746 0.744751
vt 0.377749 0.743750
vt 0.377840 0.745675
vt 0.377992 0.746446
vt 0.378141 0.747056
vt 0.378226 0.750000
vt 0.375000 0.744743
vt 0.375000 0.743750
vt 0.375000 0.745652
vt 0.375000 0.746403
vt 0.375000 0.746977
vt 0.375940 0.750000
vt 0.380626 0.756250
vt 0.380594 0.755252
vt 0.381669 0.755272
vt 0.379608 0.756250
vt 0.379549 0.755246
vt 0.378641 0.756250
vt 0.378595 0.755248
vt 0.377749 0.756250
vt 0.377751 0.755253
vt 0.375000 0.756250
vt 0.375000 0.755257
vt 0.380586 0.754270
vt 0.381669 0.754319
vt 0.379543 0.754268
vt 0.378625 0.754297
vt 0.377843 0.754330
vt 0.375000 0.754348
vt 0.380591 0.753369
vt 0.381669 0.753412
vt 0.379575 0.753399
vt 0.378707 0.753477
vt 0.377992 0.753556
vt 0.375000 0.753597
vt 0.380601 0.752573
vt 0.381669 0.752576
vt 0.379615 0.752661
vt 0.378793 0.752804
vt 0.378141 0.752944
vt 0.375000 0.753023
vt 0.369728 0.743750
vt 0.369758 0.744748
vt 0.368750 0.744728
vt 0.370681 0.743750
vt 0.370737 0.744754
vt 0.371588 0.743750
vt 0.371631 0.744752
vt 0.372424 0.743750
vt 0.372422 0.744747
vt 0.369765 0.745730
vt 0.368750 0.745681
vt 0.370743 0.745732
vt 0.371603 0.745703
vt 0.372336 0.745670
vt 0.369760 0.746631
vt 0.368750 0.746587
vt 0.370712 0.746601
vt 0.371526 0.746523
vt 0.372196 0.746444
vt 0.369751 0.747427
vt 0.368750 0.747424
vt 0.370675 0.747339
vt 0.371446 0.747196
vt 0.372056 0.747056
vt 0.369744 0.750000
vt 0.368750 0.750000
vt 0.370652 0.750000
vt 0.371403 0.750000
vt 0.371977 0.750000
vt 0.868750 0.505272
vt 0.869748 0.505242
vt 0.869728 0.506250
vt 0.868750 0.504319
vt 0.869754 0.504263
vt 0.868750 0.503412
vt 0.869752 0.503369
vt 0.868750 0.502576
vt 0.869747 0.502578
vt 0.868750 0.500000
vt 0.869744 0.500000
vt 0.870730 0.505235
vt 0.870681 0.506250
vt 0.870732 0.504257
vt 0.870703 0.503397
vt 0.870670 0.502664
vt 0.870652 0.500000
vt 0.871631 0.505240
vt 0.871588 0.506250
vt 0.871601 0.504288
vt 0.871523 0.503474
vt 0.871444 0.502804
vt 0.871403 0.500000
vt 0.872427 0.505249
vt 0.872424 0.506250
vt 0.872339 0.504325
vt 0.872196 0.503554
vt 0.872056 0.502944
vt 0.871977 0.500000
vt 0.875000 0.505257
vt 0.875000 0.506250
vt 0.875000 0.504348
vt 0.875000 0.503597
vt 0.875000 0.503023
vt 0.872358 0.500000
vt 0.621247 0.256250
vt 0.621247 0.255272
vt 0.621846 0.255242
vt 0.621834 0.256250
vt 0.621247 0.254319
vt 0.621850 0.254263
vt 0.621247 0.253412
vt 0.621849 0.253369
vt 0.621247 0.252576
vt 0.621846 0.252578
vt 0.621247 0.250000
vt 0.621844 0.250000
vt 0.622436 0.255235
vt 0.622407 0.256250
vt 0.622437 0.254257
vt 0.622420 0.253397
vt 0.622400 0.252664
vt 0.622389 0.250000
vt 0.622977 0.255240
vt 0.622951 0.256250
vt 0.622959 0.254288
vt 0.622912 0.253474
vt 0.622865 0.252804
vt 0.622840 0.250000
vt 0.623455 0.255249
vt 0.623453 0.256250
vt 0.623402 0.254325
vt 0.623317 0.253554
vt 0.623232 0.252944
vt 0.623185 0.250000
vt 0.625000 0.255257
vt 0.625000 0.256250
vt 0.625000 0.254348
vt 0.625000 0.253597
vt 0.625000 0.253023
vt 0.623414 0.250000
vt 0.621834 0.243750
vt 0.621852 0.244748
vt 0.621247 0.244728
vt 0.622407 0.243750
vt 0.622440 0.244754
vt 0.622951 0.243750
vt 0.622977 0.244752
vt 0.623453 0.243750
vt 0.623452 0.244747
vt 0.625000 0.243750
vt 0.625000 0.244743
vt 0.621857 0.245730
vt 0.621247 0.245681
vt 0.622444 0.245732
vt 0.622960 0.245703
vt 0.623400 0.245670
vt 0.625000 0.245652
vt 0.621854 0.246631
vt 0.621247 0.246588
vt 0.622425 0.246601
vt 0.622914 0.246523
vt 0.623316 0.246444
vt 0.625000 0.246403
vt 0.621848 0.247427
vt 0.621247 0.247424
vt 0.622403 0.247339
vt 0.622866 0.247196
vt 0.623232 0.247056
vt 0.625000 0.246977
vt 0.621844 0.250000
vt 0.621247 0.250000
vt 0.622389 0.250000
vt 0.625000 0.247358
vt 0.130272 0.506250
vt 0.130242 0.505252
vt 0.131250 0.505272
vt 0.129319 0.506250
vt 0.129263 0.505246
vt 0.128412 0.506250
vt 0.128369 0.505248
vt 0.127576 0.506250
vt 0.127578 0.505253
vt 0.125000 0.506250
vt 0.125000 0.505257
vt 0.130235 0.504270
vt 0.131250 0.504319
vt 0.129257 0.504268
vt 0.128397 0.504297
vt 0.127664 0.504330
vt 0.125000 0.504348
vt 0.130240 0.503369
vt 0.131250 0.503412
vt 0.129288 0.503399
vt 0.128474 0.503477
vt 0.127804 0.503556
vt 0.125000 0.503597
vt 0.130249 0.502573
vt 0.131250 0.502576
vt 0.129325 0.502661
vt 0.128554 0.502804
vt 0.127944 0.502944
vt 0.125000 0.503023
vt 0.130257 0.500000
vt 0.131250 0.500000
vt 0.129348 0.500000
vt 0.128597 0.500000
vt 0.128023 0.500000
vt 0.125000 0.502642
vt 0.381669 0.244728
vt 0.380604 0.244758
vt 0.380626 0.243750
vt 0.381669 0.245681
vt 0.380598 0.245737
vt 0.381669 0.246588
vt 0.380600 0.246631
vt 0.381669 0.247424
vt 0.380606 0.247422
vt 0.381669 0.250000
vt 0.380609 0.250000
vt 0.379557 0.244765
vt 0.379608 0.243750
vt 0.379555 0.245743
vt 0.379585 0.246603
vt 0.379621 0.247336
vt 0.379640 0.250000
vt 0.378595 0.244760
vt 0.378641 0.243750
vt 0.378627 0.245712
vt 0.378710 0.246526
vt 0.378795 0.247196
vt 0.378838 0.250000
vt 0.377746 0.244751
vt 0.377749 0.243750
vt 0.377840 0.245675
vt 0.377992 0.246446
vt 0.378141 0.247056
vt 0.378226 0.250000
vt 0.375000 0.244743
vt 0.375000 0.243750
vt 0.375000 0.245652
vt 0.375000 0.246403
vt 0.375000 0.246977
vt 0.377819 0.250000
vt 0.380626 0.256250
vt 0.380594 0.255252
vt 0.381669 0.255272
vt 0.379608 0.256250
vt 0.379549 0.255246
vt 0.378641 0.256250
vt 0.378595 0.255248
vt 0.377749 0.256250
vt 0.377751 0.255253
vt 0.375000 0.256250
vt 0.375000 0.255257
vt 0.380586 0.254270
vt 0.381669 0.254319
vt 0.379543 0.254268
vt 0.378625 0.254297
vt 0.377843 0.254330
vt 0.375000 0.254348
vt 0.380591 0.253369
vt 0.381669 0.253412
vt 0.379575 0.253399
vt 0.378707 0.253477
vt 0.377992 0.253556
vt 0.375000 0.253597
vt 0.380601 0.252573
vt 0.381669 0.252576
vt 0.379615 0.252661
vt 0.378793 0.252804
vt 0.378141 0.252944
vt 0.375000 0.253023
vt 0.375000 0.252642
vt 0.621247 0.005272
vt 0.621846 0.005242
vt 0.621834 0.006250
vt 0.621247 0.004319
vt 0.621850 0.004263
vt 0.621247 0.003412
vt 0.621849 0.003369
vt 0.621247 0.002576
vt 0.621846 0.002578
vt 0.621247 0.000000
vt 0.621844 0.000000
vt 0.622436 0.005235
vt 0.622407 0.006250
vt 0.622437 0.004257
vt 0.622420 0.003397
vt 0.622400 0.002664
vt 0.622389 0.000000
vt 0.622977 0.005240
vt 0.622951 0.006250
vt 0.622959 0.004288
vt 0.622912 0.003474
vt 0.622865 0.002804
vt 0.622840 0.000000
vt 0.623455 0.005249
vt 0.623453 0.006250
vt 0.623402 0.004325
vt 0.623317 0.003554
vt 0.623232 0.002944
vt 0.623185 0.000000
vt 0.625000 0.005257
vt 0.625000 0.006250
vt 0.625000 0.004348
vt 0.625000 0.003597
vt 0.625000 0.003023
vt 0.623414 0.000000
vt 0.621834 0.993750
vt 0.621852 0.994748
vt 0.621247 0.994728
vt 0.622407 0.993750
vt 0.622441 0.994754
vt 0.622951 0.993750
vt 0.622977 0.994752
vt 0.623453 0.993750
vt 0.623452 0.994747
vt 0.625000 0.993750
vt 0.625000 0.994743
vt 0.621857 0.995730
vt 0.621247 0.995681
vt 0.622444 0.995732
vt 0.622960 0.995703
vt 0.623400 0.995670
vt 0.625000 0.995652
vt 0.621854 0.996631
vt 0.621247 0.996588
vt 0.622425 0.996601
vt 0.622914 0.996523
vt 0.623316 0.996444
vt 0.625000 0.996403
vt 0.621848 0.997427
vt 0.621247 0.997424
vt 0.622403 0.997339
vt 0.622866 0.997196
vt 0.623232 0.997056
vt 0.625000 0.996977
vt 0.621844 1.000000
vt 0.621247 1.000000
vt 0.622389 1.000000
vt 0.622840 1.000000
vt 0.623185 1.000000
vt 0.625000 0.997358
vt 0.869728 0.743750
vt 0.869758 0.744748
vt 0.868750 0.744728
vt 0.870681 0.743750
vt 0.870737 0.744754
vt 0.871588 0.743750
vt 0.871631 0.744752
vt 0.872424 0.743750
vt 0.872422 0.744747
vt 0.875000 0.743750
vt 0.875000 0.744743
vt 0.869765 0.745730
vt 0.868750 0.745681
vt 0.870743 0.745732
vt 0.871603 0.745703
vt 0.872336 0.745670
vt 0.875000 0.745652
vt 0.869760 0.746631
vt 0.868750 0.746588
vt 0.870712 0.746601
vt 0.871526 0.746523
vt 0.872196 0.746444
vt 0.875000 0.746403
vt 0.869751 0.747427
vt 0.868750 0.747424
vt 0.870675 0.747339
vt 0.871446 0.747196
vt 0.872056 0.747056
vt 0.875000 0.746977
vt 0.869744 0.750000
vt 0.868750 0.750000
vt 0.870652 0.750000
vt 0.871403 0.750000
vt 0.871977 0.750000
vt 0.875000 0.747358
vt 0.381669 0.994728
vt 0.380604 0.994758
vt 0.380626 0.993750
vt 0.381669 0.995681
vt 0.380598 0.995737
vt 0.381669 0.996588
vt 0.380600 0.996631
vt 0.381669 0.997424
vt 0.380606 0.997422
vt 0.381669 1.000000
vt 0.380609 1.000000
vt 0.379557 0.994766
vt 0.379608 0.993750
vt 0.379555 0.995743
vt 0.379585 0.996603
vt 0.379621 0.997336
vt 0.379640 1.000000
vt 0.378595 0.994760
vt 0.378641 0.993750
vt 0.378627 0.995712
vt 0.378710 0.996526
vt 0.378795 0.997196
vt 0.378838 1.000000
vt 0.377746 0.994751
vt 0.377749 0.993750
vt 0.377840 0.995675
vt 0.377992 0.996446
vt 0.378141 0.997056
vt 0.378226 1.000000
vt 0.375000 0.994744
vt 0.375000 0.993750
vt 0.375000 0.995652
vt 0.375000 0.996403
vt 0.375000 0.996977
vt 0.377819 1.000000
vt 0.380626 0.006250
vt 0.380594 0.005252
vt 0.381669 0.005272
vt 0.379608 0.006250
vt 0.379549 0.005246
vt 0.378641 0.006250
vt 0.378595 0.005248
vt 0.377749 0.006250
vt 0.377751 0.005253
vt 0.375000 0.006250
vt 0.375000 0.005257
vt 0.380586 0.004270
vt 0.381669 0.004319
vt 0.379543 0.004268
vt 0.378625 0.004297
vt 0.377843 0.004330
vt 0.375000 0.004348
vt 0.380591 0.003369
vt 0.381669 0.003412
vt 0.379575 0.003399
vt 0.378707 0.003477
vt 0.377992 0.003556
vt 0.375000 0.003597
vt 0.380601 0.002573
vt 0.381669 0.002576
vt 0.379615 0.002661
vt 0.378793 0.002804
vt 0.378141 0.002944
vt 0.375000 0.003023
vt 0.380609 0.000000
vt 0.381669 0.000000
vt 0.379640 0.000000
vt 0.378838 0.000000
vt 0.378226 0.000000
vt 0.375000 0.002642
vt 0.131250 0.744728
vt 0.130252 0.744758
vt 0.130272 0.743750
vt 0.131250 0.745681
vt 0.130246 0.745737
vt 0.131250 0.746587
vt 0.130248 0.746631
vt 0.131250 0.747424
vt 0.130253 0.747422
vt 0.131250 0.750000
vt 0.130257 0.750000
vt 0.129270 0.744765
vt 0.129319 0.743750
vt 0.129268 0.745743
vt 0.129297 0.746603
vt 0.129330 0.747336
vt 0.129348 0.750000
vt 0.128369 0.744760
vt 0.128412 0.743750
vt 0.128399 0.745712
vt 0.128477 0.746526
vt 0.128556 0.747196
vt 0.128597 0.750000
vt 0.127573 0.744751
vt 0.127576 0.743750
vt 0.127661 0.745675
vt 0.127804 0.746446
vt 0.127944 0.747056
vt 0.128023 0.750000
vt 0.125000 0.744744
vt 0.125000 0.743750
vt 0.125000 0.745652
vt 0.125000 0.746403
vt 0.125000 0.746977
vt 0.127642 0.750000
vt 0.138125 0.739455
vt 0.136029 0.739516
vt 0.136072 0.737500
vt 0.138125 0.741363
vt 0.136017 0.741475
vt 0.138125 0.743175
vt 0.136021 0.743261
vt 0.138125 0.744847
vt 0.136032 0.744844
vt 0.138125 0.750000
vt 0.136039 0.750000
vt 0.133968 0.739531
vt 0.134069 0.737500
vt 0.133964 0.741486
vt 0.134024 0.743206
vt 0.134093 0.744672
vt 0.134131 0.750000
vt 0.132075 0.739520
vt 0.132166 0.737500
vt 0.132138 0.741425
vt 0.132302 0.743052
vt 0.132468 0.744392
vt 0.132554 0.750000
vt 0.130404 0.739503
vt 0.130410 0.737500
vt 0.130589 0.741350
vt 0.130887 0.742891
vt 0.131182 0.744112
vt 0.131348 0.750000
vt 0.125000 0.739487
vt 0.125000 0.737500
vt 0.125000 0.741304
vt 0.125000 0.742806
vt 0.125000 0.743954
vt 0.130547 0.750000
vt 0.390000 0.988928
vt 0.387605 0.988991
vt 0.387653 0.986875
vt 0.390000 0.990931
vt 0.387590 0.991048
vt 0.390000 0.992834
vt 0.387596 0.992924
vt 0.390000 0.994590
vt 0.387608 0.994586
vt 0.390000 1.000000
vt 0.387616 1.000000
vt 0.385249 0.989007
vt 0.385365 0.986875
vt 0.385244 0.991060
vt 0.385313 0.992866
vt 0.385392 0.994405
vt 0.385436 1.000000
vt 0.383086 0.988997
vt 0.383190 0.986875
vt 0.383157 0.990996
vt 0.383345 0.992705
vt 0.383535 0.994112
vt 0.383633 1.000000
vt 0.381176 0.988978
vt 0.381183 0.986875
vt 0.381387 0.990917
vt 0.381729 0.992536
vt 0.382065 0.993818
vt 0.382255 1.000000
vt 0.375000 0.988961
vt 0.375000 0.986875
vt 0.375000 0.990869
vt 0.375000 0.992446
vt 0.375000 0.993652
vt 0.381340 1.000000
vt 0.387653 0.012500
vt 0.387581 0.010504
vt 0.390000 0.010544
vt 0.385365 0.012500
vt 0.385231 0.010492
vt 0.383190 0.012500
vt 0.383087 0.010496
vt 0.381183 0.012500
vt 0.381187 0.010506
vt 0.375000 0.012500
vt 0.375000 0.010513
vt 0.387563 0.008541
vt 0.390000 0.008637
vt 0.385217 0.008537
vt 0.383153 0.008594
vt 0.381394 0.008660
vt 0.375000 0.008696
vt 0.387575 0.006738
vt 0.390000 0.006825
vt 0.385291 0.006798
vt 0.383337 0.006954
vt 0.381729 0.007112
vt 0.375000 0.007194
vt 0.387597 0.005146
vt 0.390000 0.005153
vt 0.385380 0.005323
vt 0.383530 0.005607
vt 0.382065 0.005888
vt 0.375000 0.006046
vt 0.387616 0.000000
vt 0.390000 0.000000
vt 0.385436 0.000000
vt 0.383633 0.000000
vt 0.382255 0.000000
vt 0.375000 0.005283
vt 0.612347 0.986875
vt 0.612419 0.988971
vt 0.610000 0.988928
vt 0.614635 0.986875
vt 0.614770 0.988983
vt 0.616810 0.986875
vt 0.616913 0.988979
vt 0.618817 0.986875
vt 0.618813 0.988968
vt 0.625000 0.986875
vt 0.625000 0.988961
vt 0.612437 0.991032
vt 0.610000 0.990931
vt 0.614783 0.991036
vt 0.616847 0.990976
vt 0.618606 0.990907
vt 0.625000 0.990869
vt 0.612425 0.992925
vt 0.610000 0.992834
vt 0.614709 0.992862
vt 0.616663 0.992698
vt 0.618271 0.992532
vt 0.625000 0.992446
vt 0.612403 0.994596
vt 0.610000 0.994590
vt 0.614619 0.994411
vt 0.616470 0.994112
vt 0.617935 0.993818
vt 0.625000 0.993652
vt 0.612384 1.000000
vt 0.610000 1.000000
vt 0.614564 1.000000
vt 0.616367 1.000000
vt 0.617745 1.000000
vt 0.625000 0.994453
vt 0.863928 0.737500
vt 0.863991 0.739496
vt 0.861875 0.739455
vt 0.865931 0.737500
vt 0.866048 0.739508
vt 0.867834 0.737500
vt 0.867924 0.739504
vt 0.869590 0.737500
vt 0.869586 0.739494
vt 0.875000 0.737500
vt 0.875000 0.739487
vt 0.864007 0.741460
vt 0.861875 0.741363
vt 0.866060 0.741463
vt 0.867866 0.741406
vt 0.869405 0.741340
vt 0.875000 0.741304
vt 0.863997 0.743262
vt 0.861875 0.743175
vt 0.865996 0.743202
vt 0.867705 0.743046
vt 0.869112 0.742888
vt 0.875000 0.742806
vt 0.863978 0.744854
vt 0.861875 0.744847
vt 0.865917 0.744677
vt 0.867536 0.744393
vt 0.868818 0.744112
vt 0.875000 0.743954
vt 0.863961 0.750000
vt 0.861875 0.750000
vt 0.865869 0.750000
vt 0.867446 0.750000
vt 0.868652 0.750000
vt 0.875000 0.744717
vt 0.610000 0.010544
vt 0.612395 0.010484
vt 0.612347 0.012500
vt 0.610000 0.008637
vt 0.612410 0.008525
vt 0.610000 0.006825
vt 0.612404 0.006739
vt 0.610000 0.005153
vt 0.612392 0.005156
vt 0.610000 0.000000
vt 0.612384 0.000000
vt 0.614751 0.010469
vt 0.614635 0.012500
vt 0.614756 0.008514
vt 0.614687 0.006794
vt 0.614608 0.005329
vt 0.614564 0.000000
vt 0.616914 0.010480
vt 0.616810 0.012500
vt 0.616843 0.008575
vt 0.616655 0.006948
vt 0.616465 0.005608
vt 0.616367 0.000000
vt 0.618824 0.010497
vt 0.618817 0.012500
vt 0.618613 0.008650
vt 0.618271 0.007109
vt 0.617935 0.005888
vt 0.617745 0.000000
vt 0.625000 0.010513
vt 0.625000 0.012500
vt 0.625000 0.008696
vt 0.625000 0.007194
vt 0.625000 0.006046
vt 0.618660 0.000000
vt 0.136072 0.512500
vt 0.136009 0.510504
vt 0.138125 0.510544
vt 0.134069 0.512500
vt 0.133952 0.510492
vt 0.132166 0.512500
vt 0.132076 0.510496
vt 0.130410 0.512500
vt 0.130414 0.510506
vt 0.125000 0.512500
vt 0.125000 0.510513
vt 0.135993 0.508541
vt 0.138125 0.508637
vt 0.133940 0.508537
vt 0.132134 0.508594
vt 0.130595 0.508660
vt 0.125000 0.508696
vt 0.136003 0.506738
vt 0.138125 0.506825
vt 0.134004 0.506798
vt 0.132295 0.506954
vt 0.130888 0.507112
vt 0.125000 0.507194
vt 0.136022 0.505146
vt 0.138125 0.505153
vt 0.134083 0.505323
vt 0.132464 0.505607
vt 0.131182 0.505888
vt 0.125000 0.506046
vt 0.136039 0.500000
vt 0.138125 0.500000
vt 0.134131 0.500000
vt 0.132554 0.500000
vt 0.131348 0.500000
vt 0.125000 0.505283
vt 0.390000 0.239456
vt 0.387605 0.239516
vt 0.387653 0.237500
vt 0.390000 0.241363
vt 0.387590 0.241475
vt 0.390000 0.243175
vt 0.387596 0.243261
vt 0.390000 0.244847
vt 0.387608 0.244844
vt 0.390000 0.250000
vt 0.387616 0.250000
vt 0.385249 0.239531
vt 0.385365 0.237500
vt 0.385244 0.241486
vt 0.385313 0.243206
vt 0.385392 0.244671
vt 0.385436 0.250000
vt 0.383086 0.239520
vt 0.383190 0.237500
vt 0.383157 0.241425
vt 0.383345 0.243052
vt 0.383535 0.244392
vt 0.383633 0.250000
vt 0.381176 0.239503
vt 0.381183 0.237500
vt 0.381387 0.241350
vt 0.381729 0.242892
vt 0.382066 0.244112
vt 0.382255 0.250000
vt 0.375000 0.239487
vt 0.375000 0.237500
vt 0.375000 0.241304
vt 0.375000 0.242806
vt 0.375000 0.243954
vt 0.381340 0.250000
vt 0.387653 0.263125
vt 0.387581 0.261029
vt 0.390000 0.261072
vt 0.385365 0.263125
vt 0.385231 0.261017
vt 0.383190 0.263125
vt 0.383087 0.261021
vt 0.381183 0.263125
vt 0.381187 0.261032
vt 0.375000 0.263125
vt 0.375000 0.261039
vt 0.387563 0.258968
vt 0.390000 0.259069
vt 0.385217 0.258964
vt 0.383153 0.259024
vt 0.381394 0.259093
vt 0.375000 0.259131
vt 0.387575 0.257075
vt 0.390000 0.257166
vt 0.385291 0.257138
vt 0.383337 0.257302
vt 0.381729 0.257468
vt 0.375000 0.257554
vt 0.387597 0.255404
vt 0.390000 0.255410
vt 0.385381 0.255589
vt 0.383530 0.255887
vt 0.382065 0.256182
vt 0.375000 0.256348
vt 0.383633 0.250000
vt 0.375000 0.255547
vt 0.861875 0.510544
vt 0.863971 0.510484
vt 0.863928 0.512500
vt 0.861875 0.508637
vt 0.863984 0.508525
vt 0.861875 0.506825
vt 0.863979 0.506739
vt 0.861875 0.505153
vt 0.863968 0.505156
vt 0.861875 0.500000
vt 0.863961 0.500000
vt 0.866032 0.510469
vt 0.865931 0.512500
vt 0.866036 0.508514
vt 0.865976 0.506794
vt 0.865907 0.505329
vt 0.865869 0.500000
vt 0.867925 0.510480
vt 0.867834 0.512500
vt 0.867862 0.508575
vt 0.867698 0.506948
vt 0.867532 0.505608
vt 0.867446 0.500000
vt 0.869596 0.510497
vt 0.869590 0.512500
vt 0.869411 0.508650
vt 0.869112 0.507109
vt 0.868818 0.505888
vt 0.868652 0.500000
vt 0.875000 0.510513
vt 0.875000 0.512500
vt 0.875000 0.508696
vt 0.875000 0.507194
vt 0.875000 0.506046
vt 0.869453 0.500000
vt 0.610000 0.261072
vt 0.612395 0.261009
vt 0.612347 0.263125
vt 0.610000 0.259069
vt 0.612410 0.258952
vt 0.610000 0.257166
vt 0.612404 0.257076
vt 0.610000 0.255410
vt 0.612392 0.255414
vt 0.610000 0.250000
vt 0.612384 0.250000
vt 0.614751 0.260993
vt 0.614635 0.263125
vt 0.614756 0.258940
vt 0.614687 0.257134
vt 0.614608 0.255595
vt 0.614564 0.250000
vt 0.616914 0.261003
vt 0.616810 0.263125
vt 0.616842 0.259004
vt 0.616655 0.257295
vt 0.616465 0.255888
vt 0.616367 0.250000
vt 0.618824 0.261022
vt 0.618817 0.263125
vt 0.618613 0.259083
vt 0.618271 0.257464
vt 0.617934 0.256182
vt 0.617745 0.250000
vt 0.625000 0.261039
vt 0.625000 0.263125
vt 0.625000 0.259131
vt 0.625000 0.257554
vt 0.625000 0.256348
vt 0.618660 0.250000
vt 0.612347 0.237500
vt 0.612419 0.239496
vt 0.610000 0.239456
vt 0.614635 0.237500
vt 0.614770 0.239508
vt 0.616810 0.237500
vt 0.616913 0.239504
vt 0.618817 0.237500
vt 0.618813 0.239494
vt 0.625000 0.237500
vt 0.625000 0.239487
vt 0.612437 0.241459
vt 0.610000 0.241363
vt 0.614783 0.241463
vt 0.616847 0.241406
vt 0.618606 0.241340
vt 0.625000 0.241304
vt 0.612425 0.243262
vt 0.610000 0.243175
vt 0.614709 0.243202
vt 0.616663 0.243046
vt 0.618271 0.242888
vt 0.625000 0.242806
vt 0.612403 0.244854
vt 0.610000 0.244847
vt 0.614619 0.244677
vt 0.616470 0.244393
vt 0.617935 0.244112
vt 0.625000 0.243954
vt 0.617745 0.250000
vt 0.625000 0.244717
vt 0.363928 0.737500
vt 0.363991 0.739496
vt 0.361875 0.739455
vt 0.365931 0.737500
vt 0.366048 0.739508
vt 0.367834 0.737500
vt 0.367924 0.739504
vt 0.369590 0.737500
vt 0.369586 0.739494
vt 0.375000 0.737500
vt 0.375000 0.739487
vt 0.364007 0.741460
vt 0.361875 0.741363
vt 0.366060 0.741463
vt 0.367866 0.741406
vt 0.369405 0.741340
vt 0.375000 0.741304
vt 0.363997 0.743262
vt 0.361875 0.743175
vt 0.365996 0.743202
vt 0.367705 0.743046
vt 0.369112 0.742888
vt 0.375000 0.742806
vt 0.363978 0.744854
vt 0.361875 0.744847
vt 0.365917 0.744677
vt 0.367536 0.744393
vt 0.368818 0.744112
vt 0.375000 0.743954
vt 0.363961 0.750000
vt 0.361875 0.750000
vt 0.365869 0.750000
vt 0.367446 0.750000
vt 0.368652 0.750000
vt 0.377113 0.750088
vt 0.390000 0.739456
vt 0.387605 0.739516
vt 0.387653 0.737500
vt 0.390000 0.741363
vt 0.387590 0.741475
vt 0.390000 0.743175
vt 0.387596 0.743261
vt 0.390000 0.744847
vt 0.387608 0.744844
vt 0.390000 0.750000
vt 0.387616 0.750000
vt 0.385249 0.739531
vt 0.385365 0.737500
vt 0.385244 0.741486
vt 0.385313 0.743206
vt 0.385392 0.744671
vt 0.385436 0.750000
vt 0.383086 0.739521
vt 0.383190 0.737500
vt 0.383157 0.741425
vt 0.383345 0.743052
vt 0.383535 0.744392
vt 0.383633 0.750000
vt 0.381176 0.739503
vt 0.381183 0.737500
vt 0.381387 0.741350
vt 0.381729 0.742892
vt 0.382066 0.744112
vt 0.382255 0.750000
vt 0.387653 0.763125
vt 0.387581 0.761029
vt 0.390000 0.761072
vt 0.385365 0.763125
vt 0.385231 0.761016
vt 0.383190 0.763125
vt 0.383087 0.761021
vt 0.381183 0.763125
vt 0.381187 0.761032
vt 0.375000 0.763125
vt 0.375000 0.761039
vt 0.387563 0.758968
vt 0.390000 0.759069
vt 0.385217 0.758964
vt 0.383153 0.759024
vt 0.381394 0.759093
vt 0.375000 0.759131
vt 0.387575 0.757075
vt 0.390000 0.757166
vt 0.385291 0.757138
vt 0.383337 0.757302
vt 0.381729 0.757468
vt 0.375000 0.757554
vt 0.387597 0.755404
vt 0.390000 0.755410
vt 0.385381 0.755589
vt 0.383530 0.755888
vt 0.382065 0.756182
vt 0.375000 0.756348
vt 0.638125 0.739455
vt 0.636029 0.739516
vt 0.636072 0.737500
vt 0.638125 0.741363
vt 0.636017 0.741475
vt 0.638125 0.743175
vt 0.636021 0.743261
vt 0.638125 0.744847
vt 0.636032 0.744844
vt 0.638125 0.750000
vt 0.636039 0.750000
vt 0.633968 0.739531
vt 0.634069 0.737500
vt 0.633964 0.741486
vt 0.634024 0.743206
vt 0.634093 0.744672
vt 0.634131 0.750000
vt 0.632075 0.739520
vt 0.632166 0.737500
vt 0.632138 0.741425
vt 0.632302 0.743052
vt 0.632468 0.744392
vt 0.632554 0.750000
vt 0.630404 0.739503
vt 0.630410 0.737500
vt 0.630589 0.741350
vt 0.630887 0.742891
vt 0.631182 0.744112
vt 0.631348 0.750000
vt 0.625000 0.739487
vt 0.625000 0.737500
vt 0.625000 0.741304
vt 0.625000 0.742806
vt 0.625000 0.743954
vt 0.624736 0.748239
vt 0.610000 0.761072
vt 0.612395 0.761009
vt 0.612347 0.763125
vt 0.610000 0.759069
vt 0.612410 0.758952
vt 0.610000 0.757166
vt 0.612404 0.757076
vt 0.610000 0.755410
vt 0.612392 0.755414
vt 0.610000 0.750000
vt 0.612384 0.750000
vt 0.614751 0.760993
vt 0.614635 0.763125
vt 0.614756 0.758940
vt 0.614687 0.757134
vt 0.614608 0.755595
vt 0.614564 0.750000
vt 0.616914 0.761003
vt 0.616810 0.763125
vt 0.616842 0.759004
vt 0.616655 0.757295
vt 0.616465 0.755888
vt 0.616367 0.750000
vt 0.618824 0.761022
vt 0.618817 0.763125
vt 0.618613 0.759083
vt 0.618271 0.757464
vt 0.617934 0.756182
vt 0.617745 0.750000
vt 0.625000 0.761039
vt 0.625000 0.763125
vt 0.625000 0.759131
vt 0.625000 0.757554
vt 0.625000 0.756348
vt 0.612347 0.737500
vt 0.612419 0.739496
vt 0.610000 0.739456
vt 0.614635 0.737500
vt 0.614770 0.739508
vt 0.616810 0.737500
vt 0.616913 0.739504
vt 0.618817 0.737500
vt 0.618813 0.739494
vt 0.612437 0.741460
vt 0.610000 0.741363
vt 0.614783 0.741463
vt 0.616847 0.741406
vt 0.618606 0.741340
vt 0.612425 0.743262
vt 0.610000 0.743175
vt 0.614709 0.743202
vt 0.616663 0.743046
vt 0.618271 0.742888
vt 0.612403 0.744854
vt 0.610000 0.744847
vt 0.614619 0.744677
vt 0.616470 0.744393
vt 0.617935 0.744112
vt 0.610000 0.750000
vt 0.617745 0.750000
vt 0.361875 0.510544
vt 0.363971 0.510484
vt 0.363928 0.512500
vt 0.361875 0.508637
vt 0.363983 0.508525
vt 0.361875 0.506825
vt 0.363979 0.506739
vt 0.361875 0.505153
vt 0.363968 0.505156
vt 0.361875 0.500000
vt 0.363961 0.500000
vt 0.366032 0.510469
vt 0.365931 0.512500
vt 0.366036 0.508514
vt 0.365976 0.506794
vt 0.365907 0.505329
vt 0.365869 0.500000
vt 0.367925 0.510480
vt 0.367834 0.512500
vt 0.367862 0.508575
vt 0.367698 0.506948
vt 0.367532 0.505608
vt 0.367446 0.500000
vt 0.369596 0.510497
vt 0.369590 0.512500
vt 0.369411 0.508650
vt 0.369113 0.507109
vt 0.368818 0.505888
vt 0.368652 0.500000
vt 0.375000 0.510513
vt 0.375000 0.512500
vt 0.375000 0.508696
vt 0.375000 0.507194
vt 0.375000 0.506046
vt 0.375264 0.501761
vt 0.390000 0.488928
vt 0.387605 0.488991
vt 0.387653 0.486875
vt 0.390000 0.490931
vt 0.387590 0.491048
vt 0.390000 0.492834
vt 0.387596 0.492924
vt 0.390000 0.494590
vt 0.387608 0.494586
vt 0.390000 0.500000
vt 0.387616 0.500000
vt 0.385249 0.489007
vt 0.385365 0.486875
vt 0.385244 0.491060
vt 0.385313 0.492866
vt 0.385392 0.494405
vt 0.385436 0.500000
vt 0.383086 0.488997
vt 0.383190 0.486875
vt 0.383157 0.490996
vt 0.383345 0.492705
vt 0.383535 0.494112
vt 0.383633 0.500000
vt 0.381176 0.488978
vt 0.381183 0.486875
vt 0.381387 0.490917
vt 0.381729 0.492536
vt 0.382065 0.493818
vt 0.382255 0.500000
vt 0.375000 0.488961
vt 0.375000 0.486875
vt 0.375000 0.490869
vt 0.375000 0.492446
vt 0.375000 0.493652
vt 0.387653 0.512500
vt 0.387581 0.510504
vt 0.390000 0.510544
vt 0.385365 0.512500
vt 0.385231 0.510492
vt 0.383190 0.512500
vt 0.383087 0.510496
vt 0.381183 0.512500
vt 0.381187 0.510506
vt 0.387563 0.508541
vt 0.390000 0.508637
vt 0.385217 0.508537
vt 0.383153 0.508594
vt 0.381394 0.508660
vt 0.387575 0.506738
vt 0.390000 0.506825
vt 0.385291 0.506798
vt 0.383337 0.506954
vt 0.381729 0.507112
vt 0.387597 0.505146
vt 0.390000 0.505153
vt 0.385380 0.505323
vt 0.383530 0.505607
vt 0.382065 0.505888
vt 0.383633 0.500000
vt 0.636072 0.512500
vt 0.636009 0.510504
vt 0.638125 0.510544
vt 0.634069 0.512500
vt 0.633952 0.510492
vt 0.632166 0.512500
vt 0.632076 0.510496
vt 0.630410 0.512500
vt 0.630414 0.510506
vt 0.625000 0.512500
vt 0.625000 0.510513
vt 0.635993 0.508541
vt 0.638125 0.508637
vt 0.633940 0.508537
vt 0.632134 0.508594
vt 0.630595 0.508660
vt 0.625000 0.508696
vt 0.636004 0.506738
vt 0.638125 0.506825
vt 0.634004 0.506798
vt 0.632295 0.506954
vt 0.630888 0.507112
vt 0.625000 0.507194
vt 0.636022 0.505146
vt 0.638125 0.505153
vt 0.634083 0.505323
vt 0.632464 0.505607
vt 0.631182 0.505888
vt 0.625000 0.506046
vt 0.636039 0.500000
vt 0.638125 0.500000
vt 0.634131 0.500000
vt 0.632554 0.500000
vt 0.631348 0.500000
vt 0.622887 0.499912
vt 0.610000 0.510544
vt 0.612395 0.510484
vt 0.612347 0.512500
vt 0.610000 0.508637
vt 0.612410 0.508525
vt 0.610000 0.506825
vt 0.612404 0.506739
vt 0.610000 0.505153
vt 0.612392 0.505156
vt 0.610000 0.500000
vt 0.612384 0.500000
vt 0.614751 0.510469
vt 0.614635 0.512500
vt 0.614756 0.508514
vt 0.614687 0.506794
vt 0.614608 0.505329
vt 0.614564 0.500000
vt 0.616914 0.510479
vt 0.616810 0.512500
vt 0.616843 0.508575
vt 0.616655 0.506948
vt 0.616465 0.505608
vt 0.616367 0.500000
vt 0.618824 0.510497
vt 0.618817 0.512500
vt 0.618613 0.508650
vt 0.618271 0.507109
vt 0.617935 0.505888
vt 0.617745 0.500000
vt 0.625000 0.510513
vt 0.612347 0.486875
vt 0.612419 0.488971
vt 0.610000 0.488928
vt 0.614635 0.486875
vt 0.614770 0.488983
vt 0.616810 0.486875
vt 0.616913 0.488979
vt 0.618817 0.486875
vt 0.618813 0.488968
vt 0.625000 0.486875
vt 0.625000 0.488961
vt 0.612437 0.491032
vt 0.610000 0.490931
vt 0.614783 0.491036
vt 0.616847 0.490976
vt 0.618606 0.490907
vt 0.625000 0.490869
vt 0.612425 0.492925
vt 0.610000 0.492834
vt 0.614709 0.492862
vt 0.616663 0.492698
vt 0.618271 0.492532
vt 0.625000 0.492446
vt 0.612403 0.494596
vt 0.610000 0.494590
vt 0.614619 0.494411
vt 0.616470 0.494112
vt 0.617935 0.493818
vt 0.625000 0.493652
vt 0.603425 0.182511
vt 0.603425 0.183377
vt 0.603425 0.182431
vt 0.603425 0.183692
vt 0.603425 0.184383
vt 0.603425 0.184974
vt 0.603425 0.185452
vt 0.603425 0.186322
vt 0.603425 0.186565
vt 0.603425 0.187704
vt 0.603425 0.187699
vt 0.603425 0.184192
vt 0.603425 0.183384
vt 0.603425 0.185036
vt 0.603425 0.185907
vt 0.603425 0.186800
vt 0.603425 0.187700
vt 0.603425 0.184944
vt 0.603425 0.184290
vt 0.603425 0.185627
vt 0.603425 0.186318
vt 0.603425 0.187010
vt 0.603425 0.187703
vt 0.603425 0.185634
vt 0.603425 0.185124
vt 0.603425 0.186161
vt 0.603425 0.186687
vt 0.603425 0.187203
vt 0.603425 0.187704
vt 0.603425 0.187704
vt 0.608966 0.192981
vt 0.608045 0.192008
vt 0.609055 0.192897
vt 0.607706 0.192026
vt 0.606971 0.191192
vt 0.606339 0.191120
vt 0.605830 0.190444
vt 0.604900 0.190286
vt 0.604641 0.189763
vt 0.607174 0.190996
vt 0.608036 0.191716
vt 0.606273 0.190348
vt 0.605343 0.189766
vt 0.604391 0.189242
vt 0.606371 0.189933
vt 0.607069 0.190435
vt 0.605642 0.189483
vt 0.604905 0.189084
vt 0.604166 0.188719
vt 0.605634 0.188828
vt 0.606179 0.189087
vt 0.605072 0.188598
vt 0.604510 0.188395
vt 0.603960 0.188205
vt 0.597798 0.187704
vt 0.598835 0.187704
vt 0.597884 0.187704
vt 0.598815 0.187704
vt 0.599704 0.187704
vt 0.599781 0.187704
vt 0.600502 0.187704
vt 0.600671 0.187704
vt 0.601228 0.187704
vt 0.599915 0.187704
vt 0.599144 0.187704
vt 0.600605 0.187704
vt 0.601225 0.187704
vt 0.601785 0.187704
vt 0.601048 0.187704
vt 0.600511 0.187704
vt 0.601527 0.187704
vt 0.601953 0.187704
vt 0.602342 0.187704
vt 0.602226 0.187704
vt 0.601950 0.187704
vt 0.602471 0.187704
vt 0.602688 0.187704
vt 0.602890 0.187704
vt 0.597884 0.062296
vt 0.598807 0.062296
vt 0.597798 0.062296
vt 0.599144 0.062296
vt 0.599881 0.062296
vt 0.600511 0.062296
vt 0.601021 0.062296
vt 0.601950 0.062296
vt 0.602209 0.062296
vt 0.603425 0.062296
vt 0.603421 0.062296
vt 0.599677 0.062296
vt 0.598815 0.062296
vt 0.600577 0.062296
vt 0.601507 0.062296
vt 0.602459 0.062296
vt 0.603422 0.062296
vt 0.600480 0.062296
vt 0.599781 0.062296
vt 0.601209 0.062296
vt 0.601945 0.062296
vt 0.602684 0.062296
vt 0.603424 0.062296
vt 0.601216 0.062296
vt 0.600671 0.062296
vt 0.601778 0.062296
vt 0.602340 0.062296
vt 0.602890 0.062296
vt 0.603425 0.062296
vt 0.606593 0.057103
vt 0.606009 0.057966
vt 0.606543 0.057019
vt 0.606020 0.058284
vt 0.605519 0.058972
vt 0.605476 0.059565
vt 0.605070 0.060042
vt 0.604975 0.060913
vt 0.604661 0.061156
vt 0.605401 0.058782
vt 0.605834 0.057974
vt 0.605012 0.059626
vt 0.604663 0.060498
vt 0.604348 0.061391
vt 0.604763 0.059535
vt 0.605064 0.058880
vt 0.604493 0.060218
vt 0.604253 0.060909
vt 0.604034 0.061601
vt 0.604100 0.060225
vt 0.604255 0.059714
vt 0.603961 0.060752
vt 0.603840 0.061279
vt 0.603725 0.061794
vt 0.603425 0.067569
vt 0.603425 0.066597
vt 0.603425 0.067489
vt 0.603425 0.066616
vt 0.603425 0.065783
vt 0.603425 0.065710
vt 0.603425 0.065035
vt 0.603425 0.064876
vt 0.603425 0.064354
vt 0.603425 0.065585
vt 0.603425 0.066308
vt 0.603425 0.064938
vt 0.603425 0.064357
vt 0.603425 0.063833
vt 0.603425 0.064523
vt 0.603425 0.065026
vt 0.603425 0.064074
vt 0.603425 0.063675
vt 0.603425 0.063310
vt 0.603425 0.063419
vt 0.603425 0.063678
vt 0.603425 0.063189
vt 0.603425 0.062986
vt 0.603425 0.062797
vt 0.585698 0.062296
vt 0.584661 0.062296
vt 0.585612 0.062296
vt 0.584681 0.062296
vt 0.583792 0.062296
vt 0.583715 0.062296
vt 0.582994 0.062296
vt 0.582825 0.062296
vt 0.582268 0.062296
vt 0.580071 0.062296
vt 0.583581 0.062296
vt 0.584352 0.062296
vt 0.582891 0.062296
vt 0.582271 0.062296
vt 0.581711 0.062296
vt 0.582448 0.062296
vt 0.582985 0.062296
vt 0.581969 0.062296
vt 0.581543 0.062296
vt 0.581154 0.062296
vt 0.581270 0.062296
vt 0.581546 0.062296
vt 0.581025 0.062296
vt 0.580808 0.062296
vt 0.580606 0.062296
vt 0.580071 0.067489
vt 0.580071 0.066623
vt 0.580071 0.067569
vt 0.580071 0.066308
vt 0.580071 0.065617
vt 0.580071 0.065026
vt 0.580071 0.064548
vt 0.580071 0.063678
vt 0.580071 0.063435
vt 0.580071 0.062301
vt 0.580071 0.065808
vt 0.580071 0.066616
vt 0.580071 0.064964
vt 0.580071 0.064093
vt 0.580071 0.063200
vt 0.580071 0.062300
vt 0.580071 0.065056
vt 0.580071 0.065710
vt 0.580071 0.064373
vt 0.580071 0.063682
vt 0.580071 0.062990
vt 0.580071 0.062297
vt 0.580071 0.064366
vt 0.580071 0.064876
vt 0.580071 0.063839
vt 0.580071 0.063313
vt 0.580071 0.062797
vt 0.580071 0.062296
vt 0.574530 0.057019
vt 0.575451 0.057992
vt 0.574441 0.057103
vt 0.575790 0.057974
vt 0.576525 0.058808
vt 0.577157 0.058880
vt 0.577666 0.059556
vt 0.578596 0.059714
vt 0.578855 0.060237
vt 0.576322 0.059004
vt 0.575460 0.058284
vt 0.577223 0.059652
vt 0.578153 0.060234
vt 0.579105 0.060758
vt 0.577126 0.060067
vt 0.576427 0.059565
vt 0.577854 0.060517
vt 0.578591 0.060916
vt 0.579330 0.061281
vt 0.577862 0.061172
vt 0.577317 0.060913
vt 0.578424 0.061402
vt 0.578986 0.061605
vt 0.579536 0.061795
vt 0.585612 0.187704
vt 0.584689 0.187704
vt 0.585698 0.187704
vt 0.584352 0.187704
vt 0.583615 0.187704
vt 0.582985 0.187704
vt 0.582475 0.187704
vt 0.581546 0.187704
vt 0.581287 0.187704
vt 0.580071 0.187704
vt 0.580077 0.187704
vt 0.583819 0.187704
vt 0.584681 0.187704
vt 0.582919 0.187704
vt 0.581989 0.187704
vt 0.581037 0.187704
vt 0.580075 0.187704
vt 0.583016 0.187704
vt 0.583715 0.187704
vt 0.582287 0.187704
vt 0.581551 0.187704
vt 0.580812 0.187704
vt 0.580072 0.187704
vt 0.582280 0.187704
vt 0.582825 0.187704
vt 0.581718 0.187704
vt 0.581156 0.187704
vt 0.580606 0.187704
vt 0.580071 0.187704
vt 0.580071 0.187704
vt 0.574441 0.192897
vt 0.575479 0.192034
vt 0.574530 0.192981
vt 0.575460 0.191716
vt 0.576349 0.191028
vt 0.576426 0.190435
vt 0.577147 0.189958
vt 0.577317 0.189087
vt 0.577874 0.188844
vt 0.576559 0.191218
vt 0.575791 0.192026
vt 0.577251 0.190374
vt 0.577871 0.189502
vt 0.578431 0.188609
vt 0.577693 0.190465
vt 0.577158 0.191120
vt 0.578173 0.189782
vt 0.578600 0.189091
vt 0.578988 0.188399
vt 0.578872 0.189775
vt 0.578596 0.190286
vt 0.579118 0.189248
vt 0.579334 0.188721
vt 0.579537 0.188206
vt 0.580071 0.182431
vt 0.580071 0.183403
vt 0.580071 0.182511
vt 0.580071 0.183384
vt 0.580071 0.184217
vt 0.580071 0.184290
vt 0.580071 0.184965
vt 0.580071 0.185124
vt 0.580071 0.185646
vt 0.580071 0.184415
vt 0.580071 0.183692
vt 0.580071 0.185062
vt 0.580071 0.185643
vt 0.580071 0.186167
vt 0.580071 0.185477
vt 0.580071 0.184974
vt 0.580071 0.185926
vt 0.580071 0.186325
vt 0.580071 0.186690
vt 0.580071 0.186581
vt 0.580071 0.186322
vt 0.580071 0.186811
vt 0.580071 0.187014
vt 0.580071 0.187203
vt 0.586740 0.062296
vt 0.585675 0.062296
vt 0.585697 0.062296
vt 0.585669 0.062296
vt 0.585672 0.062296
vt 0.585677 0.062296
vt 0.585680 0.062296
vt 0.584628 0.062296
vt 0.584680 0.062296
vt 0.584626 0.062296
vt 0.584657 0.062296
vt 0.584692 0.062296
vt 0.584711 0.062296
vt 0.583666 0.062296
vt 0.583713 0.062296
vt 0.583698 0.062296
vt 0.583782 0.062296
vt 0.583866 0.062296
vt 0.583910 0.062296
vt 0.582817 0.062296
vt 0.582820 0.062296
vt 0.582911 0.062296
vt 0.583063 0.062296
vt 0.583213 0.062296
vt 0.583297 0.062296
vt 0.581011 0.063176
vt 0.585697 0.068546
vt 0.585665 0.067548
vt 0.586740 0.067568
vt 0.584680 0.068546
vt 0.584620 0.067542
vt 0.583713 0.068546
vt 0.583667 0.067544
vt 0.582821 0.068546
vt 0.582822 0.067549
vt 0.580071 0.068546
vt 0.580071 0.067552
vt 0.585657 0.066566
vt 0.586740 0.066614
vt 0.584614 0.066564
vt 0.583696 0.066593
vt 0.582914 0.066626
vt 0.580071 0.066644
vt 0.585662 0.065665
vt 0.586740 0.065708
vt 0.584647 0.065695
vt 0.583778 0.065773
vt 0.583063 0.065852
vt 0.580071 0.065893
vt 0.585672 0.064869
vt 0.586740 0.064872
vt 0.584687 0.064957
vt 0.583864 0.065099
vt 0.583212 0.065240
vt 0.580071 0.065319
vt 0.580071 0.067568
vt 0.580071 0.067538
vt 0.580071 0.066615
vt 0.580071 0.066558
vt 0.580071 0.065708
vt 0.580071 0.065665
vt 0.580071 0.064872
vt 0.580071 0.064874
vt 0.580071 0.067530
vt 0.580071 0.068546
vt 0.580071 0.066553
vt 0.580071 0.065693
vt 0.580071 0.064960
vt 0.580071 0.067536
vt 0.580071 0.068546
vt 0.580071 0.066583
vt 0.580071 0.065770
vt 0.580071 0.065100
vt 0.580071 0.067544
vt 0.580071 0.066621
vt 0.580071 0.065850
vt 0.580071 0.065240
vt 0.597799 0.062296
vt 0.597831 0.062296
vt 0.596756 0.062296
vt 0.598816 0.062296
vt 0.598876 0.062296
vt 0.599783 0.062296
vt 0.599829 0.062296
vt 0.600676 0.062296
vt 0.600674 0.062296
vt 0.597839 0.062296
vt 0.598882 0.062296
vt 0.599800 0.062296
vt 0.600582 0.062296
vt 0.597834 0.062296
vt 0.598849 0.062296
vt 0.599718 0.062296
vt 0.600433 0.062296
vt 0.597824 0.062296
vt 0.598809 0.062296
vt 0.599632 0.062296
vt 0.600283 0.062296
vt 0.597816 0.062296
vt 0.598785 0.062296
vt 0.599586 0.062296
vt 0.600199 0.062296
vt 0.602485 0.063176
vt 0.603425 0.068546
vt 0.603425 0.067548
vt 0.603425 0.067568
vt 0.603425 0.068546
vt 0.603425 0.067542
vt 0.603425 0.068546
vt 0.603425 0.067544
vt 0.603425 0.067549
vt 0.603425 0.067552
vt 0.603425 0.066566
vt 0.603425 0.066614
vt 0.603425 0.066564
vt 0.603425 0.066593
vt 0.603425 0.066626
vt 0.603425 0.066644
vt 0.603425 0.065665
vt 0.603425 0.065708
vt 0.603425 0.065695
vt 0.603425 0.065773
vt 0.603425 0.065852
vt 0.603425 0.065893
vt 0.603425 0.064869
vt 0.603425 0.064872
vt 0.603425 0.064957
vt 0.603425 0.065099
vt 0.603425 0.065240
vt 0.603425 0.065319
vt 0.596756 0.067568
vt 0.597821 0.067538
vt 0.597799 0.068546
vt 0.596756 0.066614
vt 0.597827 0.066558
vt 0.596756 0.065708
vt 0.597824 0.065665
vt 0.596756 0.064872
vt 0.597819 0.064874
vt 0.598868 0.067530
vt 0.598816 0.068546
vt 0.598870 0.066553
vt 0.598839 0.065693
vt 0.598804 0.064960
vt 0.599830 0.067536
vt 0.599783 0.068546
vt 0.599798 0.066583
vt 0.599714 0.065770
vt 0.599630 0.065100
vt 0.600679 0.067544
vt 0.600676 0.068546
vt 0.600585 0.066621
vt 0.600433 0.065850
vt 0.600283 0.065240
vt 0.603425 0.182432
vt 0.603425 0.182462
vt 0.603425 0.183385
vt 0.603425 0.183442
vt 0.603425 0.184292
vt 0.603425 0.184335
vt 0.603425 0.185128
vt 0.603425 0.185126
vt 0.603425 0.182470
vt 0.603425 0.183447
vt 0.603425 0.184307
vt 0.603425 0.185040
vt 0.603425 0.182464
vt 0.603425 0.181454
vt 0.603425 0.183417
vt 0.603425 0.184230
vt 0.603425 0.184900
vt 0.603425 0.182456
vt 0.603425 0.181454
vt 0.603425 0.183379
vt 0.603425 0.184150
vt 0.603425 0.184760
vt 0.603425 0.182448
vt 0.603425 0.183356
vt 0.603425 0.184107
vt 0.603425 0.184681
vt 0.602485 0.186824
vt 0.597821 0.187704
vt 0.597799 0.187704
vt 0.597827 0.187704
vt 0.597824 0.187704
vt 0.597819 0.187704
vt 0.597816 0.187704
vt 0.598868 0.187704
vt 0.598816 0.187704
vt 0.598870 0.187704
vt 0.598839 0.187704
vt 0.598804 0.187704
vt 0.598785 0.187704
vt 0.599830 0.187704
vt 0.599783 0.187704
vt 0.599798 0.187704
vt 0.599714 0.187704
vt 0.599630 0.187704
vt 0.599586 0.187704
vt 0.600679 0.187704
vt 0.600676 0.187704
vt 0.600585 0.187704
vt 0.600433 0.187704
vt 0.600283 0.187704
vt 0.600199 0.187704
vt 0.597799 0.181454
vt 0.597831 0.182452
vt 0.596756 0.182432
vt 0.598816 0.181454
vt 0.598876 0.182458
vt 0.599783 0.181454
vt 0.599829 0.182456
vt 0.600675 0.181454
vt 0.600674 0.182451
vt 0.603425 0.181454
vt 0.597839 0.183434
vt 0.596756 0.183385
vt 0.598882 0.183436
vt 0.599800 0.183407
vt 0.600582 0.183374
vt 0.597833 0.184335
vt 0.596756 0.184292
vt 0.598849 0.184305
vt 0.599718 0.184227
vt 0.600433 0.184148
vt 0.597824 0.185131
vt 0.596756 0.185128
vt 0.598809 0.185043
vt 0.599632 0.184901
vt 0.600284 0.184760
vt 0.585697 0.187704
vt 0.585665 0.187704
vt 0.584680 0.187704
vt 0.584620 0.187704
vt 0.583713 0.187704
vt 0.583667 0.187704
vt 0.582821 0.187704
vt 0.582822 0.187704
vt 0.585657 0.187704
vt 0.584614 0.187704
vt 0.583696 0.187704
vt 0.582914 0.187704
vt 0.585662 0.187704
vt 0.584647 0.187704
vt 0.583778 0.187704
vt 0.583063 0.187704
vt 0.585672 0.187704
vt 0.586740 0.187704
vt 0.584687 0.187704
vt 0.583864 0.187704
vt 0.583212 0.187704
vt 0.585680 0.187704
vt 0.584711 0.187704
vt 0.583910 0.187704
vt 0.583297 0.187704
vt 0.581011 0.186824
vt 0.580071 0.182452
vt 0.580071 0.182432
vt 0.580071 0.182458
vt 0.580071 0.181454
vt 0.580071 0.182456
vt 0.580071 0.182451
vt 0.580071 0.181454
vt 0.580071 0.182448
vt 0.580071 0.183434
vt 0.580071 0.183385
vt 0.580071 0.183436
vt 0.580071 0.183407
vt 0.580071 0.183374
vt 0.580071 0.183356
vt 0.580071 0.184335
vt 0.580071 0.184292
vt 0.580071 0.184305
vt 0.580071 0.184227
vt 0.580071 0.184148
vt 0.580071 0.184107
vt 0.580071 0.185131
vt 0.580071 0.185128
vt 0.580071 0.185043
vt 0.580071 0.184901
vt 0.580071 0.184760
vt 0.580071 0.184681
vt 0.586741 0.182432
vt 0.585675 0.182462
vt 0.585697 0.181454
vt 0.586741 0.183386
vt 0.585669 0.183442
vt 0.586740 0.184292
vt 0.585672 0.184335
vt 0.586740 0.185128
vt 0.585677 0.185126
vt 0.584628 0.182470
vt 0.584680 0.181454
vt 0.584626 0.183447
vt 0.584657 0.184307
vt 0.584692 0.185040
vt 0.583666 0.182464
vt 0.583713 0.181454
vt 0.583698 0.183417
vt 0.583782 0.184230
vt 0.583866 0.184900
vt 0.582817 0.182456
vt 0.582821 0.181454
vt 0.582911 0.183379
vt 0.583063 0.184150
vt 0.583213 0.184760
vt 0.580071 0.181454
vt 0.608966 0.057019
vt 0.607706 0.057974
vt 0.606339 0.058880
vt 0.604900 0.059714
vt 0.580071 0.505272
vt 0.580071 0.504319
vt 0.580071 0.503413
vt 0.580071 0.502576
vt 0.580071 0.500000
vt 0.580071 0.497424
vt 0.580071 0.496587
vt 0.580071 0.495681
vt 0.580071 0.494728
vt 0.603425 0.994728
vt 0.603425 0.995681
vt 0.603425 0.996587
vt 0.603425 0.997424
vt 0.603425 1.000000
vt 0.603425 0.000000
vt 0.603425 0.002576
vt 0.603425 0.003413
vt 0.603425 0.004319
vt 0.603425 0.005272
vt 0.580071 0.755272
vt 0.580071 0.754319
vt 0.580071 0.753413
vt 0.580071 0.752576
vt 0.580071 0.750000
vt 0.580071 0.747424
vt 0.580071 0.746587
vt 0.580071 0.745681
vt 0.580071 0.744728
vt 0.580071 0.255272
vt 0.580071 0.254319
vt 0.580071 0.253413
vt 0.580071 0.252576
vt 0.580071 0.250000
vt 0.580071 0.247424
vt 0.580071 0.246587
vt 0.580071 0.245681
vt 0.580071 0.244728
vt 0.630272 0.625000
vt 0.629319 0.625000
vt 0.628413 0.625000
vt 0.627576 0.625000
vt 0.625000 0.625000
vt 0.623453 0.625000
vt 0.622951 0.625000
vt 0.622407 0.625000
vt 0.621834 0.625000
vt 0.603425 0.755272
vt 0.603425 0.754319
vt 0.603425 0.753413
vt 0.603425 0.752576
vt 0.603425 0.750000
vt 0.603425 0.747424
vt 0.603425 0.746587
vt 0.603425 0.745681
vt 0.603425 0.744728
vt 0.369728 0.625000
vt 0.370681 0.625000
vt 0.371587 0.625000
vt 0.372424 0.625000
vt 0.375000 0.625000
vt 0.377749 0.625000
vt 0.378641 0.625000
vt 0.379608 0.625000
vt 0.380626 0.625000
vt 0.603425 0.994728
vt 0.580071 0.994728
vt 0.580071 0.995681
vt 0.603425 0.996587
vt 0.580071 0.996587
vt 0.580071 0.997424
vt 0.580071 1.000000
vt 0.580071 0.000000
vt 0.603425 0.002576
vt 0.580071 0.002576
vt 0.603425 0.003413
vt 0.580071 0.003413
vt 0.603425 0.004319
vt 0.580071 0.004319
vt 0.603425 0.005272
vt 0.580071 0.005272
vt 0.603425 0.256250
vt 0.603425 0.255272
vt 0.603425 0.254319
vt 0.603425 0.253413
vt 0.603425 0.252576
vt 0.603425 0.250000
vt 0.603425 0.247424
vt 0.603425 0.246587
vt 0.603425 0.245681
vt 0.603425 0.244728
vt 0.603425 0.505272
vt 0.603425 0.504319
vt 0.603425 0.503413
vt 0.603425 0.502576
vt 0.603425 0.500000
vt 0.603425 0.497424
vt 0.603425 0.496587
vt 0.603425 0.495681
vt 0.603425 0.494728
vt 0.603425 0.493750
vt 0.380626 0.187650
vt 0.380626 0.062350
vt 0.379608 0.187488
vt 0.379608 0.062512
vt 0.378641 0.187223
vt 0.378641 0.062777
vt 0.377749 0.186860
vt 0.377749 0.063140
vt 0.375000 0.186410
vt 0.375000 0.063590
vt 0.125000 0.687057
vt 0.125000 0.625647
vt 0.127576 0.625000
vt 0.127576 0.685883
vt 0.128413 0.625000
vt 0.128413 0.685291
vt 0.129319 0.625000
vt 0.129319 0.684650
vt 0.130272 0.625000
vt 0.130272 0.683976
vt 0.621834 0.062350
vt 0.621834 0.187650
vt 0.622407 0.062512
vt 0.622407 0.187488
vt 0.622951 0.062777
vt 0.622951 0.187223
vt 0.623453 0.063140
vt 0.623453 0.186860
vt 0.625000 0.063590
vt 0.625000 0.186410
vt 0.875000 0.625647
vt 0.875000 0.687057
vt 0.872424 0.685883
vt 0.872424 0.625000
vt 0.871587 0.685291
vt 0.871587 0.625000
vt 0.870681 0.684651
vt 0.870681 0.625000
vt 0.869728 0.683976
vt 0.869728 0.625000
vt 0.130272 0.683976
vt 0.129319 0.684651
vt 0.128413 0.685291
vt 0.127576 0.685883
vt 0.125000 0.687704
vt 0.375000 0.062296
vt 0.377749 0.063140
vt 0.378641 0.062777
vt 0.379608 0.062512
vt 0.380626 0.062350
vt 0.869728 0.683976
vt 0.870681 0.684650
vt 0.871587 0.685291
vt 0.872424 0.685883
vt 0.875000 0.687704
vt 0.625000 0.062296
vt 0.623453 0.063140
vt 0.622407 0.062512
vt 0.621834 0.062350
vt 0.380626 0.187650
vt 0.379608 0.187488
vt 0.378641 0.187223
vt 0.375000 0.187704
vt 0.125000 0.562296
vt 0.127576 0.564118
vt 0.128413 0.564709
vt 0.129319 0.565350
vt 0.130272 0.566024
vt 0.869728 0.566024
vt 0.870681 0.565350
vt 0.871587 0.564709
vt 0.872424 0.564118
vt 0.875000 0.562296
vt 0.625000 0.187704
vt 0.623453 0.186860
vt 0.622951 0.187223
vt 0.622407 0.187488
vt 0.621834 0.187650
vt 0.604975 0.189087
vt 0.605476 0.190435
vt 0.606020 0.191716
vt 0.606593 0.192897
vt 0.580071 0.996587
vt 0.580071 0.002576
vt 0.580071 0.003413
vt 0.580071 0.004319
vt 0.580071 0.005272
vt 0.574530 0.192981
vt 0.575790 0.192026
vt 0.577157 0.191120
vt 0.578596 0.190286
vt 0.575460 0.058284
vt 0.576426 0.059565
vt 0.577317 0.060913
s 0
usemtl Material
f 1845/1/1 1483/2/1 3/3/1 4/4/1
f 1494/5/1 4/4/1 1855/6/1 278/7/1
f 1483/2/1 7/8/1 1472/9/1 3/3/1
f 1516/10/2 1889/11/2 1866/12/2 461/13/2
f 1549/14/3 187/15/3 552/16/3 1462/17/3
f 6/18/4 369/19/4 1527/20/4 2/21/4 1473/22/4
f 1099/23/3 1189/24/3 824/25/3 734/26/3
f 1281/27/1 1371/28/1 1190/29/1 1098/30/1
f 1856/31/3 1549/32/3 1462/33/3 1878/34/3
f 1370/35/4 1006/36/4 825/37/4 1188/38/4
f 735/39/2 826/40/2 1008/41/2 916/42/2
f 917/43/5 1007/44/5 1372/45/5 1280/46/5
f 462/47/5 1867/48/5 1844/49/5 97/50/5
f 1572/51/2 1528/52/2 371/53/2 1561/54/2
f 1473/22/4 2/21/4 1539/55/4 553/56/4 189/57/4
f 3/3/1 1472/9/1 188/58/1 1550/59/1
f 1889/60/2 1516/10/2 1506/61/2 1755/62/2
f 4/4/1 3/3/1 1550/59/1 1855/6/1
f 1528/52/2 1572/63/2 1663/64/2 1538/65/2
f 643/66/2 1877/67/2 1755/62/2 1506/61/2
f 1527/68/4 1539/69/4 2/21/4
f 1867/70/5 1560/71/5 1484/72/5 1844/73/5
f 1505/74/6 1517/75/6 1/76/6
f 1889/77/2 1572/78/2 1561/79/2 1866/80/2
f 1664/81/6 1571/82/6 2161/83/6 2071/81/6
f 1877/84/2 1461/85/2 1663/86/2 1755/87/2
f 1505/74/6 1/88/6 1495/89/6 280/90/6 644/91/6
f 1461/92/2 551/93/2 1538/65/2 1663/94/2
f 279/95/3 1856/96/3 1878/97/3 642/98/3
f 98/99/1 1845/1/1 4/4/1 1494/5/1
f 460/100/6 96/101/6 1495/102/6 1/76/6 1517/103/6
f 1890/104/4 1754/105/4 1981/105/4 2253/104/4
f 915/106/6 1279/107/6 1097/108/6 733/109/6
f 1573/110/3 1888/111/3 2252/112/3 2162/113/3
f 2163/114/2 2254/115/2 1980/116/2 2072/117/2
f 1753/118/5 1662/119/5 2070/120/5 1979/121/5
f 5/122/7 8/123/7 14/124/7 13/125/7
f 8/123/8 9/126/8 15/127/8 14/124/8
f 9/126/9 10/128/9 16/129/9 15/127/9
f 10/128/10 11/130/10 17/131/10 16/129/10
f 11/130/11 12/132/11 18/133/11 17/131/11
f 13/125/12 14/124/12 20/134/12 19/135/12
f 14/124/13 15/127/13 21/136/13 20/134/13
f 15/127/14 16/129/14 22/137/14 21/136/14
f 16/129/15 17/131/15 23/138/15 22/137/15
f 17/131/16 18/133/16 24/139/16 23/138/16
f 19/135/17 20/134/17 26/140/17 25/141/17
f 20/134/18 21/136/18 27/142/18 26/140/18
f 21/136/19 22/137/19 28/143/19 27/142/19
f 22/137/20 23/138/20 29/144/20 28/143/20
f 23/138/21 24/139/21 30/145/21 29/144/21
f 25/141/22 26/140/22 32/146/22 31/147/22
f 26/140/23 27/142/23 33/148/23 32/146/23
f 27/142/24 28/143/24 34/149/24 33/148/24
f 28/143/25 29/144/25 35/150/25 34/149/25
f 29/144/26 30/145/26 36/151/26 35/150/26
f 31/147/27 32/146/27 77/152/27 71/153/27
f 32/146/28 33/148/28 83/154/28 77/152/28
f 33/148/29 34/149/29 89/155/29 83/154/29
f 34/149/30 35/150/30 95/156/30 89/155/30
f 35/150/31 36/151/31 37/157/31 95/156/31
f 6/18/32 38/158/32 44/159/32 43/160/32
f 38/158/33 39/161/33 45/162/33 44/159/33
f 39/161/34 40/163/34 46/164/34 45/162/34
f 40/163/35 41/165/35 47/166/35 46/164/35
f 41/165/36 42/167/36 48/168/36 47/166/36
f 43/160/37 44/159/37 50/169/37 49/170/37
f 44/159/38 45/162/38 51/171/38 50/169/38
f 45/162/39 46/164/39 52/172/39 51/171/39
f 46/164/40 47/166/40 53/173/40 52/172/40
f 47/166/41 48/168/41 54/174/41 53/173/41
f 49/170/42 50/169/42 56/175/42 55/176/42
f 50/169/43 51/171/43 57/177/43 56/175/43
f 51/171/44 52/172/44 58/178/44 57/177/44
f 52/172/45 53/173/45 59/179/45 58/178/45
f 53/173/46 54/174/46 60/180/46 59/179/46
f 55/176/47 56/175/47 62/181/47 61/182/47
f 56/175/48 57/177/48 63/183/48 62/181/48
f 57/177/49 58/178/49 64/184/49 63/183/49
f 58/178/50 59/179/50 65/185/50 64/184/50
f 59/179/51 60/180/51 66/186/51 65/185/51
f 61/182/52 62/181/52 18/187/52 12/188/52
f 62/181/53 63/183/53 24/189/53 18/187/53
f 63/183/54 64/184/54 30/190/54 24/189/54
f 64/184/55 65/185/55 36/191/55 30/190/55
f 65/185/56 66/186/56 37/157/56 36/191/56
f 7/8/57 67/192/57 73/193/57 72/194/57
f 67/192/58 68/195/58 74/196/58 73/193/58
f 68/195/59 69/197/59 75/198/59 74/196/59
f 69/197/60 70/199/60 76/200/60 75/198/60
f 70/199/61 71/201/61 77/152/61 76/200/61
f 72/194/62 73/193/62 79/202/62 78/203/62
f 73/193/63 74/196/63 80/204/63 79/202/63
f 74/196/64 75/198/64 81/205/64 80/204/64
f 75/198/65 76/200/65 82/206/65 81/205/65
f 76/200/66 77/152/66 83/154/66 82/206/66
f 78/203/67 79/202/67 85/207/67 84/208/67
f 79/202/68 80/204/68 86/209/68 85/207/68
f 80/204/69 81/205/69 87/210/69 86/209/69
f 81/205/70 82/206/70 88/211/70 87/210/70
f 82/206/71 83/154/71 89/155/71 88/211/71
f 84/208/72 85/207/72 91/212/72 90/213/72
f 85/207/73 86/209/73 92/214/73 91/212/73
f 86/209/74 87/210/74 93/215/74 92/214/74
f 87/210/75 88/211/75 94/216/75 93/215/75
f 88/211/76 89/155/76 95/156/76 94/216/76
f 90/213/77 91/212/77 48/168/77 42/167/77
f 91/212/78 92/214/78 54/174/78 48/168/78
f 92/214/79 93/215/79 60/180/79 54/174/79
f 93/215/80 94/216/80 66/186/80 60/180/80
f 94/216/81 95/156/81 37/157/81 66/186/81
f 96/101/82 99/217/82 105/218/82 104/219/82
f 99/217/83 100/220/83 106/221/83 105/218/83
f 100/220/84 101/222/84 107/223/84 106/221/84
f 101/222/85 102/224/85 108/225/85 107/223/85
f 102/224/86 103/226/86 109/227/86 108/225/86
f 104/219/87 105/218/87 111/228/87 110/229/87
f 105/218/88 106/221/88 112/230/88 111/228/88
f 106/221/89 107/223/89 113/231/89 112/230/89
f 107/223/90 108/225/90 114/232/90 113/231/90
f 108/225/91 109/227/91 115/233/91 114/232/91
f 110/229/92 111/228/92 117/234/92 116/235/92
f 111/228/93 112/230/93 118/236/93 117/234/93
f 112/230/94 113/231/94 119/237/94 118/236/94
f 113/231/95 114/232/95 120/238/95 119/237/95
f 114/232/96 115/233/96 121/239/96 120/238/96
f 116/235/97 117/234/97 123/240/97 122/241/97
f 117/234/98 118/236/98 124/242/98 123/240/98
f 118/236/99 119/237/99 125/243/99 124/242/99
f 119/237/100 120/238/100 126/244/100 125/243/100
f 120/238/101 121/239/101 127/245/101 126/244/101
f 122/241/102 123/240/102 168/246/102 162/247/102
f 123/240/103 124/242/103 174/248/103 168/246/103
f 124/242/104 125/243/104 180/249/104 174/248/104
f 125/243/105 126/244/105 186/250/105 180/249/105
f 126/244/106 127/245/106 128/251/106 186/250/106
f 97/50/107 129/252/107 135/253/107 134/254/107
f 129/252/108 130/255/108 136/256/108 135/253/108
f 130/255/109 131/257/109 137/258/109 136/256/109
f 131/257/110 132/259/110 138/260/110 137/258/110
f 132/259/111 133/261/111 139/262/111 138/260/111
f 134/254/112 135/253/112 141/263/112 140/264/112
f 135/253/113 136/256/113 142/265/113 141/263/113
f 136/256/114 137/258/114 143/266/114 142/265/114
f 137/258/115 138/260/115 144/267/115 143/266/115
f 138/260/116 139/262/116 145/268/116 144/267/116
f 140/264/117 141/263/117 147/269/117 146/270/117
f 141/263/118 142/265/118 148/271/118 147/269/118
f 142/265/119 143/266/119 149/272/119 148/271/119
f 143/266/120 144/267/120 150/273/120 149/272/120
f 144/267/121 145/268/121 151/274/121 150/273/121
f 146/270/122 147/269/122 153/275/122 152/276/122
f 147/269/123 148/271/123 154/277/123 153/275/123
f 148/271/124 149/272/124 155/278/124 154/277/124
f 149/272/125 150/273/125 156/279/125 155/278/125
f 150/273/126 151/274/126 157/280/126 156/279/126
f 152/276/127 153/275/127 109/281/127 103/282/127
f 153/275/128 154/277/128 115/283/128 109/281/128
f 154/277/129 155/278/129 121/284/129 115/283/129
f 155/278/130 156/279/130 127/285/130 121/284/130
f 156/279/131 157/280/131 128/251/131 127/285/131
f 98/99/132 158/286/132 164/287/132 163/288/132
f 158/286/133 159/289/133 165/290/133 164/287/133
f 159/289/134 160/291/134 166/292/134 165/290/134
f 160/291/135 161/293/135 167/294/135 166/292/135
f 161/293/136 162/247/136 168/246/136 167/294/136
f 163/288/137 164/287/137 170/295/137 169/296/137
f 164/287/138 165/290/138 171/297/138 170/295/138
f 165/290/139 166/292/139 172/298/139 171/297/139
f 166/292/140 167/294/140 173/299/140 172/298/140
f 167/294/141 168/246/141 174/248/141 173/299/141
f 169/296/142 170/295/142 176/300/142 175/301/142
f 170/295/143 171/297/143 177/302/143 176/300/143
f 171/297/144 172/298/144 178/303/144 177/302/144
f 172/298/145 173/299/145 179/304/145 178/303/145
f 173/299/146 174/248/146 180/249/146 179/304/146
f 175/301/147 176/300/147 182/305/147 181/306/147
f 176/300/148 177/302/148 183/307/148 182/305/148
f 177/302/149 178/303/149 184/308/149 183/307/149
f 178/303/150 179/304/150 185/309/150 184/308/150
f 179/304/151 180/249/151 186/250/151 185/309/151
f 181/306/152 182/305/152 139/262/152 133/261/152
f 182/305/153 183/307/153 145/268/153 139/262/153
f 183/307/154 184/308/154 151/274/154 145/268/154
f 184/308/155 185/309/155 157/280/155 151/274/155
f 185/309/156 186/250/156 128/251/156 157/280/156
f 187/15/157 190/310/157 196/311/157 195/312/157
f 190/310/158 191/313/158 197/314/158 196/311/158
f 191/313/159 192/315/159 198/316/159 197/314/159
f 192/315/160 193/317/160 199/318/160 198/316/160
f 193/317/161 194/319/161 200/320/161 199/318/161
f 195/312/162 196/311/162 202/321/162 201/322/162
f 196/311/163 197/314/163 203/323/163 202/321/163
f 197/314/164 198/316/164 204/324/164 203/323/164
f 198/316/165 199/318/165 205/325/165 204/324/165
f 199/318/166 200/320/166 206/326/166 205/325/166
f 201/322/167 202/321/167 208/327/167 207/328/167
f 202/321/168 203/323/168 209/329/168 208/327/168
f 203/323/169 204/324/169 210/330/169 209/329/169
f 204/324/170 205/325/170 211/331/170 210/330/170
f 205/325/171 206/326/171 212/332/171 211/331/171
f 207/328/172 208/327/172 214/333/172 213/334/172
f 208/327/173 209/329/173 215/335/173 214/333/173
f 209/329/174 210/330/174 216/336/174 215/335/174
f 210/330/175 211/331/175 217/337/175 216/336/175
f 211/331/176 212/332/176 218/338/176 217/337/176
f 213/334/177 214/333/177 259/339/177 253/340/177
f 214/333/178 215/335/178 265/341/178 259/339/178
f 215/335/179 216/336/179 271/342/179 265/341/179
f 216/336/180 217/337/180 277/343/180 271/342/180
f 217/337/181 218/338/181 219/344/181 277/343/181
f 188/58/182 220/345/182 226/346/182 225/347/182
f 220/345/183 221/348/183 227/349/183 226/346/183
f 221/348/184 222/350/184 228/351/184 227/349/184
f 222/350/185 223/352/185 229/353/185 228/351/185
f 223/352/186 224/354/186 230/355/186 229/353/186
f 225/347/187 226/346/187 232/356/187 231/357/187
f 226/346/188 227/349/188 233/358/188 232/356/188
f 227/349/189 228/351/189 234/359/189 233/358/189
f 228/351/190 229/353/190 235/360/190 234/359/190
f 229/353/191 230/355/191 236/361/191 235/360/191
f 231/357/192 232/356/192 238/362/192 237/363/192
f 232/356/193 233/358/193 239/364/193 238/362/193
f 233/358/194 234/359/194 240/365/194 239/364/194
f 234/359/195 235/360/195 241/366/195 240/365/195
f 235/360/196 236/361/196 242/367/196 241/366/196
f 237/363/197 238/362/197 244/368/197 243/369/197
f 238/362/198 239/364/198 245/370/198 244/368/198
f 239/364/199 240/365/199 246/371/199 245/370/199
f 240/365/200 241/366/200 247/372/200 246/371/200
f 241/366/201 242/367/201 248/373/201 247/372/201
f 243/369/202 244/368/202 200/374/202 194/375/202
f 244/368/203 245/370/203 206/376/203 200/374/203
f 245/370/204 246/371/204 212/332/204 206/376/204
f 246/371/205 247/372/205 218/338/205 212/332/205
f 247/372/206 248/373/206 219/344/206 218/338/206
f 189/57/207 249/377/207 255/378/207 254/379/207
f 249/377/208 250/380/208 256/381/208 255/378/208
f 250/380/209 251/382/209 257/383/209 256/381/209
f 251/382/210 252/384/210 258/385/210 257/383/210
f 252/384/211 253/386/211 259/387/211 258/385/211
f 254/379/212 255/378/212 261/388/212 260/389/212
f 255/378/213 256/381/213 262/390/213 261/388/213
f 256/381/214 257/383/214 263/391/214 262/390/214
f 257/383/215 258/385/215 264/392/215 263/391/215
f 258/385/216 259/387/216 265/393/216 264/392/216
f 260/389/217 261/388/217 267/394/217 266/395/217
f 261/388/218 262/390/218 268/396/218 267/394/218
f 262/390/219 263/391/219 269/397/219 268/396/219
f 263/391/220 264/392/220 270/398/220 269/397/220
f 264/392/221 265/393/221 271/399/221 270/398/221
f 266/395/222 267/394/222 273/400/222 272/401/222
f 267/394/223 268/396/223 274/402/223 273/400/223
f 268/396/224 269/397/224 275/403/224 274/402/224
f 269/397/225 270/398/225 276/404/225 275/403/225
f 270/398/226 271/399/226 277/405/226 276/404/226
f 272/401/227 273/400/227 230/355/227 224/354/227
f 273/400/228 274/402/228 236/361/228 230/355/228
f 274/402/229 275/403/229 242/367/229 236/361/229
f 275/403/230 276/404/230 248/373/230 242/367/230
f 276/404/231 277/405/231 219/344/231 248/373/231
f 278/7/232 281/406/232 287/407/232 286/408/232
f 281/406/233 282/409/233 288/410/233 287/407/233
f 282/409/234 283/411/234 289/412/234 288/410/234
f 283/411/235 284/413/235 290/414/235 289/412/235
f 284/413/236 285/415/236 291/416/236 290/414/236
f 286/408/237 287/407/237 293/417/237 292/418/237
f 287/407/238 288/410/238 294/419/238 293/417/238
f 288/410/239 289/412/239 295/420/239 294/419/239
f 289/412/240 290/414/240 296/421/240 295/420/240
f 290/414/241 291/416/241 297/422/241 296/421/241
f 292/418/242 293/417/242 299/423/242 298/424/242
f 293/417/243 294/419/243 300/425/243 299/423/243
f 294/419/244 295/420/244 301/426/244 300/425/244
f 295/420/245 296/421/245 302/427/245 301/426/245
f 296/421/246 297/422/246 303/428/246 302/427/246
f 298/424/247 299/423/247 305/429/247 304/430/247
f 299/423/248 300/425/248 306/431/248 305/429/248
f 300/425/249 301/426/249 307/432/249 306/431/249
f 301/426/250 302/427/250 308/433/250 307/432/250
f 302/427/251 303/428/251 309/434/251 308/433/251
f 304/430/252 305/429/252 350/435/252 344/436/252
f 305/429/253 306/431/253 356/437/253 350/435/253
f 306/431/254 307/432/254 362/438/254 356/437/254
f 307/432/255 308/433/255 368/439/255 362/438/255
f 308/433/256 309/434/256 310/440/256 368/439/256
f 279/95/257 311/441/257 317/442/257 316/443/257
f 311/441/258 312/444/258 318/445/258 317/442/258
f 312/444/259 313/446/259 319/447/259 318/445/259
f 313/446/260 314/448/260 320/449/260 319/447/260
f 314/448/261 315/450/261 321/451/261 320/449/261
f 316/443/262 317/442/262 323/452/262 322/453/262
f 317/442/263 318/445/263 324/454/263 323/452/263
f 318/445/264 319/447/264 325/455/264 324/454/264
f 319/447/265 320/449/265 326/456/265 325/455/265
f 320/449/266 321/451/266 327/457/266 326/456/266
f 322/453/267 323/452/267 329/458/267 328/459/267
f 323/452/268 324/454/268 330/460/268 329/458/268
f 324/454/269 325/455/269 331/461/269 330/460/269
f 325/455/270 326/456/270 332/462/270 331/461/270
f 326/456/271 327/457/271 333/463/271 332/462/271
f 328/459/272 329/458/272 335/464/272 334/465/272
f 329/458/273 330/460/273 336/466/273 335/464/273
f 330/460/274 331/461/274 337/467/274 336/466/274
f 331/461/275 332/462/275 338/468/275 337/467/275
f 332/462/276 333/463/276 339/469/276 338/468/276
f 334/465/277 335/464/277 291/416/277 285/415/277
f 335/464/278 336/466/278 297/422/278 291/416/278
f 336/466/279 337/467/279 303/428/279 297/422/279
f 337/467/280 338/468/280 309/434/280 303/428/280
f 338/468/281 339/469/281 310/440/281 309/434/281
f 280/90/282 340/470/282 346/471/282 345/472/282
f 340/470/283 341/473/283 347/474/283 346/471/283
f 341/473/284 342/475/284 348/476/284 347/474/284
f 342/475/285 343/477/285 349/478/285 348/476/285
f 343/477/286 344/436/286 350/435/286 349/478/286
f 345/472/287 346/471/287 352/479/287 351/480/287
f 346/471/288 347/474/288 353/481/288 352/479/288
f 347/474/289 348/476/289 354/482/289 353/481/289
f 348/476/290 349/478/290 355/483/290 354/482/290
f 349/478/291 350/435/291 356/437/291 355/483/291
f 351/480/292 352/479/292 358/484/292 357/485/292
f 352/479/293 353/481/293 359/486/293 358/484/293
f 353/481/294 354/482/294 360/487/294 359/486/294
f 354/482/295 355/483/295 361/488/295 360/487/295
f 355/483/296 356/437/296 362/438/296 361/488/296
f 357/485/297 358/484/297 364/489/297 363/490/297
f 358/484/298 359/486/298 365/491/298 364/489/298
f 359/486/299 360/487/299 366/492/299 365/491/299
f 360/487/300 361/488/300 367/493/300 366/492/300
f 361/488/301 362/438/301 368/439/301 367/493/301
f 363/490/302 364/489/302 321/494/302 315/495/302
f 364/489/303 365/491/303 327/496/303 321/494/303
f 365/491/304 366/492/304 333/497/304 327/496/304
f 366/492/305 367/493/305 339/498/305 333/497/305
f 367/493/306 368/439/306 310/440/306 339/498/306
f 369/19/307 372/499/307 378/500/307 377/501/307
f 372/499/308 373/502/308 379/503/308 378/500/308
f 373/502/309 374/504/309 380/505/309 379/503/309
f 374/504/310 375/506/310 381/507/310 380/505/310
f 375/506/311 376/508/311 382/509/311 381/507/311
f 377/501/312 378/500/312 384/510/312 383/511/312
f 378/500/313 379/503/313 385/512/313 384/510/313
f 379/503/314 380/505/314 386/513/314 385/512/314
f 380/505/315 381/507/315 387/514/315 386/513/315
f 381/507/316 382/509/316 388/515/316 387/514/316
f 383/511/317 384/510/317 390/516/317 389/517/317
f 384/510/318 385/512/318 391/518/318 390/516/318
f 385/512/319 386/513/319 392/519/319 391/518/319
f 386/513/320 387/514/320 393/520/320 392/519/320
f 387/514/321 388/515/321 394/521/321 393/520/321
f 389/517/322 390/516/322 396/522/322 395/523/322
f 390/516/323 391/518/323 397/524/323 396/522/323
f 391/518/324 392/519/324 398/525/324 397/524/324
f 392/519/325 393/520/325 399/526/325 398/525/325
f 393/520/326 394/521/326 400/527/326 399/526/326
f 395/523/327 396/522/327 441/528/327 435/529/327
f 396/522/328 397/524/328 447/530/328 441/528/328
f 397/524/329 398/525/329 453/531/329 447/530/329
f 398/525/330 399/526/330 459/532/330 453/531/330
f 399/526/331 400/527/331 401/533/331 459/532/331
f 370/534/332 402/535/332 408/536/332 407/537/332
f 402/535/333 403/538/333 409/539/333 408/536/333
f 403/538/334 404/540/334 410/541/334 409/539/334
f 404/540/335 405/542/335 411/543/335 410/541/335
f 405/542/336 406/544/336 412/545/336 411/543/336
f 407/537/337 408/536/337 414/546/337 413/547/337
f 408/536/338 409/539/338 415/548/338 414/546/338
f 409/539/339 410/541/339 416/549/339 415/548/339
f 410/541/340 411/543/340 417/550/340 416/549/340
f 411/543/341 412/545/341 418/551/341 417/550/341
f 413/547/342 414/546/342 420/552/342 419/553/342
f 414/546/343 415/548/343 421/554/343 420/552/343
f 415/548/344 416/549/344 422/555/344 421/554/344
f 416/549/345 417/550/345 423/556/345 422/555/345
f 417/550/346 418/551/346 424/557/346 423/556/346
f 419/553/347 420/552/347 426/558/347 425/559/347
f 420/552/348 421/554/348 427/560/348 426/558/348
f 421/554/349 422/555/349 428/561/349 427/560/349
f 422/555/350 423/556/350 429/562/350 428/561/350
f 423/556/351 424/557/351 430/563/351 429/562/351
f 425/559/352 426/558/352 382/564/352 376/565/352
f 426/558/353 427/560/353 388/566/353 382/564/353
f 427/560/354 428/561/354 394/567/354 388/566/354
f 428/561/355 429/562/355 400/568/355 394/567/355
f 429/562/356 430/563/356 401/569/356 400/568/356
f 371/53/357 431/570/357 437/571/357 436/572/357
f 431/570/358 432/573/358 438/574/358 437/571/358
f 432/573/359 433/575/359 439/576/359 438/574/359
f 433/575/360 434/577/360 440/578/360 439/576/360
f 434/577/361 435/579/361 441/580/361 440/578/361
f 436/572/362 437/571/362 443/581/362 442/582/362
f 437/571/363 438/574/363 444/583/363 443/581/363
f 438/574/364 439/576/364 445/584/364 444/583/364
f 439/576/365 440/578/365 446/585/365 445/584/365
f 440/578/366 441/580/366 447/586/366 446/585/366
f 442/582/367 443/581/367 449/587/367 448/588/367
f 443/581/368 444/583/368 450/589/368 449/587/368
f 444/583/369 445/584/369 451/590/369 450/589/369
f 445/584/370 446/585/370 452/591/370 451/590/370
f 446/585/371 447/586/371 453/592/371 452/591/371
f 448/588/372 449/587/372 455/593/372 454/594/372
f 449/587/373 450/589/373 456/595/373 455/593/373
f 450/589/374 451/590/374 457/596/374 456/595/374
f 451/590/375 452/591/375 458/597/375 457/596/375
f 452/591/376 453/592/376 459/598/376 458/597/376
f 454/594/377 455/593/377 412/599/377 406/600/377
f 455/593/378 456/595/378 418/601/378 412/599/378
f 456/595/379 457/596/379 424/557/379 418/601/379
f 457/596/380 458/597/380 430/563/380 424/557/380
f 458/597/381 459/598/381 401/602/381 430/563/381
f 460/100/382 463/603/382 469/604/382 468/605/382
f 463/603/383 464/606/383 470/607/383 469/604/383
f 464/606/384 465/608/384 471/609/384 470/607/384
f 465/608/385 466/610/385 472/611/385 471/609/385
f 466/610/386 467/612/386 473/613/386 472/611/386
f 468/605/387 469/604/387 475/614/387 474/615/387
f 469/604/388 470/607/388 476/616/388 475/614/388
f 470/607/389 471/609/389 477/617/389 476/616/389
f 471/609/390 472/611/390 478/618/390 477/617/390
f 472/611/391 473/613/391 479/619/391 478/618/391
f 474/615/392 475/614/392 481/620/392 480/621/392
f 475/614/393 476/616/393 482/622/393 481/620/393
f 476/616/394 477/617/394 483/623/394 482/622/394
f 477/617/395 478/618/395 484/624/395 483/623/395
f 478/618/396 479/619/396 485/625/396 484/624/396
f 480/621/397 481/620/397 487/626/397 486/627/397
f 481/620/398 482/622/398 488/628/398 487/626/398
f 482/622/399 483/623/399 489/629/399 488/628/399
f 483/623/400 484/624/400 490/630/400 489/629/400
f 484/624/401 485/625/401 491/631/401 490/630/401
f 486/627/402 487/626/402 532/632/402 526/633/402
f 487/626/403 488/628/403 538/634/403 532/632/403
f 488/628/404 489/629/404 544/635/404 538/634/404
f 489/629/405 490/630/405 550/636/405 544/635/405
f 490/630/406 491/631/406 492/637/406 550/636/406
f 461/13/407 493/638/407 499/639/407 498/640/407
f 493/638/408 494/641/408 500/642/408 499/639/408
f 494/641/409 495/643/409 501/644/409 500/642/409
f 495/643/410 496/645/410 502/646/410 501/644/410
f 496/645/411 497/647/411 503/648/411 502/646/411
f 498/640/412 499/639/412 505/649/412 504/650/412
f 499/639/413 500/642/413 506/651/413 505/649/413
f 500/642/414 501/644/414 507/652/414 506/651/414
f 501/644/415 502/646/415 508/653/415 507/652/415
f 502/646/416 503/648/416 509/654/416 508/653/416
f 504/650/417 505/649/417 511/655/417 510/656/417
f 505/649/418 506/651/418 512/657/418 511/655/418
f 506/651/419 507/652/419 513/658/419 512/657/419
f 507/652/420 508/653/420 514/659/420 513/658/420
f 508/653/421 509/654/421 515/660/421 514/659/421
f 510/656/422 511/655/422 517/661/422 516/662/422
f 511/655/423 512/657/423 518/663/423 517/661/423
f 512/657/424 513/658/424 519/664/424 518/663/424
f 513/658/425 514/659/425 520/665/425 519/664/425
f 514/659/426 515/660/426 521/666/426 520/665/426
f 516/662/427 517/661/427 473/667/427 467/668/427
f 517/661/428 518/663/428 479/669/428 473/667/428
f 518/663/429 519/664/429 485/670/429 479/669/429
f 519/664/430 520/665/430 491/671/430 485/670/430
f 520/665/431 521/666/431 492/672/431 491/671/431
f 462/47/432 522/673/432 528/674/432 527/675/432
f 522/673/433 523/676/433 529/677/433 528/674/433
f 523/676/434 524/678/434 530/679/434 529/677/434
f 524/678/435 525/680/435 531/681/435 530/679/435
f 525/680/436 526/682/436 532/683/436 531/681/436
f 527/675/437 528/674/437 534/684/437 533/685/437
f 528/674/438 529/677/438 535/686/438 534/684/438
f 529/677/439 530/679/439 536/687/439 535/686/439
f 530/679/440 531/681/440 537/688/440 536/687/440
f 531/681/441 532/683/441 538/689/441 537/688/441
f 533/685/442 534/684/442 540/690/442 539/691/442
f 534/684/443 535/686/443 541/692/443 540/690/443
f 535/686/444 536/687/444 542/693/444 541/692/444
f 536/687/445 537/688/445 543/694/445 542/693/445
f 537/688/446 538/689/446 544/695/446 543/694/446
f 539/691/447 540/690/447 546/696/447 545/697/447
f 540/690/448 541/692/448 547/698/448 546/696/448
f 541/692/449 542/693/449 548/699/449 547/698/449
f 542/693/450 543/694/450 549/700/450 548/699/450
f 543/694/451 544/695/451 550/701/451 549/700/451
f 545/697/452 546/696/452 503/648/452 497/647/452
f 546/696/453 547/698/453 509/654/453 503/648/453
f 547/698/454 548/699/454 515/660/454 509/654/454
f 548/699/455 549/700/455 521/666/455 515/660/455
f 549/700/456 550/701/456 492/702/456 521/666/456
f 551/93/457 554/703/457 560/704/457 559/705/457
f 554/703/458 555/706/458 561/707/458 560/704/458
f 555/706/459 556/708/459 562/709/459 561/707/459
f 556/708/460 557/710/460 563/711/460 562/709/460
f 557/710/461 558/712/461 564/713/461 563/711/461
f 559/705/462 560/704/462 566/714/462 565/715/462
f 560/704/463 561/707/463 567/716/463 566/714/463
f 561/707/464 562/709/464 568/717/464 567/716/464
f 562/709/465 563/711/465 569/718/465 568/717/465
f 563/711/466 564/713/466 570/719/466 569/718/466
f 565/715/467 566/714/467 572/720/467 571/721/467
f 566/714/468 567/716/468 573/722/468 572/720/468
f 567/716/469 568/717/469 574/723/469 573/722/469
f 568/717/470 569/718/470 575/724/470 574/723/470
f 569/718/471 570/719/471 576/725/471 575/724/471
f 571/721/472 572/720/472 578/726/472 577/727/472
f 572/720/473 573/722/473 579/728/473 578/726/473
f 573/722/474 574/723/474 580/729/474 579/728/474
f 574/723/475 575/724/475 581/730/475 580/729/475
f 575/724/476 576/725/476 582/731/476 581/730/476
f 577/727/477 578/726/477 623/732/477 617/733/477
f 578/726/478 579/728/478 629/734/478 623/732/478
f 579/728/479 580/729/479 635/735/479 629/734/479
f 580/729/480 581/730/480 641/736/480 635/735/480
f 581/730/481 582/731/481 583/737/481 641/736/481
f 552/16/482 584/738/482 590/739/482 589/740/482
f 584/738/483 585/741/483 591/742/483 590/739/483
f 585/741/484 586/743/484 592/744/484 591/742/484
f 586/743/485 587/745/485 593/746/485 592/744/485
f 587/745/486 588/747/486 594/748/486 593/746/486
f 589/740/487 590/739/487 596/749/487 595/750/487
f 590/739/488 591/742/488 597/751/488 596/749/488
f 591/742/489 592/744/489 598/752/489 597/751/489
f 592/744/490 593/746/490 599/753/490 598/752/490
f 593/746/491 594/748/491 600/754/491 599/753/491
f 595/750/492 596/749/492 602/755/492 601/756/492
f 596/749/493 597/751/493 603/757/493 602/755/493
f 597/751/494 598/752/494 604/758/494 603/757/494
f 598/752/495 599/753/495 605/759/495 604/758/495
f 599/753/496 600/754/496 606/760/496 605/759/496
f 601/756/497 602/755/497 608/761/497 607/762/497
f 602/755/498 603/757/498 609/763/498 608/761/498
f 603/757/499 604/758/499 610/764/499 609/763/499
f 604/758/500 605/759/500 611/765/500 610/764/500
f 605/759/501 606/760/501 612/766/501 611/765/501
f 607/762/502 608/761/502 564/767/502 558/768/502
f 608/761/503 609/763/503 570/769/503 564/767/503
f 609/763/504 610/764/504 576/770/504 570/769/504
f 610/764/505 611/765/505 582/771/505 576/770/505
f 611/765/506 612/766/506 583/772/506 582/771/506
f 553/56/507 613/773/507 619/774/507 618/775/507
f 613/773/508 614/776/508 620/777/508 619/774/508
f 614/776/509 615/778/509 621/779/509 620/777/509
f 615/778/510 616/780/510 622/781/510 621/779/510
f 616/780/511 617/782/511 623/783/511 622/781/511
f 618/775/512 619/774/512 625/784/512 624/785/512
f 619/774/513 620/777/513 626/786/513 625/784/513
f 620/777/514 621/779/514 627/787/514 626/786/514
f 621/779/515 622/781/515 628/788/515 627/787/515
f 622/781/516 623/783/516 629/789/516 628/788/516
f 624/785/517 625/784/517 631/790/517 630/791/517
f 625/784/518 626/786/518 632/792/518 631/790/518
f 626/786/519 627/787/519 633/793/519 632/792/519
f 627/787/520 628/788/520 634/794/520 633/793/520
f 628/788/521 629/789/521 635/795/521 634/794/521
f 630/791/522 631/790/522 637/796/522 636/797/522
f 631/790/523 632/792/523 638/798/523 637/796/523
f 632/792/524 633/793/524 639/799/524 638/798/524
f 633/793/525 634/794/525 640/800/525 639/799/525
f 634/794/526 635/795/526 641/801/526 640/800/526
f 636/797/527 637/796/527 594/802/527 588/803/527
f 637/796/528 638/798/528 600/804/528 594/802/528
f 638/798/529 639/799/529 606/805/529 600/804/529
f 639/799/530 640/800/530 612/806/530 606/805/530
f 640/800/531 641/801/531 583/807/531 612/806/531
f 642/98/532 645/808/532 651/809/532 650/810/532
f 645/808/533 646/811/533 652/812/533 651/809/533
f 646/811/534 647/813/534 653/814/534 652/812/534
f 647/813/535 648/815/535 654/816/535 653/814/535
f 648/815/536 649/817/536 655/818/536 654/816/536
f 650/810/537 651/809/537 657/819/537 656/820/537
f 651/809/538 652/812/538 658/821/538 657/819/538
f 652/812/539 653/814/539 659/822/539 658/821/539
f 653/814/540 654/816/540 660/823/540 659/822/540
f 654/816/541 655/818/541 661/824/541 660/823/541
f 656/820/542 657/819/542 663/825/542 662/826/542
f 657/819/543 658/821/543 664/827/543 663/825/543
f 658/821/544 659/822/544 665/828/544 664/827/544
f 659/822/545 660/823/545 666/829/545 665/828/545
f 660/823/546 661/824/546 667/830/546 666/829/546
f 662/826/547 663/825/547 669/831/547 668/832/547
f 663/825/548 664/827/548 670/833/548 669/831/548
f 664/827/549 665/828/549 671/834/549 670/833/549
f 665/828/550 666/829/550 672/835/550 671/834/550
f 666/829/551 667/830/551 673/836/551 672/835/551
f 668/832/552 669/831/552 714/837/552 708/838/552
f 669/831/553 670/833/553 720/839/553 714/837/553
f 670/833/554 671/834/554 726/840/554 720/839/554
f 671/834/555 672/835/555 732/841/555 726/840/555
f 672/835/556 673/836/556 674/842/556 732/841/556
f 643/66/557 675/843/557 681/844/557 680/845/557
f 675/843/558 676/846/558 682/847/558 681/844/558
f 676/846/559 677/848/559 683/849/559 682/847/559
f 677/848/560 678/850/560 684/851/560 683/849/560
f 678/850/561 679/852/561 685/853/561 684/851/561
f 680/845/562 681/844/562 687/854/562 686/855/562
f 681/844/563 682/847/563 688/856/563 687/854/563
f 682/847/564 683/849/564 689/857/564 688/856/564
f 683/849/565 684/851/565 690/858/565 689/857/565
f 684/851/566 685/853/566 691/859/566 690/858/566
f 686/855/567 687/854/567 693/860/567 692/861/567
f 687/854/568 688/856/568 694/862/568 693/860/568
f 688/856/569 689/857/569 695/863/569 694/862/569
f 689/857/570 690/858/570 696/864/570 695/863/570
f 690/858/571 691/859/571 697/865/571 696/864/571
f 692/861/572 693/860/572 699/866/572 698/867/572
f 693/860/573 694/862/573 700/868/573 699/866/573
f 694/862/574 695/863/574 701/869/574 700/868/574
f 695/863/575 696/864/575 702/870/575 701/869/575
f 696/864/576 697/865/576 703/871/576 702/870/576
f 698/867/577 699/866/577 655/872/577 649/873/577
f 699/866/578 700/868/578 661/874/578 655/872/578
f 700/868/579 701/869/579 667/875/579 661/874/579
f 701/869/580 702/870/580 673/876/580 667/875/580
f 702/870/581 703/871/581 674/877/581 673/876/581
f 644/91/582 704/878/582 710/879/582 709/880/582
f 704/878/583 705/881/583 711/882/583 710/879/583
f 705/881/584 706/883/584 712/884/584 711/882/584
f 706/883/585 707/885/585 713/886/585 712/884/585
f 707/885/586 708/887/586 714/888/586 713/886/586
f 709/880/587 710/879/587 716/889/587 715/890/587
f 710/879/588 711/882/588 717/891/588 716/889/588
f 711/882/589 712/884/589 718/892/589 717/891/589
f 712/884/590 713/886/590 719/893/590 718/892/590
f 713/886/591 714/888/591 720/894/591 719/893/591
f 715/890/592 716/889/592 722/895/592 721/896/592
f 716/889/593 717/891/593 723/897/593 722/895/593
f 717/891/594 718/892/594 724/898/594 723/897/594
f 718/892/595 719/893/595 725/899/595 724/898/595
f 719/893/596 720/894/596 726/900/596 725/899/596
f 721/896/597 722/895/597 728/901/597 727/902/597
f 722/895/598 723/897/598 729/903/598 728/901/598
f 723/897/599 724/898/599 730/904/599 729/903/599
f 724/898/600 725/899/600 731/905/600 730/904/600
f 725/899/601 726/900/601 732/906/601 731/905/601
f 727/902/602 728/901/602 685/907/602 679/908/602
f 728/901/603 729/903/603 691/909/603 685/907/603
f 729/903/604 730/904/604 697/910/604 691/909/604
f 730/904/605 731/905/605 703/911/605 697/910/605
f 731/905/606 732/906/606 674/912/606 703/911/606
f 733/109/582 736/913/582 742/914/582 741/915/582
f 736/913/583 737/916/583 743/917/583 742/914/583
f 737/916/584 738/918/584 744/919/584 743/917/584
f 738/918/585 739/920/585 745/921/585 744/919/585
f 739/920/586 740/922/586 746/923/586 745/921/586
f 741/915/587 742/914/587 748/924/587 747/925/587
f 742/914/588 743/917/588 749/926/588 748/924/588
f 743/917/589 744/919/589 750/927/589 749/926/589
f 744/919/590 745/921/590 751/928/590 750/927/590
f 745/921/591 746/923/591 752/929/591 751/928/591
f 747/925/607 748/924/607 754/930/607 753/931/607
f 748/924/593 749/926/593 755/932/593 754/930/593
f 749/926/594 750/927/594 756/933/594 755/932/594
f 750/927/608 751/928/608 757/934/608 756/933/608
f 751/928/596 752/929/596 758/935/596 757/934/596
f 753/931/597 754/930/597 760/936/597 759/937/597
f 754/930/598 755/932/598 761/938/598 760/936/598
f 755/932/599 756/933/599 762/939/599 761/938/599
f 756/933/600 757/934/600 763/940/600 762/939/600
f 757/934/601 758/935/601 764/941/601 763/940/601
f 759/937/602 760/936/602 805/942/602 799/943/602
f 760/936/603 761/938/603 811/944/603 805/942/603
f 761/938/604 762/939/604 817/945/604 811/944/604
f 762/939/605 763/940/605 823/946/605 817/945/605
f 763/940/606 764/941/606 765/947/606 823/946/606
f 734/26/532 766/948/532 772/949/532 771/950/532
f 766/948/533 767/951/533 773/952/533 772/949/533
f 767/951/534 768/953/534 774/954/534 773/952/534
f 768/953/535 769/955/535 775/956/535 774/954/535
f 769/955/536 770/957/536 776/958/536 775/956/536
f 771/950/537 772/949/537 778/959/537 777/960/537
f 772/949/538 773/952/538 779/961/538 778/959/538
f 773/952/539 774/954/539 780/962/539 779/961/539
f 774/954/540 775/956/540 781/963/540 780/962/540
f 775/956/541 776/958/541 782/964/541 781/963/541
f 777/960/542 778/959/542 784/965/542 783/966/542
f 778/959/543 779/961/543 785/967/543 784/965/543
f 779/961/544 780/962/544 786/968/544 785/967/544
f 780/962/545 781/963/545 787/969/545 786/968/545
f 781/963/546 782/964/546 788/970/546 787/969/546
f 783/966/547 784/965/547 790/971/547 789/972/547
f 784/965/548 785/967/548 791/973/548 790/971/548
f 785/967/549 786/968/549 792/974/549 791/973/549
f 786/968/550 787/969/550 793/975/550 792/974/550
f 787/969/551 788/970/551 794/976/551 793/975/551
f 789/972/552 790/971/552 746/977/552 740/978/552
f 790/971/553 791/973/553 752/979/553 746/977/553
f 791/973/554 792/974/554 758/980/554 752/979/554
f 792/974/609 793/975/609 764/981/609 758/980/609
f 793/975/556 794/976/556 765/982/556 764/981/556
f 735/39/610 795/983/610 801/984/610 800/985/610
f 795/983/558 796/986/558 802/987/558 801/984/558
f 796/986/559 797/988/559 803/989/559 802/987/559
f 797/988/560 798/990/560 804/991/560 803/989/560
f 798/990/611 799/992/611 805/993/611 804/991/611
f 800/985/562 801/984/562 807/994/562 806/995/562
f 801/984/563 802/987/563 808/996/563 807/994/563
f 802/987/564 803/989/564 809/997/564 808/996/564
f 803/989/565 804/991/565 810/998/565 809/997/565
f 804/991/566 805/993/566 811/999/566 810/998/566
f 806/995/567 807/994/567 813/1000/567 812/1001/567
f 807/994/568 808/996/568 814/1002/568 813/1000/568
f 808/996/612 809/997/612 815/1003/612 814/1002/612
f 809/997/570 810/998/570 816/1004/570 815/1003/570
f 810/998/613 811/999/613 817/1005/613 816/1004/613
f 812/1001/572 813/1000/572 819/1006/572 818/1007/572
f 813/1000/573 814/1002/573 820/1008/573 819/1006/573
f 814/1002/574 815/1003/574 821/1009/574 820/1008/574
f 815/1003/575 816/1004/575 822/1010/575 821/1009/575
f 816/1004/576 817/1005/576 823/1011/576 822/1010/576
f 818/1007/577 819/1006/577 776/1012/577 770/1013/577
f 819/1006/578 820/1008/578 782/1014/578 776/1012/578
f 820/1008/614 821/1009/614 788/1015/614 782/1014/614
f 821/1009/580 822/1010/580 794/1016/580 788/1015/580
f 822/1010/581 823/1011/581 765/1017/581 794/1016/581
f 824/25/482 827/1018/482 833/1019/482 832/1020/482
f 827/1018/483 828/1021/483 834/1022/483 833/1019/483
f 828/1021/484 829/1023/484 835/1024/484 834/1022/484
f 829/1023/485 830/1025/485 836/1026/485 835/1024/485
f 830/1025/615 831/1027/615 837/1028/615 836/1026/615
f 832/1020/487 833/1019/487 839/1029/487 838/1030/487
f 833/1019/488 834/1022/488 840/1031/488 839/1029/488
f 834/1022/489 835/1024/489 841/1032/489 840/1031/489
f 835/1024/490 836/1026/490 842/1033/490 841/1032/490
f 836/1026/616 837/1028/616 843/1034/616 842/1033/616
f 838/1030/492 839/1029/492 845/1035/492 844/1036/492
f 839/1029/493 840/1031/493 846/1037/493 845/1035/493
f 840/1031/617 841/1032/617 847/1038/617 846/1037/617
f 841/1032/495 842/1033/495 848/1039/495 847/1038/495
f 842/1033/496 843/1034/496 849/1040/496 848/1039/496
f 844/1036/497 845/1035/497 851/1041/497 850/1042/497
f 845/1035/498 846/1037/498 852/1043/498 851/1041/498
f 846/1037/618 847/1038/618 853/1044/618 852/1043/618
f 847/1038/500 848/1039/500 854/1045/500 853/1044/500
f 848/1039/501 849/1040/501 855/1046/501 854/1045/501
f 850/1042/502 851/1041/502 896/1047/502 890/1048/502
f 851/1041/503 852/1043/503 902/1049/503 896/1047/503
f 852/1043/504 853/1044/504 908/1050/504 902/1049/504
f 853/1044/505 854/1045/505 914/1051/505 908/1050/505
f 854/1045/506 855/1046/506 856/1052/506 914/1051/506
f 825/37/619 857/1053/619 863/1054/619 862/1055/619
f 857/1053/508 858/1056/508 864/1057/508 863/1054/508
f 858/1056/620 859/1058/620 865/1059/620 864/1057/620
f 859/1058/510 860/1060/510 866/1061/510 865/1059/510
f 860/1060/511 861/1062/511 867/1063/511 866/1061/511
f 862/1055/512 863/1054/512 869/1064/512 868/1065/512
f 863/1054/513 864/1057/513 870/1066/513 869/1064/513
f 864/1057/514 865/1059/514 871/1067/514 870/1066/514
f 865/1059/515 866/1061/515 872/1068/515 871/1067/515
f 866/1061/516 867/1063/516 873/1069/516 872/1068/516
f 868/1065/517 869/1064/517 875/1070/517 874/1071/517
f 869/1064/518 870/1066/518 876/1072/518 875/1070/518
f 870/1066/519 871/1067/519 877/1073/519 876/1072/519
f 871/1067/520 872/1068/520 878/1074/520 877/1073/520
f 872/1068/521 873/1069/521 879/1075/521 878/1074/521
f 874/1071/522 875/1070/522 881/1076/522 880/1077/522
f 875/1070/523 876/1072/523 882/1078/523 881/1076/523
f 876/1072/524 877/1073/524 883/1079/524 882/1078/524
f 877/1073/525 878/1074/525 884/1080/525 883/1079/525
f 878/1074/526 879/1075/526 885/1081/526 884/1080/526
f 880/1077/527 881/1076/527 837/1082/527 831/1083/527
f 881/1076/528 882/1078/528 843/1084/528 837/1082/528
f 882/1078/529 883/1079/529 849/1085/529 843/1084/529
f 883/1079/530 884/1080/530 855/1086/530 849/1085/530
f 884/1080/531 885/1081/531 856/1087/531 855/1086/531
f 826/40/621 886/1088/621 892/1089/621 891/1090/621
f 886/1088/458 887/1091/458 893/1092/458 892/1089/458
f 887/1091/459 888/1093/459 894/1094/459 893/1092/459
f 888/1093/460 889/1095/460 895/1096/460 894/1094/460
f 889/1095/461 890/1097/461 896/1098/461 895/1096/461
f 891/1090/462 892/1089/462 898/1099/462 897/1100/462
f 892/1089/463 893/1092/463 899/1101/463 898/1099/463
f 893/1092/464 894/1094/464 900/1102/464 899/1101/464
f 894/1094/465 895/1096/465 901/1103/465 900/1102/465
f 895/1096/466 896/1098/466 902/1104/466 901/1103/466
f 897/1100/467 898/1099/467 904/1105/467 903/1106/467
f 898/1099/468 899/1101/468 905/1107/468 904/1105/468
f 899/1101/469 900/1102/469 906/1108/469 905/1107/469
f 900/1102/470 901/1103/470 907/1109/470 906/1108/470
f 901/1103/471 902/1104/471 908/1110/471 907/1109/471
f 903/1106/472 904/1105/472 910/1111/472 909/1112/472
f 904/1105/473 905/1107/473 911/1113/473 910/1111/473
f 905/1107/474 906/1108/474 912/1114/474 911/1113/474
f 906/1108/622 907/1109/622 913/1115/622 912/1114/622
f 907/1109/476 908/1110/476 914/1116/476 913/1115/476
f 909/1112/477 910/1111/477 867/1117/477 861/1118/477
f 910/1111/478 911/1113/478 873/1119/478 867/1117/478
f 911/1113/479 912/1114/479 879/1120/479 873/1119/479
f 912/1114/480 913/1115/480 885/1121/480 879/1120/480
f 913/1115/481 914/1116/481 856/1122/481 885/1121/481
f 915/106/623 918/1123/623 924/1124/623 923/1125/623
f 918/1123/383 919/1126/383 925/1127/383 924/1124/383
f 919/1126/624 920/1128/624 926/1129/624 925/1127/624
f 920/1128/385 921/1130/385 927/1131/385 926/1129/385
f 921/1130/386 922/1132/386 928/1133/386 927/1131/386
f 923/1125/387 924/1124/387 930/1134/387 929/1135/387
f 924/1124/388 925/1127/388 931/1136/388 930/1134/388
f 925/1127/389 926/1129/389 932/1137/389 931/1136/389
f 926/1129/390 927/1131/390 933/1138/390 932/1137/390
f 927/1131/391 928/1133/391 934/1139/391 933/1138/391
f 929/1135/392 930/1134/392 936/1140/392 935/1141/392
f 930/1134/393 931/1136/393 937/1142/393 936/1140/393
f 931/1136/394 932/1137/394 938/1143/394 937/1142/394
f 932/1137/395 933/1138/395 939/1144/395 938/1143/395
f 933/1138/396 934/1139/396 940/1145/396 939/1144/396
f 935/1141/397 936/1140/397 942/1146/397 941/1147/397
f 936/1140/398 937/1142/398 943/1148/398 942/1146/398
f 937/1142/399 938/1143/399 944/1149/399 943/1148/399
f 938/1143/400 939/1144/400 945/1150/400 944/1149/400
f 939/1144/401 940/1145/401 946/1151/401 945/1150/401
f 941/1147/402 942/1146/402 987/1152/402 981/1153/402
f 942/1146/403 943/1148/403 993/1154/403 987/1152/403
f 943/1148/404 944/1149/404 999/1155/404 993/1154/404
f 944/1149/405 945/1150/405 1005/1156/405 999/1155/405
f 945/1150/406 946/1151/406 947/1157/406 1005/1156/406
f 916/42/625 948/1158/625 954/1159/625 953/1160/625
f 948/1158/408 949/1161/408 955/1162/408 954/1159/408
f 949/1161/409 950/1163/409 956/1164/409 955/1162/409
f 950/1163/410 951/1165/410 957/1166/410 956/1164/410
f 951/1165/411 952/1167/411 958/1168/411 957/1166/411
f 953/1160/412 954/1159/412 960/1169/412 959/1170/412
f 954/1159/413 955/1162/413 961/1171/413 960/1169/413
f 955/1162/414 956/1164/414 962/1172/414 961/1171/414
f 956/1164/415 957/1166/415 963/1173/415 962/1172/415
f 957/1166/626 958/1168/626 964/1174/626 963/1173/626
f 959/1170/417 960/1169/417 966/1175/417 965/1176/417
f 960/1169/418 961/1171/418 967/1177/418 966/1175/418
f 961/1171/419 962/1172/419 968/1178/419 967/1177/419
f 962/1172/420 963/1173/420 969/1179/420 968/1178/420
f 963/1173/421 964/1174/421 970/1180/421 969/1179/421
f 965/1176/422 966/1175/422 972/1181/422 971/1182/422
f 966/1175/423 967/1177/423 973/1183/423 972/1181/423
f 967/1177/424 968/1178/424 974/1184/424 973/1183/424
f 968/1178/627 969/1179/627 975/1185/627 974/1184/627
f 969/1179/426 970/1180/426 976/1186/426 975/1185/426
f 971/1182/427 972/1181/427 928/1187/427 922/1188/427
f 972/1181/428 973/1183/428 934/1189/428 928/1187/428
f 973/1183/429 974/1184/429 940/1190/429 934/1189/429
f 974/1184/430 975/1185/430 946/1191/430 940/1190/430
f 975/1185/431 976/1186/431 947/1192/431 946/1191/431
f 917/43/432 977/1193/432 983/1194/432 982/1195/432
f 977/1193/433 978/1196/433 984/1197/433 983/1194/433
f 978/1196/434 979/1198/434 985/1199/434 984/1197/434
f 979/1198/435 980/1200/435 986/1201/435 985/1199/435
f 980/1200/628 981/1202/628 987/1203/628 986/1201/628
f 982/1195/437 983/1194/437 989/1204/437 988/1205/437
f 983/1194/438 984/1197/438 990/1206/438 989/1204/438
f 984/1197/439 985/1199/439 991/1207/439 990/1206/439
f 985/1199/440 986/1201/440 992/1208/440 991/1207/440
f 986/1201/441 987/1203/441 993/1209/441 992/1208/441
f 988/1205/442 989/1204/442 995/1210/442 994/1211/442
f 989/1204/443 990/1206/443 996/1212/443 995/1210/443
f 990/1206/629 991/1207/629 997/1213/629 996/1212/629
f 991/1207/445 992/1208/445 998/1214/445 997/1213/445
f 992/1208/630 993/1209/630 999/1215/630 998/1214/630
f 994/1211/447 995/1210/447 1001/1216/447 1000/1217/447
f 995/1210/448 996/1212/448 1002/1218/448 1001/1216/448
f 996/1212/631 997/1213/631 1003/1219/631 1002/1218/631
f 997/1213/450 998/1214/450 1004/1220/450 1003/1219/450
f 998/1214/451 999/1215/451 1005/1221/451 1004/1220/451
f 1000/1217/452 1001/1216/452 958/1168/452 952/1167/452
f 1001/1216/453 1002/1218/453 964/1174/453 958/1168/453
f 1002/1218/632 1003/1219/632 970/1222/632 964/1174/632
f 1003/1219/455 1004/1220/455 976/1186/455 970/1222/455
f 1004/1220/456 1005/1221/456 947/1223/456 976/1186/456
f 1006/36/307 1009/1224/307 1015/1225/307 1014/1226/307
f 1009/1224/308 1010/1227/308 1016/1228/308 1015/1225/308
f 1010/1227/309 1011/1229/309 1017/1230/309 1016/1228/309
f 1011/1229/310 1012/1231/310 1018/1232/310 1017/1230/310
f 1012/1231/311 1013/1233/311 1019/1234/311 1018/1232/311
f 1014/1226/312 1015/1225/312 1021/1235/312 1020/1236/312
f 1015/1225/313 1016/1228/313 1022/1237/313 1021/1235/313
f 1016/1228/314 1017/1230/314 1023/1238/314 1022/1237/314
f 1017/1230/315 1018/1232/315 1024/1239/315 1023/1238/315
f 1018/1232/316 1019/1234/316 1025/1240/316 1024/1239/316
f 1020/1236/633 1021/1235/633 1027/1241/633 1026/1242/633
f 1021/1235/318 1022/1237/318 1028/1243/318 1027/1241/318
f 1022/1237/319 1023/1238/319 1029/1244/319 1028/1243/319
f 1023/1238/634 1024/1239/634 1030/1245/634 1029/1244/634
f 1024/1239/321 1025/1240/321 1031/1246/321 1030/1245/321
f 1026/1242/322 1027/1241/322 1033/1247/322 1032/1248/322
f 1027/1241/323 1028/1243/323 1034/1249/323 1033/1247/323
f 1028/1243/324 1029/1244/324 1035/1250/324 1034/1249/324
f 1029/1244/325 1030/1245/325 1036/1251/325 1035/1250/325
f 1030/1245/326 1031/1246/326 1037/1252/326 1036/1251/326
f 1032/1248/327 1033/1247/327 1078/1253/327 1072/1254/327
f 1033/1247/328 1034/1249/328 1084/1255/328 1078/1253/328
f 1034/1249/329 1035/1250/329 1090/1256/329 1084/1255/329
f 1035/1250/330 1036/1251/330 1096/1257/330 1090/1256/330
f 1036/1251/331 1037/1252/331 1038/1258/331 1096/1257/331
f 1007/44/332 1039/1259/332 1045/1260/332 1044/1261/332
f 1039/1259/333 1040/1262/333 1046/1263/333 1045/1260/333
f 1040/1262/334 1041/1264/334 1047/1265/334 1046/1263/334
f 1041/1264/335 1042/1266/335 1048/1267/335 1047/1265/335
f 1042/1266/336 1043/1268/336 1049/1269/336 1048/1267/336
f 1044/1261/337 1045/1260/337 1051/1270/337 1050/1271/337
f 1045/1260/338 1046/1263/338 1052/1272/338 1051/1270/338
f 1046/1263/339 1047/1265/339 1053/1273/339 1052/1272/339
f 1047/1265/340 1048/1267/340 1054/1274/340 1053/1273/340
f 1048/1267/341 1049/1269/341 1055/1275/341 1054/1274/341
f 1050/1271/342 1051/1270/342 1057/1276/342 1056/1277/342
f 1051/1270/343 1052/1272/343 1058/1278/343 1057/1276/343
f 1052/1272/344 1053/1273/344 1059/1279/344 1058/1278/344
f 1053/1273/345 1054/1274/345 1060/1280/345 1059/1279/345
f 1054/1274/346 1055/1275/346 1061/1281/346 1060/1280/346
f 1056/1277/347 1057/1276/347 1063/1282/347 1062/1283/347
f 1057/1276/348 1058/1278/348 1064/1284/348 1063/1282/348
f 1058/1278/349 1059/1279/349 1065/1285/349 1064/1284/349
f 1059/1279/350 1060/1280/350 1066/1286/350 1065/1285/350
f 1060/1280/351 1061/1281/351 1067/1287/351 1066/1286/351
f 1062/1283/352 1063/1282/352 1019/1288/352 1013/1289/352
f 1063/1282/353 1064/1284/353 1025/1290/353 1019/1288/353
f 1064/1284/354 1065/1285/354 1031/1291/354 1025/1290/354
f 1065/1285/635 1066/1286/635 1037/1292/635 1031/1291/635
f 1066/1286/636 1067/1287/636 1038/1293/636 1037/1292/636
f 1008/41/637 1068/1294/637 1074/1295/637 1073/1296/637
f 1068/1294/358 1069/1297/358 1075/1298/358 1074/1295/358
f 1069/1297/359 1070/1299/359 1076/1300/359 1075/1298/359
f 1070/1299/360 1071/1301/360 1077/1302/360 1076/1300/360
f 1071/1301/638 1072/1303/638 1078/1304/638 1077/1302/638
f 1073/1296/362 1074/1295/362 1080/1305/362 1079/1306/362
f 1074/1295/363 1075/1298/363 1081/1307/363 1080/1305/363
f 1075/1298/364 1076/1300/364 1082/1308/364 1081/1307/364
f 1076/1300/365 1077/1302/365 1083/1309/365 1082/1308/365
f 1077/1302/366 1078/1304/366 1084/1310/366 1083/1309/366
f 1079/1306/367 1080/1305/367 1086/1311/367 1085/1312/367
f 1080/1305/368 1081/1307/368 1087/1313/368 1086/1311/368
f 1081/1307/639 1082/1308/639 1088/1314/639 1087/1313/639
f 1082/1308/370 1083/1309/370 1089/1315/370 1088/1314/370
f 1083/1309/640 1084/1310/640 1090/1316/640 1089/1315/640
f 1085/1312/372 1086/1311/372 1092/1317/372 1091/1318/372
f 1086/1311/373 1087/1313/373 1093/1319/373 1092/1317/373
f 1087/1313/374 1088/1314/374 1094/1320/374 1093/1319/374
f 1088/1314/375 1089/1315/375 1095/1321/375 1094/1320/375
f 1089/1315/376 1090/1316/376 1096/1322/376 1095/1321/376
f 1091/1318/377 1092/1317/377 1049/1269/377 1043/1268/377
f 1092/1317/378 1093/1319/378 1055/1275/378 1049/1269/378
f 1093/1319/641 1094/1320/641 1061/1281/641 1055/1275/641
f 1094/1320/380 1095/1321/380 1067/1323/380 1061/1281/380
f 1095/1321/381 1096/1322/381 1038/1324/381 1067/1323/381
f 1097/108/642 1100/1325/642 1106/1326/642 1105/1327/642
f 1100/1325/283 1101/1328/283 1107/1329/283 1106/1326/283
f 1101/1328/643 1102/1330/643 1108/1331/643 1107/1329/643
f 1102/1330/285 1103/1332/285 1109/1333/285 1108/1331/285
f 1103/1332/286 1104/1334/286 1110/1335/286 1109/1333/286
f 1105/1327/287 1106/1326/287 1112/1336/287 1111/1337/287
f 1106/1326/288 1107/1329/288 1113/1338/288 1112/1336/288
f 1107/1329/289 1108/1331/289 1114/1339/289 1113/1338/289
f 1108/1331/290 1109/1333/290 1115/1340/290 1114/1339/290
f 1109/1333/291 1110/1335/291 1116/1341/291 1115/1340/291
f 1111/1337/292 1112/1336/292 1118/1342/292 1117/1343/292
f 1112/1336/293 1113/1338/293 1119/1344/293 1118/1342/293
f 1113/1338/294 1114/1339/294 1120/1345/294 1119/1344/294
f 1114/1339/295 1115/1340/295 1121/1346/295 1120/1345/295
f 1115/1340/296 1116/1341/296 1122/1347/296 1121/1346/296
f 1117/1343/297 1118/1342/297 1124/1348/297 1123/1349/297
f 1118/1342/298 1119/1344/298 1125/1350/298 1124/1348/298
f 1119/1344/299 1120/1345/299 1126/1351/299 1125/1350/299
f 1120/1345/300 1121/1346/300 1127/1352/300 1126/1351/300
f 1121/1346/301 1122/1347/301 1128/1353/301 1127/1352/301
f 1123/1349/302 1124/1348/302 1169/1354/302 1163/1355/302
f 1124/1348/303 1125/1350/303 1175/1356/303 1169/1354/303
f 1125/1350/304 1126/1351/304 1181/1357/304 1175/1356/304
f 1126/1351/305 1127/1352/305 1187/1358/305 1181/1357/305
f 1127/1352/306 1128/1353/306 1129/1359/306 1187/1358/306
f 1098/30/644 1130/1360/644 1136/1361/644 1135/1362/644
f 1130/1360/233 1131/1363/233 1137/1364/233 1136/1361/233
f 1131/1363/234 1132/1365/234 1138/1366/234 1137/1364/234
f 1132/1365/235 1133/1367/235 1139/1368/235 1138/1366/235
f 1133/1367/236 1134/1369/236 1140/1370/236 1139/1368/236
f 1135/1362/237 1136/1361/237 1142/1371/237 1141/1372/237
f 1136/1361/238 1137/1364/238 1143/1373/238 1142/1371/238
f 1137/1364/239 1138/1366/239 1144/1374/239 1143/1373/239
f 1138/1366/240 1139/1368/240 1145/1375/240 1144/1374/240
f 1139/1368/241 1140/1370/241 1146/1376/241 1145/1375/241
f 1141/1372/242 1142/1371/242 1148/1377/242 1147/1378/242
f 1142/1371/243 1143/1373/243 1149/1379/243 1148/1377/243
f 1143/1373/244 1144/1374/244 1150/1380/244 1149/1379/244
f 1144/1374/245 1145/1375/245 1151/1381/245 1150/1380/245
f 1145/1375/246 1146/1376/246 1152/1382/246 1151/1381/246
f 1147/1378/247 1148/1377/247 1154/1383/247 1153/1384/247
f 1148/1377/248 1149/1379/248 1155/1385/248 1154/1383/248
f 1149/1379/249 1150/1380/249 1156/1386/249 1155/1385/249
f 1150/1380/645 1151/1381/645 1157/1387/645 1156/1386/645
f 1151/1381/251 1152/1382/251 1158/1388/251 1157/1387/251
f 1153/1384/252 1154/1383/252 1110/1335/252 1104/1334/252
f 1154/1383/253 1155/1385/253 1116/1341/253 1110/1335/253
f 1155/1385/254 1156/1386/254 1122/1347/254 1116/1341/254
f 1156/1386/255 1157/1387/255 1128/1353/255 1122/1347/255
f 1157/1387/256 1158/1388/256 1129/1359/256 1128/1353/256
f 1099/23/257 1159/1389/257 1165/1390/257 1164/1391/257
f 1159/1389/258 1160/1392/258 1166/1393/258 1165/1390/258
f 1160/1392/259 1161/1394/259 1167/1395/259 1166/1393/259
f 1161/1394/260 1162/1396/260 1168/1397/260 1167/1395/260
f 1162/1396/646 1163/1398/646 1169/1399/646 1168/1397/646
f 1164/1391/262 1165/1390/262 1171/1400/262 1170/1401/262
f 1165/1390/263 1166/1393/263 1172/1402/263 1171/1400/263
f 1166/1393/264 1167/1395/264 1173/1403/264 1172/1402/264
f 1167/1395/265 1168/1397/265 1174/1404/265 1173/1403/265
f 1168/1397/647 1169/1399/647 1175/1405/647 1174/1404/647
f 1170/1401/267 1171/1400/267 1177/1406/267 1176/1407/267
f 1171/1400/268 1172/1402/268 1178/1408/268 1177/1406/268
f 1172/1402/648 1173/1403/648 1179/1409/648 1178/1408/648
f 1173/1403/270 1174/1404/270 1180/1410/270 1179/1409/270
f 1174/1404/271 1175/1405/271 1181/1411/271 1180/1410/271
f 1176/1407/272 1177/1406/272 1183/1412/272 1182/1413/272
f 1177/1406/273 1178/1408/273 1184/1414/273 1183/1412/273
f 1178/1408/649 1179/1409/649 1185/1415/649 1184/1414/649
f 1179/1409/275 1180/1410/275 1186/1416/275 1185/1415/275
f 1180/1410/276 1181/1411/276 1187/1417/276 1186/1416/276
f 1182/1413/277 1183/1412/277 1140/1370/277 1134/1369/277
f 1183/1412/278 1184/1414/278 1146/1376/278 1140/1370/278
f 1184/1414/279 1185/1415/279 1152/1382/279 1146/1376/279
f 1185/1415/280 1186/1416/280 1158/1388/280 1152/1382/280
f 1186/1416/281 1187/1417/281 1129/1359/281 1158/1388/281
f 1188/38/207 1191/1418/207 1197/1419/207 1196/1420/207
f 1191/1418/208 1192/1421/208 1198/1422/208 1197/1419/208
f 1192/1421/209 1193/1423/209 1199/1424/209 1198/1422/209
f 1193/1423/210 1194/1425/210 1200/1426/210 1199/1424/210
f 1194/1425/211 1195/1427/211 1201/1428/211 1200/1426/211
f 1196/1420/212 1197/1419/212 1203/1429/212 1202/1430/212
f 1197/1419/213 1198/1422/213 1204/1431/213 1203/1429/213
f 1198/1422/214 1199/1424/214 1205/1432/214 1204/1431/214
f 1199/1424/215 1200/1426/215 1206/1433/215 1205/1432/215
f 1200/1426/216 1201/1428/216 1207/1434/216 1206/1433/216
f 1202/1430/650 1203/1429/650 1209/1435/650 1208/1436/650
f 1203/1429/218 1204/1431/218 1210/1437/218 1209/1435/218
f 1204/1431/219 1205/1432/219 1211/1438/219 1210/1437/219
f 1205/1432/651 1206/1433/651 1212/1439/651 1211/1438/651
f 1206/1433/221 1207/1434/221 1213/1440/221 1212/1439/221
f 1208/1436/222 1209/1435/222 1215/1441/222 1214/1442/222
f 1209/1435/223 1210/1437/223 1216/1443/223 1215/1441/223
f 1210/1437/224 1211/1438/224 1217/1444/224 1216/1443/224
f 1211/1438/225 1212/1439/225 1218/1445/225 1217/1444/225
f 1212/1439/226 1213/1440/226 1219/1446/226 1218/1445/226
f 1214/1442/227 1215/1441/227 1260/1447/227 1254/1448/227
f 1215/1441/228 1216/1443/228 1266/1449/228 1260/1447/228
f 1216/1443/229 1217/1444/229 1272/1450/229 1266/1449/229
f 1217/1444/230 1218/1445/230 1278/1451/230 1272/1450/230
f 1218/1445/231 1219/1446/231 1220/1452/231 1278/1451/231
f 1189/24/157 1221/1453/157 1227/1454/157 1226/1455/157
f 1221/1453/158 1222/1456/158 1228/1457/158 1227/1454/158
f 1222/1456/159 1223/1458/159 1229/1459/159 1228/1457/159
f 1223/1458/160 1224/1460/160 1230/1461/160 1229/1459/160
f 1224/1460/161 1225/1462/161 1231/1463/161 1230/1461/161
f 1226/1455/162 1227/1454/162 1233/1464/162 1232/1465/162
f 1227/1454/163 1228/1457/163 1234/1466/163 1233/1464/163
f 1228/1457/164 1229/1459/164 1235/1467/164 1234/1466/164
f 1229/1459/165 1230/1461/165 1236/1468/165 1235/1467/165
f 1230/1461/166 1231/1463/166 1237/1469/166 1236/1468/166
f 1232/1465/167 1233/1464/167 1239/1470/167 1238/1471/167
f 1233/1464/168 1234/1466/168 1240/1472/168 1239/1470/168
f 1234/1466/169 1235/1467/169 1241/1473/169 1240/1472/169
f 1235/1467/170 1236/1468/170 1242/1474/170 1241/1473/170
f 1236/1468/171 1237/1469/171 1243/1475/171 1242/1474/171
f 1238/1471/172 1239/1470/172 1245/1476/172 1244/1477/172
f 1239/1470/173 1240/1472/173 1246/1478/173 1245/1476/173
f 1240/1472/174 1241/1473/174 1247/1479/174 1246/1478/174
f 1241/1473/175 1242/1474/175 1248/1480/175 1247/1479/175
f 1242/1474/176 1243/1475/176 1249/1481/176 1248/1480/176
f 1244/1477/177 1245/1476/177 1201/1482/177 1195/1483/177
f 1245/1476/178 1246/1478/178 1207/1484/178 1201/1482/178
f 1246/1478/179 1247/1479/179 1213/1485/179 1207/1484/179
f 1247/1479/652 1248/1480/652 1219/1486/652 1213/1485/652
f 1248/1480/181 1249/1481/181 1220/1452/181 1219/1486/181
f 1190/29/653 1250/1487/653 1256/1488/653 1255/1489/653
f 1250/1487/183 1251/1490/183 1257/1491/183 1256/1488/183
f 1251/1490/184 1252/1492/184 1258/1493/184 1257/1491/184
f 1252/1492/185 1253/1494/185 1259/1495/185 1258/1493/185
f 1253/1494/654 1254/1448/654 1260/1447/654 1259/1495/654
f 1255/1489/187 1256/1488/187 1262/1496/187 1261/1497/187
f 1256/1488/188 1257/1491/188 1263/1498/188 1262/1496/188
f 1257/1491/189 1258/1493/189 1264/1499/189 1263/1498/189
f 1258/1493/190 1259/1495/190 1265/1500/190 1264/1499/190
f 1259/1495/191 1260/1447/191 1266/1449/191 1265/1500/191
f 1261/1497/192 1262/1496/192 1268/1501/192 1267/1502/192
f 1262/1496/193 1263/1498/193 1269/1503/193 1268/1501/193
f 1263/1498/655 1264/1499/655 1270/1504/655 1269/1503/655
f 1264/1499/195 1265/1500/195 1271/1505/195 1270/1504/195
f 1265/1500/656 1266/1449/656 1272/1450/656 1271/1505/656
f 1267/1502/197 1268/1501/197 1274/1506/197 1273/1507/197
f 1268/1501/198 1269/1503/198 1275/1508/198 1274/1506/198
f 1269/1503/199 1270/1504/199 1276/1509/199 1275/1508/199
f 1270/1504/200 1271/1505/200 1277/1510/200 1276/1509/200
f 1271/1505/201 1272/1450/201 1278/1451/201 1277/1510/201
f 1273/1507/202 1274/1506/202 1231/1463/202 1225/1511/202
f 1274/1506/203 1275/1508/203 1237/1469/203 1231/1463/203
f 1275/1508/657 1276/1509/657 1243/1475/657 1237/1469/657
f 1276/1509/205 1277/1510/205 1249/1512/205 1243/1475/205
f 1277/1510/206 1278/1451/206 1220/1452/206 1249/1512/206
f 1279/107/82 1282/1513/82 1288/1514/82 1287/1515/82
f 1282/1513/83 1283/1516/83 1289/1517/83 1288/1514/83
f 1283/1516/84 1284/1518/84 1290/1519/84 1289/1517/84
f 1284/1518/85 1285/1520/85 1291/1521/85 1290/1519/85
f 1285/1520/86 1286/1522/86 1292/1523/86 1291/1521/86
f 1287/1515/87 1288/1514/87 1294/1524/87 1293/1525/87
f 1288/1514/88 1289/1517/88 1295/1526/88 1294/1524/88
f 1289/1517/89 1290/1519/89 1296/1527/89 1295/1526/89
f 1290/1519/90 1291/1521/90 1297/1528/90 1296/1527/90
f 1291/1521/91 1292/1523/91 1298/1529/91 1297/1528/91
f 1293/1525/658 1294/1524/658 1300/1530/658 1299/1531/658
f 1294/1524/93 1295/1526/93 1301/1532/93 1300/1530/93
f 1295/1526/94 1296/1527/94 1302/1533/94 1301/1532/94
f 1296/1527/659 1297/1528/659 1303/1534/659 1302/1533/659
f 1297/1528/96 1298/1529/96 1304/1535/96 1303/1534/96
f 1299/1531/97 1300/1530/97 1306/1536/97 1305/1537/97
f 1300/1530/98 1301/1532/98 1307/1538/98 1306/1536/98
f 1301/1532/99 1302/1533/99 1308/1539/99 1307/1538/99
f 1302/1533/100 1303/1534/100 1309/1540/100 1308/1539/100
f 1303/1534/101 1304/1535/101 1310/1541/101 1309/1540/101
f 1305/1537/102 1306/1536/102 1351/1542/102 1345/1543/102
f 1306/1536/103 1307/1538/103 1357/1544/103 1351/1542/103
f 1307/1538/104 1308/1539/104 1363/1545/104 1357/1544/104
f 1308/1539/105 1309/1540/105 1369/1546/105 1363/1545/105
f 1309/1540/106 1310/1541/106 1311/1547/106 1369/1546/106
f 1280/46/107 1312/1548/107 1318/1549/107 1317/1550/107
f 1312/1548/108 1313/1551/108 1319/1552/108 1318/1549/108
f 1313/1551/109 1314/1553/109 1320/1554/109 1319/1552/109
f 1314/1553/110 1315/1555/110 1321/1556/110 1320/1554/110
f 1315/1555/111 1316/1557/111 1322/1558/111 1321/1556/111
f 1317/1550/112 1318/1549/112 1324/1559/112 1323/1560/112
f 1318/1549/113 1319/1552/113 1325/1561/113 1324/1559/113
f 1319/1552/114 1320/1554/114 1326/1562/114 1325/1561/114
f 1320/1554/115 1321/1556/115 1327/1563/115 1326/1562/115
f 1321/1556/116 1322/1558/116 1328/1564/116 1327/1563/116
f 1323/1560/117 1324/1559/117 1330/1565/117 1329/1566/117
f 1324/1559/118 1325/1561/118 1331/1567/118 1330/1565/118
f 1325/1561/119 1326/1562/119 1332/1568/119 1331/1567/119
f 1326/1562/120 1327/1563/120 1333/1569/120 1332/1568/120
f 1327/1563/121 1328/1564/121 1334/1570/121 1333/1569/121
f 1329/1566/122 1330/1565/122 1336/1571/122 1335/1572/122
f 1330/1565/123 1331/1567/123 1337/1573/123 1336/1571/123
f 1331/1567/124 1332/1568/124 1338/1574/124 1337/1573/124
f 1332/1568/125 1333/1569/125 1339/1575/125 1338/1574/125
f 1333/1569/126 1334/1570/126 1340/1576/126 1339/1575/126
f 1335/1572/127 1336/1571/127 1292/1577/127 1286/1578/127
f 1336/1571/128 1337/1573/128 1298/1579/128 1292/1577/128
f 1337/1573/129 1338/1574/129 1304/1580/129 1298/1579/129
f 1338/1574/660 1339/1575/660 1310/1581/660 1304/1580/660
f 1339/1575/661 1340/1576/661 1311/1547/661 1310/1581/661
f 1281/27/662 1341/1582/662 1347/1583/662 1346/1584/662
f 1341/1582/133 1342/1585/133 1348/1586/133 1347/1583/133
f 1342/1585/134 1343/1587/134 1349/1588/134 1348/1586/134
f 1343/1587/135 1344/1589/135 1350/1590/135 1349/1588/135
f 1344/1589/663 1345/1543/663 1351/1542/663 1350/1590/663
f 1346/1584/137 1347/1583/137 1353/1591/137 1352/1592/137
f 1347/1583/138 1348/1586/138 1354/1593/138 1353/1591/138
f 1348/1586/139 1349/1588/139 1355/1594/139 1354/1593/139
f 1349/1588/140 1350/1590/140 1356/1595/140 1355/1594/140
f 1350/1590/141 1351/1542/141 1357/1544/141 1356/1595/141
f 1352/1592/142 1353/1591/142 1359/1596/142 1358/1597/142
f 1353/1591/143 1354/1593/143 1360/1598/143 1359/1596/143
f 1354/1593/664 1355/1594/664 1361/1599/664 1360/1598/664
f 1355/1594/145 1356/1595/145 1362/1600/145 1361/1599/145
f 1356/1595/665 1357/1544/665 1363/1545/665 1362/1600/665
f 1358/1597/147 1359/1596/147 1365/1601/147 1364/1602/147
f 1359/1596/148 1360/1598/148 1366/1603/148 1365/1601/148
f 1360/1598/149 1361/1599/149 1367/1604/149 1366/1603/149
f 1361/1599/150 1362/1600/150 1368/1605/150 1367/1604/150
f 1362/1600/151 1363/1545/151 1369/1546/151 1368/1605/151
f 1364/1602/152 1365/1601/152 1322/1558/152 1316/1557/152
f 1365/1601/153 1366/1603/153 1328/1564/153 1322/1558/153
f 1366/1603/666 1367/1604/666 1334/1606/666 1328/1564/666
f 1367/1604/155 1368/1605/155 1340/1576/155 1334/1606/155
f 1368/1605/156 1369/1546/156 1311/1547/156 1340/1576/156
f 1370/35/667 1373/1607/667 1379/1608/667 1378/1609/667
f 1373/1607/33 1374/1610/33 1380/1611/33 1379/1608/33
f 1374/1610/668 1375/1612/668 1381/1613/668 1380/1611/668
f 1375/1612/35 1376/1614/35 1382/1615/35 1381/1613/35
f 1376/1614/36 1377/1616/36 1383/1617/36 1382/1615/36
f 1378/1609/37 1379/1608/37 1385/1618/37 1384/1619/37
f 1379/1608/38 1380/1611/38 1386/1620/38 1385/1618/38
f 1380/1611/39 1381/1613/39 1387/1621/39 1386/1620/39
f 1381/1613/40 1382/1615/40 1388/1622/40 1387/1621/40
f 1382/1615/41 1383/1617/41 1389/1623/41 1388/1622/41
f 1384/1619/42 1385/1618/42 1391/1624/42 1390/1625/42
f 1385/1618/43 1386/1620/43 1392/1626/43 1391/1624/43
f 1386/1620/44 1387/1621/44 1393/1627/44 1392/1626/44
f 1387/1621/45 1388/1622/45 1394/1628/45 1393/1627/45
f 1388/1622/46 1389/1623/46 1395/1629/46 1394/1628/46
f 1390/1625/47 1391/1624/47 1397/1630/47 1396/1631/47
f 1391/1624/48 1392/1626/48 1398/1632/48 1397/1630/48
f 1392/1626/49 1393/1627/49 1399/1633/49 1398/1632/49
f 1393/1627/50 1394/1628/50 1400/1634/50 1399/1633/50
f 1394/1628/51 1395/1629/51 1401/1635/51 1400/1634/51
f 1396/1631/52 1397/1630/52 1442/1636/52 1436/1637/52
f 1397/1630/53 1398/1632/53 1448/1638/53 1442/1636/53
f 1398/1632/54 1399/1633/54 1454/1639/54 1448/1638/54
f 1399/1633/55 1400/1634/55 1460/1640/55 1454/1639/55
f 1400/1634/56 1401/1635/56 1402/1641/56 1460/1640/56
f 1371/28/669 1403/1642/669 1409/1643/669 1408/1644/669
f 1403/1642/58 1404/1645/58 1410/1646/58 1409/1643/58
f 1404/1645/59 1405/1647/59 1411/1648/59 1410/1646/59
f 1405/1647/60 1406/1649/60 1412/1650/60 1411/1648/60
f 1406/1649/61 1407/1651/61 1413/1652/61 1412/1650/61
f 1408/1644/62 1409/1643/62 1415/1653/62 1414/1654/62
f 1409/1643/63 1410/1646/63 1416/1655/63 1415/1653/63
f 1410/1646/64 1411/1648/64 1417/1656/64 1416/1655/64
f 1411/1648/65 1412/1650/65 1418/1657/65 1417/1656/65
f 1412/1650/66 1413/1652/66 1419/1658/66 1418/1657/66
f 1414/1654/67 1415/1653/67 1421/1659/67 1420/1660/67
f 1415/1653/68 1416/1655/68 1422/1661/68 1421/1659/68
f 1416/1655/69 1417/1656/69 1423/1662/69 1422/1661/69
f 1417/1656/70 1418/1657/70 1424/1663/70 1423/1662/70
f 1418/1657/71 1419/1658/71 1425/1664/71 1424/1663/71
f 1420/1660/72 1421/1659/72 1427/1665/72 1426/1666/72
f 1421/1659/73 1422/1661/73 1428/1667/73 1427/1665/73
f 1422/1661/74 1423/1662/74 1429/1668/74 1428/1667/74
f 1423/1662/670 1424/1663/670 1430/1669/670 1429/1668/670
f 1424/1663/76 1425/1664/76 1431/1670/76 1430/1669/76
f 1426/1666/77 1427/1665/77 1383/1671/77 1377/1616/77
f 1427/1665/78 1428/1667/78 1389/1623/78 1383/1671/78
f 1428/1667/79 1429/1668/79 1395/1629/79 1389/1623/79
f 1429/1668/80 1430/1669/80 1401/1635/80 1395/1629/80
f 1430/1669/81 1431/1670/81 1402/1641/81 1401/1635/81
f 1372/45/7 1432/1672/7 1438/1673/7 1437/1674/7
f 1432/1672/8 1433/1675/8 1439/1676/8 1438/1673/8
f 1433/1675/9 1434/1677/9 1440/1678/9 1439/1676/9
f 1434/1677/10 1435/1679/10 1441/1680/10 1440/1678/10
f 1435/1679/671 1436/1681/671 1442/1682/671 1441/1680/671
f 1437/1674/12 1438/1673/12 1444/1683/12 1443/1684/12
f 1438/1673/13 1439/1676/13 1445/1685/13 1444/1683/13
f 1439/1676/14 1440/1678/14 1446/1686/14 1445/1685/14
f 1440/1678/15 1441/1680/15 1447/1687/15 1446/1686/15
f 1441/1680/16 1442/1682/16 1448/1688/16 1447/1687/16
f 1443/1684/17 1444/1683/17 1450/1689/17 1449/1690/17
f 1444/1683/18 1445/1685/18 1451/1691/18 1450/1689/18
f 1445/1685/672 1446/1686/672 1452/1692/672 1451/1691/672
f 1446/1686/20 1447/1687/20 1453/1693/20 1452/1692/20
f 1447/1687/673 1448/1688/673 1454/1694/673 1453/1693/673
f 1449/1690/22 1450/1689/22 1456/1695/22 1455/1696/22
f 1450/1689/23 1451/1691/23 1457/1697/23 1456/1695/23
f 1451/1691/674 1452/1692/674 1458/1698/674 1457/1697/674
f 1452/1692/25 1453/1693/25 1459/1699/25 1458/1698/25
f 1453/1693/26 1454/1694/26 1460/1700/26 1459/1699/26
f 1455/1696/27 1456/1695/27 1413/1652/27 1407/1651/27
f 1456/1695/28 1457/1697/28 1419/1658/28 1413/1652/28
f 1457/1697/29 1458/1698/29 1425/1664/29 1419/1658/29
f 1458/1698/30 1459/1699/30 1431/1670/30 1425/1664/30
f 1459/1699/31 1460/1700/31 1402/1641/31 1431/1670/31
f 1571/82/675 1574/1701/675 1580/1702/675 1579/1703/675
f 1574/1701/676 1575/1704/676 1581/1705/676 1580/1702/676
f 1575/1704/677 1576/1706/677 1582/1707/677 1581/1705/677
f 1576/1706/678 1577/1708/678 1583/1709/678 1582/1707/678
f 1577/1708/679 1578/1710/679 1584/1711/679 1583/1709/679
f 1579/1703/680 1580/1702/680 1586/1712/680 1585/1713/680
f 1580/1702/681 1581/1705/681 1587/1714/681 1586/1712/681
f 1581/1705/682 1582/1707/682 1588/1715/682 1587/1714/682
f 1582/1707/683 1583/1709/683 1589/1716/683 1588/1715/683
f 1583/1709/684 1584/1711/684 1590/1717/684 1589/1716/684
f 1585/1713/685 1586/1712/685 1592/1718/685 1591/1719/685
f 1586/1712/686 1587/1714/686 1593/1720/686 1592/1718/686
f 1587/1714/687 1588/1715/687 1594/1721/687 1593/1720/687
f 1588/1715/688 1589/1716/688 1595/1722/688 1594/1721/688
f 1589/1716/689 1590/1717/689 1596/1723/689 1595/1722/689
f 1591/1719/690 1592/1718/690 1598/1724/690 1597/1725/690
f 1592/1718/691 1593/1720/691 1599/1726/691 1598/1724/691
f 1593/1720/692 1594/1721/692 1600/1727/692 1599/1726/692
f 1594/1721/693 1595/1722/693 1601/1728/693 1600/1727/693
f 1595/1722/694 1596/1723/694 1602/1729/694 1601/1728/694
f 1597/1725/695 1598/1724/695 1643/1710/695 1637/1710/695
f 1598/1724/696 1599/1726/696 1649/1710/696 1643/1710/696
f 1599/1726/697 1600/1727/697 1655/1710/697 1649/1710/697
f 1600/1727/698 1601/1728/698 1661/1710/698 1655/1710/698
f 1601/1728/699 1602/1729/699 1603/1730/699 1661/1710/699
f 1572/78/700 1604/1731/700 1610/1732/700 1609/1733/700
f 1604/1731/701 1605/1734/701 1611/1735/701 1610/1732/701
f 1605/1734/702 1606/1736/702 1612/1737/702 1611/1735/702
f 1606/1736/703 1607/1738/703 1613/1739/703 1612/1737/703
f 1607/1738/704 1608/1710/704 1614/1710/704 1613/1739/704
f 1609/1733/705 1610/1732/705 1616/1740/705 1615/1741/705
f 1610/1732/706 1611/1735/706 1617/1742/706 1616/1740/706
f 1611/1735/707 1612/1737/707 1618/1743/707 1617/1742/707
f 1612/1737/708 1613/1739/708 1619/1744/708 1618/1743/708
f 1613/1739/709 1614/1710/709 1620/1710/709 1619/1744/709
f 1615/1741/710 1616/1740/710 1622/1745/710 1621/1746/710
f 1616/1740/711 1617/1742/711 1623/1747/711 1622/1745/711
f 1617/1742/712 1618/1743/712 1624/1748/712 1623/1747/712
f 1618/1743/713 1619/1744/713 1625/1749/713 1624/1748/713
f 1619/1744/714 1620/1710/714 1626/1710/714 1625/1749/714
f 1621/1746/715 1622/1745/715 1628/1750/715 1627/1751/715
f 1622/1745/716 1623/1747/716 1629/1752/716 1628/1750/716
f 1623/1747/717 1624/1748/717 1630/1753/717 1629/1752/717
f 1624/1748/718 1625/1749/718 1631/1754/718 1630/1753/718
f 1625/1749/719 1626/1710/719 1632/1710/719 1631/1754/719
f 1627/1751/720 1628/1750/720 1584/1711/720 1578/1710/720
f 1628/1750/721 1629/1752/721 1590/1717/721 1584/1711/721
f 1629/1752/722 1630/1753/722 1596/1723/722 1590/1717/722
f 1630/1753/723 1631/1754/723 1602/1729/723 1596/1723/723
f 1631/1754/724 1632/1710/724 1603/1730/724 1602/1729/724
f 1573/110/725 1633/1755/725 1639/1756/725 1638/1757/725
f 1633/1755/726 1634/1758/726 1640/1759/726 1639/1756/726
f 1634/1758/727 1635/1760/727 1641/1761/727 1640/1759/727
f 1635/1760/728 1636/1762/728 1642/1763/728 1641/1761/728
f 1636/1762/729 1637/1710/729 1643/1710/729 1642/1763/729
f 1638/1757/730 1639/1756/730 1645/1764/730 1644/1765/730
f 1639/1756/731 1640/1759/731 1646/1766/731 1645/1764/731
f 1640/1759/732 1641/1761/732 1647/1767/732 1646/1766/732
f 1641/1761/733 1642/1763/733 1648/1768/733 1647/1767/733
f 1642/1763/734 1643/1710/734 1649/1710/734 1648/1768/734
f 1644/1765/735 1645/1764/735 1651/1769/735 1650/1770/735
f 1645/1764/736 1646/1766/736 1652/1771/736 1651/1769/736
f 1646/1766/737 1647/1767/737 1653/1772/737 1652/1771/737
f 1647/1767/738 1648/1768/738 1654/1773/738 1653/1772/738
f 1648/1768/739 1649/1710/739 1655/1710/739 1654/1773/739
f 1650/1770/740 1651/1769/740 1657/1774/740 1656/1775/740
f 1651/1769/741 1652/1771/741 1658/1776/741 1657/1774/741
f 1652/1771/742 1653/1772/742 1659/1777/742 1658/1776/742
f 1653/1772/743 1654/1773/743 1660/1778/743 1659/1777/743
f 1654/1773/744 1655/1710/744 1661/1710/744 1660/1778/744
f 1656/1775/745 1657/1774/745 1614/1710/745 1608/1710/745
f 1657/1774/746 1658/1776/746 1620/1710/746 1614/1710/746
f 1658/1776/747 1659/1777/747 1626/1710/747 1620/1710/747
f 1659/1777/748 1660/1778/748 1632/1710/748 1626/1710/748
f 1660/1778/749 1661/1710/749 1603/1730/749 1632/1710/749
f 1662/119/750 1665/1779/750 1671/1780/750 1670/1781/750
f 1665/1779/751 1666/1782/751 1672/1783/751 1671/1780/751
f 1666/1782/752 1667/1784/752 1673/1785/752 1672/1783/752
f 1667/1784/753 1668/1786/753 1674/1787/753 1673/1785/753
f 1668/1786/754 1669/1788/754 1675/1789/754 1674/1787/754
f 1670/1781/755 1671/1780/755 1677/1790/755 1676/1791/755
f 1671/1780/756 1672/1783/756 1678/1792/756 1677/1790/756
f 1672/1783/757 1673/1785/757 1679/1793/757 1678/1792/757
f 1673/1785/758 1674/1787/758 1680/1794/758 1679/1793/758
f 1674/1787/759 1675/1789/759 1681/1795/759 1680/1794/759
f 1676/1791/760 1677/1790/760 1683/1796/760 1682/1797/760
f 1677/1790/761 1678/1792/761 1684/1798/761 1683/1796/761
f 1678/1792/762 1679/1793/762 1685/1799/762 1684/1798/762
f 1679/1793/763 1680/1794/763 1686/1800/763 1685/1799/763
f 1680/1794/764 1681/1795/764 1687/1801/764 1686/1800/764
f 1682/1797/765 1683/1796/765 1689/1802/765 1688/1803/765
f 1683/1796/766 1684/1798/766 1690/1804/766 1689/1802/766
f 1684/1798/767 1685/1799/767 1691/1805/767 1690/1804/767
f 1685/1799/768 1686/1800/768 1692/1806/768 1691/1805/768
f 1686/1800/769 1687/1801/769 1693/1807/769 1692/1806/769
f 1688/1803/770 1689/1802/770 1734/1788/770 1728/1788/770
f 1689/1802/771 1690/1804/771 1740/1788/771 1734/1788/771
f 1690/1804/772 1691/1805/772 1746/1788/772 1740/1788/772
f 1691/1805/773 1692/1806/773 1752/1788/773 1746/1788/773
f 1692/1806/774 1693/1807/774 1694/1788/774 1752/1788/774
f 1663/64/775 1695/1808/775 1701/1809/775 1700/1810/775
f 1695/1808/776 1696/1811/776 1702/1812/776 1701/1809/776
f 1696/1811/777 1697/1813/777 1703/1814/777 1702/1812/777
f 1697/1813/778 1698/1815/778 1704/1816/778 1703/1814/778
f 1698/1815/779 1699/1788/779 1705/1788/779 1704/1816/779
f 1700/1810/780 1701/1809/780 1707/1817/780 1706/1818/780
f 1701/1809/781 1702/1812/781 1708/1819/781 1707/1817/781
f 1702/1812/782 1703/1814/782 1709/1820/782 1708/1819/782
f 1703/1814/783 1704/1816/783 1710/1821/783 1709/1820/783
f 1704/1816/784 1705/1788/784 1711/1788/784 1710/1821/784
f 1706/1818/785 1707/1817/785 1713/1822/785 1712/1823/785
f 1707/1817/786 1708/1819/786 1714/1824/786 1713/1822/786
f 1708/1819/787 1709/1820/787 1715/1825/787 1714/1824/787
f 1709/1820/788 1710/1821/788 1716/1826/788 1715/1825/788
f 1710/1821/789 1711/1788/789 1717/1788/789 1716/1826/789
f 1712/1823/790 1713/1822/790 1719/1827/790 1718/1828/790
f 1713/1822/791 1714/1824/791 1720/1829/791 1719/1827/791
f 1714/1824/792 1715/1825/792 1721/1830/792 1720/1829/792
f 1715/1825/793 1716/1826/793 1722/1831/793 1721/1830/793
f 1716/1826/794 1717/1788/794 1723/1788/794 1722/1831/794
f 1718/1828/795 1719/1827/795 1675/1789/795 1669/1788/795
f 1719/1827/796 1720/1829/796 1681/1795/796 1675/1789/796
f 1720/1829/797 1721/1830/797 1687/1801/797 1681/1795/797
f 1721/1830/798 1722/1831/798 1693/1807/798 1687/1801/798
f 1722/1831/799 1723/1788/799 1694/1788/799 1693/1807/799
f 1664/81/800 1724/1832/800 1730/1833/800 1729/1834/800
f 1724/1832/801 1725/1835/801 1731/1836/801 1730/1833/801
f 1725/1835/802 1726/1837/802 1732/1838/802 1731/1836/802
f 1726/1837/803 1727/1839/803 1733/1840/803 1732/1838/803
f 1727/1839/804 1728/1788/804 1734/1788/804 1733/1840/804
f 1729/1834/805 1730/1833/805 1736/1841/805 1735/1842/805
f 1730/1833/806 1731/1836/806 1737/1843/806 1736/1841/806
f 1731/1836/807 1732/1838/807 1738/1844/807 1737/1843/807
f 1732/1838/808 1733/1840/808 1739/1845/808 1738/1844/808
f 1733/1840/809 1734/1788/809 1740/1788/809 1739/1845/809
f 1735/1842/810 1736/1841/810 1742/1846/810 1741/1847/810
f 1736/1841/811 1737/1843/811 1743/1848/811 1742/1846/811
f 1737/1843/812 1738/1844/812 1744/1849/812 1743/1848/812
f 1738/1844/813 1739/1845/813 1745/1850/813 1744/1849/813
f 1739/1845/814 1740/1788/814 1746/1788/814 1745/1850/814
f 1741/1847/815 1742/1846/815 1748/1851/815 1747/1852/815
f 1742/1846/816 1743/1848/816 1749/1853/816 1748/1851/816
f 1743/1848/817 1744/1849/817 1750/1854/817 1749/1853/817
f 1744/1849/818 1745/1850/818 1751/1855/818 1750/1854/818
f 1745/1850/819 1746/1788/819 1752/1788/819 1751/1855/819
f 1747/1852/820 1748/1851/820 1705/1788/820 1699/1788/820
f 1748/1851/821 1749/1853/821 1711/1788/821 1705/1788/821
f 1749/1853/822 1750/1854/822 1717/1788/822 1711/1788/822
f 1750/1854/823 1751/1855/823 1723/1788/823 1717/1788/823
f 1751/1855/824 1752/1788/824 1694/1788/824 1723/1788/824
f 1753/118/825 1756/1856/825 1762/1857/825 1761/1858/825
f 1756/1856/826 1757/1859/826 1763/1860/826 1762/1857/826
f 1757/1859/827 1758/1861/827 1764/1862/827 1763/1860/827
f 1758/1861/828 1759/1863/828 1765/1864/828 1764/1862/828
f 1759/1863/829 1760/1865/829 1766/1865/829 1765/1864/829
f 1761/1858/830 1762/1857/830 1768/1866/830 1767/1867/830
f 1762/1857/831 1763/1860/831 1769/1868/831 1768/1866/831
f 1763/1860/832 1764/1862/832 1770/1869/832 1769/1868/832
f 1764/1862/833 1765/1864/833 1771/1870/833 1770/1869/833
f 1765/1864/834 1766/1865/834 1772/1865/834 1771/1870/834
f 1767/1867/835 1768/1866/835 1774/1871/835 1773/1872/835
f 1768/1866/836 1769/1868/836 1775/1873/836 1774/1871/836
f 1769/1868/837 1770/1869/837 1776/1874/837 1775/1873/837
f 1770/1869/838 1771/1870/838 1777/1875/838 1776/1874/838
f 1771/1870/839 1772/1865/839 1778/1865/839 1777/1875/839
f 1773/1872/840 1774/1871/840 1780/1876/840 1779/1877/840
f 1774/1871/841 1775/1873/841 1781/1878/841 1780/1876/841
f 1775/1873/842 1776/1874/842 1782/1879/842 1781/1878/842
f 1776/1874/843 1777/1875/843 1783/1880/843 1782/1879/843
f 1777/1875/844 1778/1865/844 1784/1865/844 1783/1880/844
f 1779/1877/845 1780/1876/845 1825/1865/845 1819/1865/845
f 1780/1876/846 1781/1878/846 1831/1865/846 1825/1865/846
f 1781/1878/847 1782/1879/847 1837/1865/847 1831/1865/847
f 1782/1879/848 1783/1880/848 1843/1865/848 1837/1865/848
f 1783/1880/849 1784/1865/849 1785/1865/849 1843/1865/849
f 1754/105/850 1786/1881/850 1792/1882/850 1791/1883/850
f 1786/1881/851 1787/1884/851 1793/1885/851 1792/1882/851
f 1787/1884/852 1788/1886/852 1794/1887/852 1793/1885/852
f 1788/1886/853 1789/1888/853 1795/1889/853 1794/1887/853
f 1789/1888/854 1790/1865/854 1796/1890/854 1795/1889/854
f 1791/1883/855 1792/1882/855 1798/1891/855 1797/1892/855
f 1792/1882/856 1793/1885/856 1799/1893/856 1798/1891/856
f 1793/1885/857 1794/1887/857 1800/1894/857 1799/1893/857
f 1794/1887/858 1795/1889/858 1801/1895/858 1800/1894/858
f 1795/1889/859 1796/1890/859 1802/1896/859 1801/1895/859
f 1797/1892/860 1798/1891/860 1804/1897/860 1803/1898/860
f 1798/1891/861 1799/1893/861 1805/1899/861 1804/1897/861
f 1799/1893/862 1800/1894/862 1806/1900/862 1805/1899/862
f 1800/1894/863 1801/1895/863 1807/1901/863 1806/1900/863
f 1801/1895/864 1802/1896/864 1808/1902/864 1807/1901/864
f 1803/1898/865 1804/1897/865 1810/1903/865 1809/1904/865
f 1804/1897/866 1805/1899/866 1811/1905/866 1810/1903/866
f 1805/1899/867 1806/1900/867 1812/1906/867 1811/1905/867
f 1806/1900/868 1807/1901/868 1813/1907/868 1812/1906/868
f 1807/1901/869 1808/1902/869 1814/1908/869 1813/1907/869
f 1809/1904/870 1810/1903/870 1766/1865/870 1760/1865/870
f 1810/1903/871 1811/1905/871 1772/1865/871 1766/1865/871
f 1811/1905/872 1812/1906/872 1778/1865/872 1772/1865/872
f 1812/1906/873 1813/1907/873 1784/1865/873 1778/1865/873
f 1813/1907/874 1814/1908/874 1785/1865/874 1784/1865/874
f 1755/87/875 1815/1909/875 1821/1910/875 1820/1911/875
f 1815/1909/876 1816/1912/876 1822/1913/876 1821/1910/876
f 1816/1912/877 1817/1914/877 1823/1915/877 1822/1913/877
f 1817/1914/878 1818/1916/878 1824/1917/878 1823/1915/878
f 1818/1916/879 1819/1865/879 1825/1865/879 1824/1917/879
f 1820/1911/880 1821/1910/880 1827/1918/880 1826/1919/880
f 1821/1910/881 1822/1913/881 1828/1920/881 1827/1918/881
f 1822/1913/882 1823/1915/882 1829/1921/882 1828/1920/882
f 1823/1915/883 1824/1917/883 1830/1922/883 1829/1921/883
f 1824/1917/884 1825/1865/884 1831/1865/884 1830/1922/884
f 1826/1919/885 1827/1918/885 1833/1923/885 1832/1924/885
f 1827/1918/886 1828/1920/886 1834/1925/886 1833/1923/886
f 1828/1920/887 1829/1921/887 1835/1926/887 1834/1925/887
f 1829/1921/888 1830/1922/888 1836/1927/888 1835/1926/888
f 1830/1922/889 1831/1865/889 1837/1865/889 1836/1927/889
f 1832/1924/890 1833/1923/890 1839/1928/890 1838/1929/890
f 1833/1923/891 1834/1925/891 1840/1930/891 1839/1928/891
f 1834/1925/892 1835/1926/892 1841/1931/892 1840/1930/892
f 1835/1926/893 1836/1927/893 1842/1932/893 1841/1931/893
f 1836/1927/894 1837/1865/894 1843/1865/894 1842/1932/894
f 1838/1929/895 1839/1928/895 1796/1890/895 1790/1865/895
f 1839/1928/896 1840/1930/896 1802/1896/896 1796/1890/896
f 1840/1930/897 1841/1931/897 1808/1902/897 1802/1896/897
f 1841/1931/898 1842/1932/898 1814/1908/898 1808/1902/898
f 1842/1932/899 1843/1865/899 1785/1865/899 1814/1908/899
f 1888/111/900 1891/1933/900 1897/1934/900 1896/1935/900
f 1891/1933/901 1892/1936/901 1898/1937/901 1897/1934/901
f 1892/1936/902 1893/1938/902 1899/1939/902 1898/1937/902
f 1893/1938/903 1894/1940/903 1900/1941/903 1899/1939/903
f 1894/1940/904 1895/1942/904 1901/1943/904 1900/1941/904
f 1896/1935/905 1897/1934/905 1903/1944/905 1902/1945/905
f 1897/1934/906 1898/1937/906 1904/1946/906 1903/1944/906
f 1898/1937/907 1899/1939/907 1905/1947/907 1904/1946/907
f 1899/1939/908 1900/1941/908 1906/1948/908 1905/1947/908
f 1900/1941/909 1901/1943/909 1907/1949/909 1906/1948/909
f 1902/1945/910 1903/1944/910 1909/1950/910 1908/1951/910
f 1903/1944/911 1904/1946/911 1910/1952/911 1909/1950/911
f 1904/1946/912 1905/1947/912 1911/1953/912 1910/1952/912
f 1905/1947/913 1906/1948/913 1912/1954/913 1911/1953/913
f 1906/1948/914 1907/1949/914 1913/1955/914 1912/1954/914
f 1908/1951/915 1909/1950/915 1915/1956/915 1914/1957/915
f 1909/1950/916 1910/1952/916 1916/1958/916 1915/1956/916
f 1910/1952/917 1911/1953/917 1917/1959/917 1916/1958/917
f 1911/1953/918 1912/1954/918 1918/1960/918 1917/1959/918
f 1912/1954/919 1913/1955/919 1919/1961/919 1918/1960/919
f 1914/1957/920 1915/1956/920 1960/1942/920 1954/1942/920
f 1915/1956/921 1916/1958/921 1966/1942/921 1960/1942/921
f 1916/1958/922 1917/1959/922 1972/1942/922 1966/1942/922
f 1917/1959/923 1918/1960/923 1978/1942/923 1972/1942/923
f 1918/1960/924 1919/1961/924 1920/1962/924 1978/1942/924
f 1889/60/925 1921/1963/925 1927/1964/925 1926/1965/925
f 1921/1963/926 1922/1966/926 1928/1967/926 1927/1964/926
f 1922/1966/927 1923/1968/927 1929/1969/927 1928/1967/927
f 1923/1968/928 1924/1970/928 1930/1971/928 1929/1969/928
f 1924/1970/929 1925/1942/929 1931/1942/929 1930/1971/929
f 1926/1965/930 1927/1964/930 1933/1972/930 1932/1973/930
f 1927/1964/931 1928/1967/931 1934/1974/931 1933/1972/931
f 1928/1967/932 1929/1969/932 1935/1975/932 1934/1974/932
f 1929/1969/933 1930/1971/933 1936/1976/933 1935/1975/933
f 1930/1971/934 1931/1942/934 1937/1942/934 1936/1976/934
f 1932/1973/935 1933/1972/935 1939/1977/935 1938/1978/935
f 1933/1972/936 1934/1974/936 1940/1979/936 1939/1977/936
f 1934/1974/937 1935/1975/937 1941/1980/937 1940/1979/937
f 1935/1975/938 1936/1976/938 1942/1981/938 1941/1980/938
f 1936/1976/939 1937/1942/939 1943/1942/939 1942/1981/939
f 1938/1978/940 1939/1977/940 1945/1982/940 1944/1983/940
f 1939/1977/941 1940/1979/941 1946/1984/941 1945/1982/941
f 1940/1979/942 1941/1980/942 1947/1985/942 1946/1984/942
f 1941/1980/943 1942/1981/943 1948/1986/943 1947/1985/943
f 1942/1981/944 1943/1942/944 1949/1942/944 1948/1986/944
f 1944/1983/945 1945/1982/945 1901/1943/945 1895/1942/945
f 1945/1982/946 1946/1984/946 1907/1949/946 1901/1943/946
f 1946/1984/947 1947/1985/947 1913/1955/947 1907/1949/947
f 1947/1985/948 1948/1986/948 1919/1961/948 1913/1955/948
f 1948/1986/949 1949/1942/949 1920/1962/949 1919/1961/949
f 1890/104/950 1950/1987/950 1956/1988/950 1955/1989/950
f 1950/1987/951 1951/1990/951 1957/1991/951 1956/1988/951
f 1951/1990/952 1952/1992/952 1958/1993/952 1957/1991/952
f 1952/1992/953 1953/1994/953 1959/1995/953 1958/1993/953
f 1953/1994/954 1954/1942/954 1960/1942/954 1959/1995/954
f 1955/1989/955 1956/1988/955 1962/1996/955 1961/1997/955
f 1956/1988/956 1957/1991/956 1963/1998/956 1962/1996/956
f 1957/1991/957 1958/1993/957 1964/1999/957 1963/1998/957
f 1958/1993/958 1959/1995/958 1965/2000/958 1964/1999/958
f 1959/1995/959 1960/1942/959 1966/1942/959 1965/2000/959
f 1961/1997/960 1962/1996/960 1968/2001/960 1967/2002/960
f 1962/1996/961 1963/1998/961 1969/2003/961 1968/2001/961
f 1963/1998/962 1964/1999/962 1970/2004/962 1969/2003/962
f 1964/1999/963 1965/2000/963 1971/2005/963 1970/2004/963
f 1965/2000/964 1966/1942/964 1972/1942/964 1971/2005/964
f 1967/2002/965 1968/2001/965 1974/2006/965 1973/2007/965
f 1968/2001/966 1969/2003/966 1975/2008/966 1974/2006/966
f 1969/2003/967 1970/2004/967 1976/2009/967 1975/2008/967
f 1970/2004/968 1971/2005/968 1977/2010/968 1976/2009/968
f 1971/2005/969 1972/1942/969 1978/1942/969 1977/2010/969
f 1973/2007/970 1974/2006/970 1931/1942/970 1925/1942/970
f 1974/2006/971 1975/2008/971 1937/1942/971 1931/1942/971
f 1975/2008/972 1976/2009/972 1943/1942/972 1937/1942/972
f 1976/2009/973 1977/2010/973 1949/1942/973 1943/1942/973
f 1977/2010/974 1978/1942/974 1920/1962/974 1949/1942/974
f 1979/121/332 1982/2011/332 1988/2012/332 1987/2013/332
f 1982/2011/333 1983/118/333 1989/2014/333 1988/2012/333
f 1983/118/334 1984/2011/334 1990/2015/334 1989/2014/334
f 1984/2011/335 1985/2011/335 1991/2016/335 1990/2015/335
f 1985/2011/336 1986/2011/336 1992/2017/336 1991/2016/336
f 1987/2013/337 1988/2012/337 1994/2018/337 1993/2019/337
f 1988/2012/338 1989/2014/338 1995/2020/338 1994/2018/338
f 1989/2014/339 1990/2015/339 1996/2021/339 1995/2020/339
f 1990/2015/340 1991/2016/340 1997/2022/340 1996/2021/340
f 1991/2016/341 1992/2017/341 1998/2023/341 1997/2022/341
f 1993/2019/342 1994/2018/342 2000/2024/342 1999/2025/342
f 1994/2018/343 1995/2020/343 2001/2026/343 2000/2024/343
f 1995/2020/344 1996/2021/344 2002/2027/344 2001/2026/344
f 1996/2021/345 1997/2022/345 2003/2028/345 2002/2027/345
f 1997/2022/346 1998/2023/346 2004/2029/346 2003/2028/346
f 1999/2025/347 2000/2024/347 2006/2030/347 2005/2031/347
f 2000/2024/348 2001/2026/348 2007/2032/348 2006/2030/348
f 2001/2026/349 2002/2027/349 2008/2033/349 2007/2032/349
f 2002/2027/975 2003/2028/975 2009/2034/975 2008/2033/975
f 2003/2028/351 2004/2029/351 2010/2035/351 2009/2034/351
f 2005/2031/352 2006/2030/352 2051/1865/352 2045/1865/352
f 2006/2030/353 2007/2032/353 2057/1865/353 2051/1865/353
f 2007/2032/354 2008/2033/354 2063/1865/354 2057/1865/354
f 2008/2033/355 2009/2034/355 2069/1865/355 2063/1865/355
f 2009/2034/636 2010/2035/636 2011/2036/636 2069/1865/636
f 1980/116/637 2012/2037/637 2018/2038/637 2017/2039/637
f 2012/2037/358 2013/2040/358 2019/2041/358 2018/2038/358
f 2013/2040/359 2014/2042/359 2020/2043/359 2019/2041/359
f 2014/2042/360 2015/2044/360 2021/2045/360 2020/2043/360
f 2015/2044/361 2016/2046/361 2022/2047/361 2021/2045/361
f 2017/2039/362 2018/2038/362 2024/2048/362 2023/2049/362
f 2018/2038/363 2019/2041/363 2025/2050/363 2024/2048/363
f 2019/2041/364 2020/2043/364 2026/2051/364 2025/2050/364
f 2020/2043/365 2021/2045/365 2027/2052/365 2026/2051/365
f 2021/2045/366 2022/2047/366 2028/2053/366 2027/2052/366
f 2023/2049/367 2024/2048/367 2030/2054/367 2029/2055/367
f 2024/2048/368 2025/2050/368 2031/2056/368 2030/2054/368
f 2025/2050/639 2026/2051/639 2032/2057/639 2031/2056/639
f 2026/2051/370 2027/2052/370 2033/2058/370 2032/2057/370
f 2027/2052/371 2028/2053/371 2034/2059/371 2033/2058/371
f 2029/2055/372 2030/2054/372 2036/2060/372 2035/2061/372
f 2030/2054/373 2031/2056/373 2037/2062/373 2036/2060/373
f 2031/2056/374 2032/2057/374 2038/2063/374 2037/2062/374
f 2032/2057/375 2033/2058/375 2039/2064/375 2038/2063/375
f 2033/2058/376 2034/2059/376 2040/2065/376 2039/2064/376
f 2035/2061/377 2036/2060/377 1992/2017/377 1986/2011/377
f 2036/2060/378 2037/2062/378 1998/2023/378 1992/2017/378
f 2037/2062/641 2038/2063/641 2004/2029/641 1998/2023/641
f 2038/2063/380 2039/2064/380 2010/2035/380 2004/2029/380
f 2039/2064/381 2040/2065/381 2011/2036/381 2010/2035/381
f 1981/105/307 2041/2066/307 2047/2067/307 2046/2046/307
f 2041/2066/308 2042/2068/308 2048/2069/308 2047/2067/308
f 2042/2068/309 2043/2070/309 2049/2071/309 2048/2069/309
f 2043/2070/310 2044/2072/310 2050/2073/310 2049/2071/310
f 2044/2072/311 2045/1865/311 2051/1865/311 2050/2073/311
f 2046/2046/312 2047/2067/312 2053/2074/312 2052/2075/312
f 2047/2067/313 2048/2069/313 2054/2076/313 2053/2074/313
f 2048/2069/314 2049/2071/314 2055/2077/314 2054/2076/314
f 2049/2071/315 2050/2073/315 2056/2078/315 2055/2077/315
f 2050/2073/316 2051/1865/316 2057/1865/316 2056/2078/316
f 2052/2075/317 2053/2074/317 2059/2079/317 2058/2080/317
f 2053/2074/976 2054/2076/976 2060/2081/976 2059/2079/976
f 2054/2076/319 2055/2077/319 2061/2082/319 2060/2081/319
f 2055/2077/634 2056/2078/634 2062/2083/634 2061/2082/634
f 2056/2078/321 2057/1865/321 2063/1865/321 2062/2083/321
f 2058/2080/322 2059/2079/322 2065/2084/322 2064/105/322
f 2059/2079/323 2060/2081/323 2066/2085/323 2065/2084/323
f 2060/2081/324 2061/2082/324 2067/2086/324 2066/2085/324
f 2061/2082/325 2062/2083/325 2068/2087/325 2067/2086/325
f 2062/2083/326 2063/1865/326 2069/1865/326 2068/2087/326
f 2064/105/327 2065/2084/327 2022/2047/327 2016/105/327
f 2065/2084/328 2066/2085/328 2028/2053/328 2022/2047/328
f 2066/2085/329 2067/2086/329 2034/2059/329 2028/2053/329
f 2067/2086/330 2068/2087/330 2040/2065/330 2034/2059/330
f 2068/2087/331 2069/1865/331 2011/2036/331 2040/2065/331
f 2070/120/432 2073/2088/432 2079/2089/432 2078/2090/432
f 2073/2088/433 2074/2091/433 2080/2092/433 2079/2089/433
f 2074/2091/434 2075/2093/434 2081/2094/434 2080/2092/434
f 2075/2093/435 2076/2095/435 2082/2096/435 2081/2094/435
f 2076/2095/628 2077/1788/628 2083/1788/628 2082/2096/628
f 2078/2090/437 2079/2089/437 2085/2097/437 2084/2090/437
f 2079/2089/438 2080/2092/438 2086/2098/438 2085/2097/438
f 2080/2092/439 2081/2094/439 2087/2099/439 2086/2098/439
f 2081/2094/440 2082/2096/440 2088/2100/440 2087/2099/440
f 2082/2096/441 2083/1788/441 2089/1788/441 2088/2100/441
f 2084/2090/442 2085/2097/442 2091/2101/442 2090/2090/442
f 2085/2097/443 2086/2098/443 2092/2102/443 2091/2101/443
f 2086/2098/444 2087/2099/444 2093/2103/444 2092/2102/444
f 2087/2099/445 2088/2100/445 2094/2104/445 2093/2103/445
f 2088/2100/446 2089/1788/446 2095/1788/446 2094/2104/446
f 2090/2090/447 2091/2101/447 2097/2105/447 2096/2090/447
f 2091/2101/448 2092/2102/448 2098/2106/448 2097/2105/448
f 2092/2102/631 2093/2103/631 2099/2107/631 2098/2106/631
f 2093/2103/450 2094/2104/450 2100/2108/450 2099/2107/450
f 2094/2104/451 2095/1788/451 2101/1788/451 2100/2108/451
f 2096/2090/452 2097/2105/452 2142/2109/452 2136/2090/452
f 2097/2105/453 2098/2106/453 2148/2110/453 2142/2109/453
f 2098/2106/632 2099/2107/632 2154/2111/632 2148/2110/632
f 2099/2107/455 2100/2108/455 2160/2112/455 2154/2111/455
f 2100/2108/456 2101/1788/456 2102/2113/456 2160/2112/456
f 2071/81/623 2103/2114/623 2109/2115/623 2108/2116/623
f 2103/2114/383 2104/2117/383 2110/2118/383 2109/2115/383
f 2104/2117/624 2105/2119/624 2111/2120/624 2110/2118/624
f 2105/2119/385 2106/2117/385 2112/2121/385 2111/2120/385
f 2106/2117/386 2107/2114/386 2113/2122/386 2112/2121/386
f 2108/2116/387 2109/2115/387 2115/2123/387 2114/2124/387
f 2109/2115/388 2110/2118/388 2116/2125/388 2115/2123/388
f 2110/2118/977 2111/2120/977 2117/2126/977 2116/2125/977
f 2111/2120/390 2112/2121/390 2118/2127/390 2117/2126/390
f 2112/2121/391 2113/2122/391 2119/2128/391 2118/2127/391
f 2114/2124/392 2115/2123/392 2121/2129/392 2120/2130/392
f 2115/2123/978 2116/2125/978 2122/2131/978 2121/2129/978
f 2116/2125/394 2117/2126/394 2123/2132/394 2122/2131/394
f 2117/2126/395 2118/2127/395 2124/2133/395 2123/2132/395
f 2118/2127/396 2119/2128/396 2125/2134/396 2124/2133/396
f 2120/2130/397 2121/2129/397 2127/2135/397 2126/2136/397
f 2121/2129/398 2122/2131/398 2128/2137/398 2127/2135/398
f 2122/2131/399 2123/2132/399 2129/2138/399 2128/2137/399
f 2123/2132/400 2124/2133/400 2130/2139/400 2129/2138/400
f 2124/2133/979 2125/2134/979 2131/2140/979 2130/2139/979
f 2126/2136/402 2127/2135/402 2083/1788/402 2077/1788/402
f 2127/2135/403 2128/2137/403 2089/1788/403 2083/1788/403
f 2128/2137/404 2129/2138/404 2095/1788/404 2089/1788/404
f 2129/2138/405 2130/2139/405 2101/1788/405 2095/1788/405
f 2130/2139/406 2131/2140/406 2102/2113/406 2101/1788/406
f 2072/117/407 2132/2141/407 2138/2142/407 2137/2143/407
f 2132/2141/408 2133/2144/408 2139/2145/408 2138/2142/408
f 2133/2144/409 2134/2146/409 2140/2147/409 2139/2145/409
f 2134/2146/410 2135/2148/410 2141/2149/410 2140/2147/410
f 2135/2148/411 2136/2090/411 2142/2109/411 2141/2149/411
f 2137/2143/412 2138/2142/412 2144/2150/412 2143/2151/412
f 2138/2142/413 2139/2145/413 2145/2152/413 2144/2150/413
f 2139/2145/980 2140/2147/980 2146/2153/980 2145/2152/980
f 2140/2147/415 2141/2149/415 2147/2154/415 2146/2153/415
f 2141/2149/626 2142/2109/626 2148/2110/626 2147/2154/626
f 2143/2151/417 2144/2150/417 2150/2155/417 2149/2156/417
f 2144/2150/418 2145/2152/418 2151/2157/418 2150/2155/418
f 2145/2152/419 2146/2153/419 2152/2158/419 2151/2157/419
f 2146/2153/420 2147/2154/420 2153/2159/420 2152/2158/420
f 2147/2154/421 2148/2110/421 2154/2111/421 2153/2159/421
f 2149/2156/422 2150/2155/422 2156/2160/422 2155/2161/422
f 2150/2155/423 2151/2157/423 2157/2162/423 2156/2160/423
f 2151/2157/424 2152/2158/424 2158/2163/424 2157/2162/424
f 2152/2158/425 2153/2159/425 2159/2164/425 2158/2163/425
f 2153/2159/426 2154/2111/426 2160/2112/426 2159/2164/426
f 2155/2161/427 2156/2160/427 2113/2122/427 2107/81/427
f 2156/2160/428 2157/2162/428 2119/2128/428 2113/2122/428
f 2157/2162/429 2158/2163/429 2125/2134/429 2119/2128/429
f 2158/2163/430 2159/2164/430 2131/2140/430 2125/2134/430
f 2159/2164/431 2160/2112/431 2102/2113/431 2131/2140/431
f 2161/83/582 2164/2165/582 2170/2166/582 2169/82/582
f 2164/2165/583 2165/2167/583 2171/2168/583 2170/2166/583
f 2165/2167/584 2166/2169/584 2172/2170/584 2171/2168/584
f 2166/2169/585 2167/2171/585 2173/2172/585 2172/2170/585
f 2167/2171/586 2168/1710/586 2174/1710/586 2173/2172/586
f 2169/82/587 2170/2166/587 2176/2173/587 2175/83/587
f 2170/2166/588 2171/2168/588 2177/2174/588 2176/2173/588
f 2171/2168/589 2172/2170/589 2178/2175/589 2177/2174/589
f 2172/2170/590 2173/2172/590 2179/2176/590 2178/2175/590
f 2173/2172/591 2174/1710/591 2180/1710/591 2179/2176/591
f 2175/83/592 2176/2173/592 2182/2177/592 2181/2178/592
f 2176/2173/981 2177/2174/981 2183/2179/981 2182/2177/981
f 2177/2174/594 2178/2175/594 2184/2180/594 2183/2179/594
f 2178/2175/608 2179/2176/608 2185/2181/608 2184/2180/608
f 2179/2176/596 2180/1710/596 2186/1710/596 2185/2181/596
f 2181/2178/597 2182/2177/597 2188/2182/597 2187/2183/597
f 2182/2177/598 2183/2179/598 2189/2184/598 2188/2182/598
f 2183/2179/599 2184/2180/599 2190/2185/599 2189/2184/599
f 2184/2180/600 2185/2181/600 2191/2186/600 2190/2185/600
f 2185/2181/601 2186/1710/601 2192/1710/601 2191/2186/601
f 2187/2183/602 2188/2182/602 2233/2187/602 2227/83/602
f 2188/2182/603 2189/2184/603 2239/2188/603 2233/2187/603
f 2189/2184/604 2190/2185/604 2245/2189/604 2239/2188/604
f 2190/2185/605 2191/2186/605 2251/2190/605 2245/2189/605
f 2191/2186/606 2192/1710/606 2193/2191/606 2251/2190/606
f 2162/113/532 2194/110/532 2200/2192/532 2199/2193/532
f 2194/110/533 2195/110/533 2201/2194/533 2200/2192/533
f 2195/110/534 2196/110/534 2202/2195/534 2201/2194/534
f 2196/110/535 2197/110/535 2203/2196/535 2202/2195/535
f 2197/110/536 2198/110/536 2204/2197/536 2203/2196/536
f 2199/2193/537 2200/2192/537 2206/2198/537 2205/2199/537
f 2200/2192/538 2201/2194/538 2207/2200/538 2206/2198/538
f 2201/2194/539 2202/2195/539 2208/2201/539 2207/2200/539
f 2202/2195/540 2203/2196/540 2209/2202/540 2208/2201/540
f 2203/2196/541 2204/2197/541 2210/2203/541 2209/2202/541
f 2205/2199/542 2206/2198/542 2212/2204/542 2211/2205/542
f 2206/2198/543 2207/2200/543 2213/2206/543 2212/2204/543
f 2207/2200/544 2208/2201/544 2214/2207/544 2213/2206/544
f 2208/2201/545 2209/2202/545 2215/2208/545 2214/2207/545
f 2209/2202/546 2210/2203/546 2216/2209/546 2215/2208/546
f 2211/2205/547 2212/2204/547 2218/2210/547 2217/2211/547
f 2212/2204/548 2213/2206/548 2219/2212/548 2218/2210/548
f 2213/2206/549 2214/2207/549 2220/2213/549 2219/2212/549
f 2214/2207/550 2215/2208/550 2221/2214/550 2220/2213/550
f 2215/2208/551 2216/2209/551 2222/2215/551 2221/2214/551
f 2217/2211/552 2218/2210/552 2174/1710/552 2168/1710/552
f 2218/2210/982 2219/2212/982 2180/1710/982 2174/1710/982
f 2219/2212/554 2220/2213/554 2186/1710/554 2180/1710/554
f 2220/2213/555 2221/2214/555 2192/1710/555 2186/1710/555
f 2221/2214/983 2222/2215/983 2193/2191/983 2192/1710/983
f 2163/114/557 2223/2216/557 2229/2217/557 2228/2218/557
f 2223/2216/558 2224/2219/558 2230/2220/558 2229/2217/558
f 2224/2219/559 2225/2221/559 2231/2222/559 2230/2220/559
f 2225/2221/984 2226/2223/984 2232/2224/984 2231/2222/984
f 2226/2223/561 2227/2225/561 2233/2187/561 2232/2224/561
f 2228/2218/562 2229/2217/562 2235/2226/562 2234/2227/562
f 2229/2217/563 2230/2220/563 2236/2228/563 2235/2226/563
f 2230/2220/564 2231/2222/564 2237/2229/564 2236/2228/564
f 2231/2222/565 2232/2224/565 2238/2230/565 2237/2229/565
f 2232/2224/566 2233/2187/566 2239/2188/566 2238/2230/566
f 2234/2227/567 2235/2226/567 2241/2231/567 2240/2232/567
f 2235/2226/568 2236/2228/568 2242/2233/568 2241/2231/568
f 2236/2228/612 2237/2229/612 2243/2234/612 2242/2233/612
f 2237/2229/570 2238/2230/570 2244/2235/570 2243/2234/570
f 2238/2230/571 2239/2188/571 2245/2189/571 2244/2235/571
f 2240/2232/572 2241/2231/572 2247/2236/572 2246/2237/572
f 2241/2231/573 2242/2233/573 2248/2238/573 2247/2236/573
f 2242/2233/574 2243/2234/574 2249/2239/574 2248/2238/574
f 2243/2234/575 2244/2235/575 2250/2240/575 2249/2239/575
f 2244/2235/576 2245/2189/576 2251/2190/576 2250/2240/576
f 2246/2237/577 2247/2236/577 2204/2197/577 2198/110/577
f 2247/2236/578 2248/2238/578 2210/2203/578 2204/2197/578
f 2248/2238/614 2249/2239/614 2216/2209/614 2210/2203/614
f 2249/2239/580 2250/2240/580 2222/2215/580 2216/2209/580
f 2250/2240/581 2251/2190/581 2193/2191/581 2222/2215/581
f 2252/112/482 2255/2241/482 2261/2242/482 2260/112/482
f 2255/2241/483 2256/2243/483 2262/2244/483 2261/2242/483
f 2256/2243/484 2257/2245/484 2263/2246/484 2262/2244/484
f 2257/2245/485 2258/2247/485 2264/2248/485 2263/2246/485
f 2258/2247/615 2259/1942/615 2265/1942/615 2264/2248/615
f 2260/112/487 2261/2242/487 2267/2249/487 2266/112/487
f 2261/2242/488 2262/2244/488 2268/2250/488 2267/2249/488
f 2262/2244/489 2263/2246/489 2269/2251/489 2268/2250/489
f 2263/2246/490 2264/2248/490 2270/2252/490 2269/2251/490
f 2264/2248/616 2265/1942/616 2271/1942/616 2270/2252/616
f 2266/112/492 2267/2249/492 2273/2253/492 2272/112/492
f 2267/2249/493 2268/2250/493 2274/2254/493 2273/2253/493
f 2268/2250/494 2269/2251/494 2275/2255/494 2274/2254/494
f 2269/2251/495 2270/2252/495 2276/2256/495 2275/2255/495
f 2270/2252/985 2271/1942/985 2277/1942/985 2276/2256/985
f 2272/112/497 2273/2253/497 2279/2257/497 2278/2258/497
f 2273/2253/498 2274/2254/498 2280/2259/498 2279/2257/498
f 2274/2254/618 2275/2255/618 2281/2260/618 2280/2259/618
f 2275/2255/500 2276/2256/500 2282/2261/500 2281/2260/500
f 2276/2256/501 2277/1942/501 2283/1942/501 2282/2261/501
f 2278/2258/502 2279/2257/502 2324/2262/502 2318/112/502
f 2279/2257/503 2280/2259/503 2330/2263/503 2324/2262/503
f 2280/2259/504 2281/2260/504 2336/2264/504 2330/2263/504
f 2281/2260/505 2282/2261/505 2342/2265/505 2336/2264/505
f 2282/2261/506 2283/1942/506 2284/2266/506 2342/2265/506
f 2253/104/619 2285/104/619 2291/2267/619 2290/2268/619
f 2285/104/508 2286/104/508 2292/2269/508 2291/2267/508
f 2286/104/620 2287/2270/620 2293/2271/620 2292/2269/620
f 2287/2270/510 2288/104/510 2294/2272/510 2293/2271/510
f 2288/104/511 2289/2273/511 2295/2274/511 2294/2272/511
f 2290/2268/512 2291/2267/512 2297/2275/512 2296/2276/512
f 2291/2267/513 2292/2269/513 2298/2277/513 2297/2275/513
f 2292/2269/986 2293/2271/986 2299/2278/986 2298/2277/986
f 2293/2271/515 2294/2272/515 2300/2279/515 2299/2278/515
f 2294/2272/516 2295/2274/516 2301/2280/516 2300/2279/516
f 2296/2276/517 2297/2275/517 2303/2281/517 2302/2282/517
f 2297/2275/987 2298/2277/987 2304/2283/987 2303/2281/987
f 2298/2277/519 2299/2278/519 2305/2284/519 2304/2283/519
f 2299/2278/520 2300/2279/520 2306/2285/520 2305/2284/520
f 2300/2279/521 2301/2280/521 2307/2286/521 2306/2285/521
f 2302/2282/522 2303/2281/522 2309/2287/522 2308/2288/522
f 2303/2281/523 2304/2283/523 2310/2289/523 2309/2287/523
f 2304/2283/524 2305/2284/524 2311/2290/524 2310/2289/524
f 2305/2284/988 2306/2285/988 2312/2291/988 2311/2290/988
f 2306/2285/989 2307/2286/989 2313/2292/989 2312/2291/989
f 2308/2288/527 2309/2287/527 2265/1942/527 2259/1942/527
f 2309/2287/528 2310/2289/528 2271/1942/528 2265/1942/528
f 2310/2289/529 2311/2290/529 2277/1942/529 2271/1942/529
f 2311/2290/530 2312/2291/530 2283/1942/530 2277/1942/530
f 2312/2291/531 2313/2292/531 2284/2266/531 2283/1942/531
f 2254/115/457 2314/2293/457 2320/2294/457 2319/2295/457
f 2314/2293/458 2315/2296/458 2321/2297/458 2320/2294/458
f 2315/2296/459 2316/2298/459 2322/2299/459 2321/2297/459
f 2316/2298/460 2317/2300/460 2323/2301/460 2322/2299/460
f 2317/2300/461 2318/112/461 2324/2262/461 2323/2301/461
f 2319/2295/462 2320/2294/462 2326/2302/462 2325/2303/462
f 2320/2294/463 2321/2297/463 2327/2304/463 2326/2302/463
f 2321/2297/990 2322/2299/990 2328/2305/990 2327/2304/990
f 2322/2299/465 2323/2301/465 2329/2306/465 2328/2305/465
f 2323/2301/466 2324/2262/466 2330/2263/466 2329/2306/466
f 2325/2303/467 2326/2302/467 2332/2307/467 2331/2308/467
f 2326/2302/468 2327/2304/468 2333/2309/468 2332/2307/468
f 2327/2304/469 2328/2305/469 2334/2310/469 2333/2309/469
f 2328/2305/470 2329/2306/470 2335/2311/470 2334/2310/470
f 2329/2306/471 2330/2263/471 2336/2264/471 2335/2311/471
f 2331/2308/472 2332/2307/472 2338/2312/472 2337/2313/472
f 2332/2307/473 2333/2309/473 2339/2314/473 2338/2312/473
f 2333/2309/474 2334/2310/474 2340/2315/474 2339/2314/474
f 2334/2310/475 2335/2311/475 2341/2316/475 2340/2315/475
f 2335/2311/476 2336/2264/476 2342/2265/476 2341/2316/476
f 2337/2313/477 2338/2312/477 2295/2274/477 2289/2317/477
f 2338/2312/478 2339/2314/478 2301/2280/478 2295/2274/478
f 2339/2314/479 2340/2315/479 2307/2286/479 2301/2280/479
f 2340/2315/480 2341/2316/480 2313/2292/480 2307/2286/480
f 2341/2316/481 2342/2265/481 2284/2266/481 2313/2292/481
f 1755/87/991 1663/86/991 1700/2318/991 1815/1909/991
f 1815/1909/992 1700/2318/992 1706/2319/992 1816/1912/992
f 1816/1912/993 1706/2319/993 1712/2320/993 1817/1914/993
f 1817/1914/994 1712/2320/994 1718/2321/994 1818/1916/994
f 1818/1916/995 1718/2321/995 1669/1788/995 1819/1865/995
f 1819/1865/996 1669/1788/996 1668/1786/996 1779/1877/996
f 1779/1877/997 1668/1786/997 1667/1784/997 1773/1872/997
f 1773/1872/998 1667/1784/998 1666/1782/998 1767/1867/998
f 1767/1867/999 1666/1782/999 1665/1779/999 1761/1858/999
f 1761/1858/1000 1665/1779/1000 1662/119/1000 1753/118/1000
f 96/101/1001 460/100/1001 468/605/1001 99/217/1001
f 99/217/1002 468/605/1002 474/615/1002 100/220/1002
f 100/220/1003 474/615/1003 480/621/1003 101/222/1003
f 101/222/1004 480/621/1004 486/627/1004 102/224/1004
f 102/224/1005 486/627/1005 526/633/1005 103/226/1005
f 103/282/1006 526/682/1006 525/680/1006 152/276/1006
f 152/276/1007 525/680/1007 524/678/1007 146/270/1007
f 146/270/1008 524/678/1008 523/676/1008 140/264/1008
f 140/264/1009 523/676/1009 522/673/1009 134/254/1009
f 134/254/1010 522/673/1010 462/47/1010 97/50/1010
f 1845/1/1011 98/99/1011 163/288/1011 1854/2322/1011
f 1854/2322/1012 163/288/1012 169/296/1012 1853/2323/1012
f 1853/2323/1013 169/296/1013 175/301/1013 1852/2324/1013
f 1852/2324/1014 175/301/1014 181/306/1014 1851/2325/1014
f 1851/2325/1015 181/306/1015 133/261/1015 1850/2326/1015
f 1850/2326/1016 133/261/1016 132/259/1016 1849/2327/1016
f 1849/2327/1017 132/259/1017 131/257/1017 1848/2328/1017
f 1848/2328/1018 131/257/1018 130/255/1018 1847/2329/1018
f 1847/2329/1019 130/255/1019 129/252/1019 1846/2330/1019
f 1846/2330/1020 129/252/1020 97/50/1020 1844/49/1020
f 1462/17/1021 552/16/1021 589/740/1021 1471/2331/1021
f 1471/2331/1022 589/740/1022 595/750/1022 1470/2332/1022
f 1470/2332/1023 595/750/1023 601/756/1023 1469/2333/1023
f 1469/2333/1024 601/756/1024 607/762/1024 1468/2334/1024
f 1468/2334/1025 607/762/1025 558/768/1025 1467/2335/1025
f 1467/2336/1026 558/712/1026 557/710/1026 1466/2337/1026
f 1466/2337/1027 557/710/1027 556/708/1027 1465/2338/1027
f 1465/2338/1028 556/708/1028 555/706/1028 1464/2339/1028
f 1464/2339/1029 555/706/1029 554/703/1029 1463/2340/1029
f 1463/2340/1030 554/703/1030 551/93/1030 1461/92/1030
f 1856/96/1031 279/95/1031 316/443/1031 1865/2341/1031
f 1865/2341/1032 316/443/1032 322/453/1032 1864/2342/1032
f 1864/2342/1033 322/453/1033 328/459/1033 1863/2343/1033
f 1863/2343/1034 328/459/1034 334/465/1034 1862/2344/1034
f 1862/2344/1035 334/465/1035 285/415/1035 1861/2345/1035
f 1861/2345/1036 285/415/1036 284/413/1036 1860/2346/1036
f 1860/2346/1037 284/413/1037 283/411/1037 1859/2347/1037
f 1859/2347/1038 283/411/1038 282/409/1038 1858/2348/1038
f 1858/2348/1039 282/409/1039 281/406/1039 1857/2349/1039
f 1857/2349/1040 281/406/1040 278/7/1040 1855/6/1040
f 1867/48/1041 462/47/1041 527/675/1041 1876/2350/1041
f 1876/2350/1042 527/675/1042 533/685/1042 1875/2351/1042
f 1875/2351/1043 533/685/1043 539/691/1043 1874/2352/1043
f 1874/2352/1044 539/691/1044 545/697/1044 1873/2353/1044
f 1873/2353/1045 545/697/1045 497/647/1045 1872/2354/1045
f 1872/2354/1046 497/647/1046 496/645/1046 1871/2355/1046
f 1871/2355/1047 496/645/1047 495/643/1047 1870/2356/1047
f 1870/2356/1048 495/643/1048 494/641/1048 1869/2357/1048
f 1869/2357/1049 494/641/1049 493/638/1049 1868/2358/1049
f 1868/2358/1050 493/638/1050 461/13/1050 1866/12/1050
f 189/57/1051 553/56/1051 618/775/1051 249/377/1051
f 249/377/1052 618/775/1052 624/785/1052 250/380/1052
f 250/380/1053 624/785/1053 630/791/1053 251/382/1053
f 251/382/1054 630/791/1054 636/797/1054 252/384/1054
f 252/384/1055 636/797/1055 588/803/1055 253/386/1055
f 253/340/1056 588/747/1056 587/745/1056 213/334/1056
f 213/334/1057 587/745/1057 586/743/1057 207/328/1057
f 207/328/1058 586/743/1058 585/741/1058 201/322/1058
f 201/322/1059 585/741/1059 584/738/1059 195/312/1059
f 195/312/1060 584/738/1060 552/16/1060 187/15/1060
f 1473/22/1061 189/57/1061 254/379/1061 1482/2359/1061
f 1482/2359/1062 254/379/1062 260/389/1062 1481/2360/1062
f 1481/2360/1063 260/389/1063 266/395/1063 1480/2361/1063
f 1480/2361/1064 266/395/1064 272/401/1064 1479/2362/1064
f 1479/2362/1065 272/401/1065 224/354/1065 1478/2363/1065
f 1478/2363/1066 224/354/1066 223/352/1066 1477/2364/1066
f 1477/2364/1067 223/352/1067 222/350/1067 1476/2365/1067
f 1476/2365/1068 222/350/1068 221/348/1068 1475/2366/1068
f 1475/2366/1069 221/348/1069 220/345/1069 1474/2367/1069
f 1474/2367/1070 220/345/1070 188/58/1070 1472/9/1070
f 644/91/1071 280/90/1071 345/472/1071 704/878/1071
f 704/878/1072 345/472/1072 351/480/1072 705/881/1072
f 705/881/1073 351/480/1073 357/485/1073 706/883/1073
f 706/883/1074 357/485/1074 363/490/1074 707/885/1074
f 707/885/1075 363/490/1075 315/495/1075 708/887/1075
f 708/838/1076 315/450/1076 314/448/1076 668/832/1076
f 668/832/1077 314/448/1077 313/446/1077 662/826/1077
f 662/826/1078 313/446/1078 312/444/1078 656/820/1078
f 656/820/1079 312/444/1079 311/441/1079 650/810/1079
f 650/810/1080 311/441/1080 279/95/1080 642/98/1080
f 187/15/1031 1549/14/1031 1551/2368/1031 190/310/1031
f 190/310/1032 1551/2368/1032 1552/2369/1032 191/313/1032
f 191/313/1033 1552/2369/1033 1553/2370/1033 192/315/1033
f 192/315/1034 1553/2370/1034 1554/2371/1034 193/317/1034
f 193/317/1035 1554/2371/1035 1555/2372/1035 194/375/1035
f 194/375/1036 1555/2372/1036 1556/2373/1036 243/369/1036
f 243/369/1037 1556/2373/1037 1557/2374/1037 237/363/1037
f 237/363/1038 1557/2374/1038 1558/2375/1038 231/357/1038
f 231/357/1039 1558/2375/1039 1559/2376/1039 225/347/1039
f 225/347/1040 1559/2376/1040 1550/59/1040 188/58/1040
f 369/19/1081 6/18/1081 43/160/1081 372/499/1081
f 372/499/1082 43/160/1082 49/170/1082 373/502/1082
f 373/502/1083 49/170/1083 55/176/1083 374/504/1083
f 374/504/1084 55/176/1084 61/182/1084 375/506/1084
f 375/506/1085 61/182/1085 12/188/1085 376/508/1085
f 376/565/1086 12/132/1086 11/130/1086 425/559/1086
f 425/559/1087 11/130/1087 10/128/1087 419/553/1087
f 419/553/1088 10/128/1088 9/126/1088 413/547/1088
f 413/547/1089 9/126/1089 8/123/1089 407/537/1089
f 407/537/1090 8/123/1090 5/122/1090 370/534/1090
f 1495/102/1091 96/101/1091 104/219/1091 1504/2377/1091
f 1504/2377/1092 104/219/1092 110/229/1092 1503/2378/1092
f 1503/2378/1093 110/229/1093 116/235/1093 1502/2379/1093
f 1502/2379/1094 116/235/1094 122/241/1094 1501/2380/1094
f 1501/2380/1095 122/241/1095 162/247/1095 1500/2381/1095
f 1500/2381/1096 162/247/1096 161/293/1096 1499/2382/1096
f 1499/2382/1097 161/293/1097 160/291/1097 1498/2383/1097
f 1498/2383/1098 160/291/1098 159/289/1098 1497/2384/1098
f 1497/2384/1099 159/289/1099 158/286/1099 1496/2385/1099
f 1496/2385/1100 158/286/1100 98/99/1100 1494/5/1100
f 915/106/1101 733/109/1101 741/915/1101 918/1123/1101
f 918/1123/1102 741/915/1102 747/925/1102 919/1126/1102
f 919/1126/1103 747/925/1103 753/931/1103 920/1128/1103
f 920/1128/1104 753/931/1104 759/937/1104 921/1130/1104
f 921/1130/1105 759/937/1105 799/943/1105 922/1132/1105
f 922/1188/1106 799/992/1106 798/990/1106 971/1182/1106
f 971/1182/1107 798/990/1107 797/988/1107 965/1176/1107
f 965/1176/1108 797/988/1108 796/986/1108 959/1170/1108
f 959/1170/1109 796/986/1109 795/983/1109 953/1160/1109
f 953/1160/1110 795/983/1110 735/39/1110 916/42/1110
f 734/26/1021 824/25/1021 832/1020/1021 766/948/1021
f 766/948/1022 832/1020/1022 838/1030/1022 767/951/1022
f 767/951/1023 838/1030/1023 844/1036/1023 768/953/1023
f 768/953/1024 844/1036/1024 850/1042/1024 769/955/1024
f 769/955/1111 850/1042/1111 890/1048/1111 770/957/1111
f 770/1013/1112 890/1097/1112 889/1095/1112 818/1007/1112
f 818/1007/1027 889/1095/1027 888/1093/1027 812/1001/1027
f 812/1001/1028 888/1093/1028 887/1091/1028 806/995/1028
f 806/995/1029 887/1091/1029 886/1088/1029 800/985/1029
f 800/985/1030 886/1088/1030 826/40/1030 735/39/1030
f 825/37/1113 1006/36/1113 1014/1226/1113 857/1053/1113
f 857/1053/1114 1014/1226/1114 1020/1236/1114 858/1056/1114
f 858/1056/1115 1020/1236/1115 1026/1242/1115 859/1058/1115
f 859/1058/1116 1026/1242/1116 1032/1248/1116 860/1060/1116
f 860/1060/1117 1032/1248/1117 1072/1254/1117 861/1062/1117
f 861/1118/1118 1072/1303/1118 1071/1301/1118 909/1112/1118
f 909/1112/1119 1071/1301/1119 1070/1299/1119 903/1106/1119
f 903/1106/1120 1070/1299/1120 1069/1297/1120 897/1100/1120
f 897/1100/1121 1069/1297/1121 1068/1294/1121 891/1090/1121
f 891/1090/1122 1068/1294/1122 1008/41/1122 826/40/1122
f 1007/44/1041 917/43/1041 982/1195/1041 1039/1259/1041
f 1039/1259/1042 982/1195/1042 988/1205/1042 1040/1262/1042
f 1040/1262/1043 988/1205/1043 994/1211/1043 1041/1264/1043
f 1041/1264/1044 994/1211/1044 1000/1217/1044 1042/1266/1044
f 1042/1266/1123 1000/1217/1123 952/1167/1123 1043/1268/1123
f 1043/1268/1124 952/1167/1124 951/1165/1124 1091/1318/1124
f 1091/1318/1047 951/1165/1047 950/1163/1047 1085/1312/1047
f 1085/1312/1048 950/1163/1048 949/1161/1048 1079/1306/1048
f 1079/1306/1049 949/1161/1049 948/1158/1049 1073/1296/1049
f 1073/1296/1050 948/1158/1050 916/42/1050 1008/41/1050
f 1279/107/1001 915/106/1001 923/1125/1001 1282/1513/1001
f 1282/1513/1002 923/1125/1002 929/1135/1002 1283/1516/1002
f 1283/1516/1003 929/1135/1003 935/1141/1003 1284/1518/1003
f 1284/1518/1004 935/1141/1004 941/1147/1004 1285/1520/1004
f 1285/1520/1005 941/1147/1005 981/1153/1005 1286/1522/1005
f 1286/1578/1006 981/1202/1006 980/1200/1006 1335/1572/1006
f 1335/1572/1007 980/1200/1007 979/1198/1007 1329/1566/1007
f 1329/1566/1008 979/1198/1008 978/1196/1008 1323/1560/1008
f 1323/1560/1009 978/1196/1009 977/1193/1009 1317/1550/1009
f 1317/1550/1010 977/1193/1010 917/43/1010 1280/46/1010
f 1006/36/1081 1370/35/1081 1378/1609/1081 1009/1224/1081
f 1009/1224/1082 1378/1609/1082 1384/1619/1082 1010/1227/1082
f 1010/1227/1083 1384/1619/1083 1390/1625/1083 1011/1229/1083
f 1011/1229/1084 1390/1625/1084 1396/1631/1084 1012/1231/1084
f 1012/1231/1085 1396/1631/1085 1436/1637/1085 1013/1233/1085
f 1013/1289/1086 1436/1681/1086 1435/1679/1086 1062/1283/1086
f 1062/1283/1087 1435/1679/1087 1434/1677/1087 1056/1277/1087
f 1056/1277/1088 1434/1677/1088 1433/1675/1088 1050/1271/1088
f 1050/1271/1089 1433/1675/1089 1432/1672/1089 1044/1261/1089
f 1044/1261/1090 1432/1672/1090 1372/45/1090 1007/44/1090
f 1371/28/1011 1281/27/1011 1346/1584/1011 1403/1642/1011
f 1403/1642/1012 1346/1584/1012 1352/1592/1012 1404/1645/1012
f 1404/1645/1013 1352/1592/1013 1358/1597/1013 1405/1647/1013
f 1405/1647/1014 1358/1597/1014 1364/1602/1014 1406/1649/1014
f 1406/1649/1125 1364/1602/1125 1316/1557/1125 1407/1651/1125
f 1407/1651/1126 1316/1557/1126 1315/1555/1126 1455/1696/1126
f 1455/1696/1017 1315/1555/1017 1314/1553/1017 1449/1690/1017
f 1449/1690/1018 1314/1553/1018 1313/1551/1018 1443/1684/1018
f 1443/1684/1019 1313/1551/1019 1312/1548/1019 1437/1674/1019
f 1437/1674/1020 1312/1548/1020 1280/46/1020 1372/45/1020
f 1097/108/1091 1279/107/1091 1287/1515/1091 1100/1325/1091
f 1100/1325/1092 1287/1515/1092 1293/1525/1092 1101/1328/1092
f 1101/1328/1093 1293/1525/1093 1299/1531/1093 1102/1330/1093
f 1102/1330/1094 1299/1531/1094 1305/1537/1094 1103/1332/1094
f 1103/1332/1095 1305/1537/1095 1345/1543/1095 1104/1334/1095
f 1104/1334/1096 1345/1543/1096 1344/1589/1096 1153/1384/1096
f 1153/1384/1097 1344/1589/1097 1343/1587/1097 1147/1378/1097
f 1147/1378/1098 1343/1587/1098 1342/1585/1098 1141/1372/1098
f 1141/1372/1099 1342/1585/1099 1341/1582/1099 1135/1362/1099
f 1135/1362/1100 1341/1582/1100 1281/27/1100 1098/30/1100
f 1370/35/1061 1188/38/1061 1196/1420/1061 1373/1607/1061
f 1373/1607/1062 1196/1420/1062 1202/1430/1062 1374/1610/1062
f 1374/1610/1063 1202/1430/1063 1208/1436/1063 1375/1612/1063
f 1375/1612/1064 1208/1436/1064 1214/1442/1064 1376/1614/1064
f 1376/1614/1065 1214/1442/1065 1254/1448/1065 1377/1616/1065
f 1377/1616/1066 1254/1448/1066 1253/1494/1066 1426/1666/1066
f 1426/1666/1067 1253/1494/1067 1252/1492/1067 1420/1660/1067
f 1420/1660/1068 1252/1492/1068 1251/1490/1068 1414/1654/1068
f 1414/1654/1069 1251/1490/1069 1250/1487/1069 1408/1644/1069
f 1408/1644/1070 1250/1487/1070 1190/29/1070 1371/28/1070
f 1189/24/1031 1099/23/1031 1164/1391/1031 1221/1453/1031
f 1221/1453/1032 1164/1391/1032 1170/1401/1032 1222/1456/1032
f 1222/1456/1033 1170/1401/1033 1176/1407/1033 1223/1458/1033
f 1223/1458/1034 1176/1407/1034 1182/1413/1034 1224/1460/1034
f 1224/1460/1127 1182/1413/1127 1134/1369/1127 1225/1462/1127
f 1225/1462/1128 1134/1369/1128 1133/1367/1128 1273/1507/1128
f 1273/1507/1037 1133/1367/1037 1132/1365/1037 1267/1502/1037
f 1267/1502/1038 1132/1365/1038 1131/1363/1038 1261/1497/1038
f 1261/1497/1039 1131/1363/1039 1130/1360/1039 1255/1489/1039
f 1255/1489/1040 1130/1360/1040 1098/30/1040 1190/29/1040
f 733/109/1071 1097/108/1071 1105/1327/1071 736/913/1071
f 736/913/1072 1105/1327/1072 1111/1337/1072 737/916/1072
f 737/916/1073 1111/1337/1073 1117/1343/1073 738/918/1073
f 738/918/1074 1117/1343/1074 1123/1349/1074 739/920/1074
f 739/920/1075 1123/1349/1075 1163/1355/1075 740/922/1075
f 740/978/1076 1163/1398/1076 1162/1396/1076 789/972/1076
f 789/972/1077 1162/1396/1077 1161/1394/1077 783/966/1077
f 783/966/1078 1161/1394/1078 1160/1392/1078 777/960/1078
f 777/960/1079 1160/1392/1079 1159/1389/1079 771/950/1079
f 771/950/1080 1159/1389/1080 1099/23/1080 734/26/1080
f 1188/38/1051 825/37/1051 862/1055/1051 1191/1418/1051
f 1191/1418/1052 862/1055/1052 868/1065/1052 1192/1421/1052
f 1192/1421/1053 868/1065/1053 874/1071/1053 1193/1423/1053
f 1193/1423/1054 874/1071/1054 880/1077/1054 1194/1425/1054
f 1194/1425/1055 880/1077/1055 831/1083/1055 1195/1427/1055
f 1195/1483/1056 831/1027/1056 830/1025/1056 1244/1477/1056
f 1244/1477/1057 830/1025/1057 829/1023/1057 1238/1471/1057
f 1238/1471/1058 829/1023/1058 828/1021/1058 1232/1465/1058
f 1232/1465/1059 828/1021/1059 827/1018/1059 1226/1455/1059
f 1226/1455/1060 827/1018/1060 824/25/1060 1189/24/1060
f 6/18/1061 1473/22/1061 1482/2359/1061 38/158/1061
f 38/158/1062 1482/2359/1062 1481/2360/1062 39/161/1062
f 39/161/1063 1481/2360/1063 1480/2361/1063 40/163/1063
f 40/163/1064 1480/2361/1064 1479/2362/1064 41/165/1064
f 41/165/1065 1479/2362/1065 1478/2363/1065 42/167/1065
f 42/167/1066 1478/2363/1066 1477/2364/1066 90/213/1066
f 90/213/1067 1477/2364/1067 1476/2365/1067 84/208/1067
f 84/208/1068 1476/2365/1068 1475/2366/1068 78/203/1068
f 78/203/1069 1475/2366/1069 1474/2367/1069 72/194/1069
f 72/194/1070 1474/2367/1070 1472/9/1070 7/8/1070
f 1878/34/1021 1462/33/1021 1471/2386/1021 1887/2387/1021
f 1887/2387/1022 1471/2386/1022 1470/2332/1022 1886/2388/1022
f 1886/2388/1023 1470/2332/1023 1469/2389/1023 1885/2390/1023
f 1885/2390/1024 1469/2389/1024 1468/2334/1024 1884/2391/1024
f 1884/2391/1111 1468/2334/1111 1467/2335/1111 1883/2392/1111
f 1883/2393/1112 1467/2336/1112 1466/2394/1112 1882/2395/1112
f 1882/2395/1027 1466/2394/1027 1465/2396/1027 1881/2397/1027
f 1881/2397/1028 1465/2396/1028 1464/2398/1028 1880/2399/1028
f 1880/2399/1029 1464/2398/1029 1463/2400/1029 1879/2401/1029
f 1879/2401/1129 1463/2400/1129 1461/85/1129 1877/84/1129
f 280/90/1091 1495/89/1091 1504/2377/1091 340/470/1091
f 340/470/1092 1504/2377/1092 1503/2378/1092 341/473/1092
f 341/473/1093 1503/2378/1093 1502/2379/1093 342/475/1093
f 342/475/1094 1502/2379/1094 1501/2380/1094 343/477/1094
f 343/477/1095 1501/2380/1095 1500/2381/1095 344/436/1095
f 344/436/1096 1500/2381/1096 1499/2382/1096 304/430/1096
f 304/430/1097 1499/2382/1097 1498/2383/1097 298/424/1097
f 298/424/1098 1498/2383/1098 1497/2384/1098 292/418/1098
f 292/418/1099 1497/2384/1099 1496/2385/1099 286/408/1099
f 286/408/1100 1496/2385/1100 1494/5/1100 278/7/1100
f 370/534/1041 1560/2402/1041 1562/2403/1041 402/535/1041
f 402/535/1042 1562/2403/1042 1563/2404/1042 403/538/1042
f 403/538/1043 1563/2404/1043 1564/2405/1043 404/540/1043
f 404/540/1044 1564/2405/1044 1565/2406/1044 405/542/1044
f 405/542/1045 1565/2406/1045 1566/2407/1045 406/600/1045
f 406/600/1046 1566/2407/1046 1567/2408/1046 454/594/1046
f 454/594/1047 1567/2408/1047 1568/2409/1047 448/588/1047
f 448/588/1048 1568/2409/1048 1569/2410/1048 442/582/1048
f 442/582/1049 1569/2410/1049 1570/2411/1049 436/572/1049
f 436/572/1050 1570/2411/1050 1561/54/1050 371/53/1050
f 7/8/1011 1483/2/1011 1485/2412/1011 67/192/1011
f 67/192/1012 1485/2412/1012 1486/2413/1012 68/195/1012
f 68/195/1013 1486/2413/1013 1487/2414/1013 69/197/1013
f 69/197/1014 1487/2414/1014 1488/2415/1014 70/199/1014
f 70/199/1015 1488/2415/1015 1489/2416/1015 71/153/1015
f 71/153/1016 1489/2416/1016 1490/2417/1016 31/147/1016
f 31/147/1017 1490/2417/1017 1491/2418/1017 25/141/1017
f 25/141/1018 1491/2418/1018 1492/2419/1018 19/135/1018
f 19/135/1019 1492/2419/1019 1493/2420/1019 13/125/1019
f 13/125/1020 1493/2420/1020 1484/2421/1020 5/122/1020
f 1506/61/1110 1516/10/1110 1518/2422/1110 1515/2423/1110
f 1515/2423/1109 1518/2422/1109 1519/2424/1109 1514/2425/1109
f 1514/2425/1108 1519/2424/1108 1520/2426/1108 1513/2427/1108
f 1513/2427/1107 1520/2426/1107 1521/2428/1107 1512/2429/1107
f 1512/2429/1106 1521/2428/1106 1522/2430/1106 1511/2431/1106
f 1511/2432/1105 1522/2433/1105 1523/2434/1105 1510/2435/1105
f 1510/2435/1104 1523/2434/1104 1524/2436/1104 1509/2437/1104
f 1509/2437/1103 1524/2436/1103 1525/2438/1103 1508/2439/1103
f 1508/2439/1102 1525/2438/1102 1526/2440/1102 1507/2441/1102
f 1507/2441/1101 1526/2440/1101 1517/75/1101 1505/74/1101
f 1528/52/1122 1538/65/1122 1540/2442/1122 1537/2443/1122
f 1537/2443/1121 1540/2442/1121 1541/2444/1121 1536/2445/1121
f 1536/2445/1120 1541/2444/1120 1542/2446/1120 1535/2447/1120
f 1535/2447/1119 1542/2446/1119 1543/2448/1119 1534/2449/1119
f 1534/2449/1118 1543/2448/1118 1544/2450/1118 1533/2451/1118
f 1533/2452/1117 1544/2453/1117 1545/2454/1117 1532/2455/1117
f 1532/2455/1116 1545/2454/1116 1546/2456/1116 1531/2457/1116
f 1531/2457/1115 1546/2456/1115 1547/2458/1115 1530/2459/1115
f 1530/2459/1114 1547/2458/1114 1548/2460/1114 1529/2461/1114
f 1529/2461/1113 1548/2460/1113 1539/69/1113 1527/68/1113
f 1505/74/1101 644/91/1101 709/880/1101 1507/2462/1101
f 1507/2462/1102 709/880/1102 715/890/1102 1508/2463/1102
f 1508/2463/1103 715/890/1103 721/896/1103 1509/2464/1103
f 1509/2464/1104 721/896/1104 727/902/1104 1510/2465/1104
f 1510/2465/1105 727/902/1105 679/908/1105 1511/2466/1105
f 1511/2467/1106 679/852/1106 678/850/1106 1512/2468/1106
f 1512/2468/1107 678/850/1107 677/848/1107 1513/2469/1107
f 1513/2469/1108 677/848/1108 676/846/1108 1514/2470/1108
f 1514/2470/1109 676/846/1109 675/843/1109 1515/2471/1109
f 1515/2471/1110 675/843/1110 643/66/1110 1506/61/1110
f 553/56/1113 1539/55/1113 1548/2472/1113 613/773/1113
f 613/773/1114 1548/2472/1114 1547/2473/1114 614/776/1114
f 614/776/1115 1547/2473/1115 1546/2474/1115 615/778/1115
f 615/778/1116 1546/2474/1116 1545/2475/1116 616/780/1116
f 616/780/1117 1545/2475/1117 1544/2476/1117 617/782/1117
f 617/733/1118 1544/2477/1118 1543/2478/1118 577/727/1118
f 577/727/1119 1543/2478/1119 1542/2446/1119 571/721/1119
f 571/721/1120 1542/2446/1120 1541/2479/1120 565/715/1120
f 565/715/1121 1541/2479/1121 1540/2480/1121 559/705/1121
f 559/705/1122 1540/2480/1122 1538/65/1122 551/93/1122
f 1516/10/1110 461/13/1110 498/640/1110 1518/2481/1110
f 1518/2481/1109 498/640/1109 504/650/1109 1519/2482/1109
f 1519/2482/1108 504/650/1108 510/656/1108 1520/2483/1108
f 1520/2483/1107 510/656/1107 516/662/1107 1521/2428/1107
f 1521/2428/1106 516/662/1106 467/668/1106 1522/2484/1106
f 1522/2485/1105 467/612/1105 466/610/1105 1523/2486/1105
f 1523/2486/1104 466/610/1104 465/608/1104 1524/2487/1104
f 1524/2487/1103 465/608/1103 464/606/1103 1525/2488/1103
f 1525/2488/1102 464/606/1102 463/603/1102 1526/2489/1102
f 1526/2489/1101 463/603/1101 460/100/1101 1517/103/1101
f 1527/20/1113 369/19/1113 377/501/1113 1529/2490/1113
f 1529/2490/1114 377/501/1114 383/511/1114 1530/2491/1114
f 1530/2491/1115 383/511/1115 389/517/1115 1531/2492/1115
f 1531/2492/1116 389/517/1116 395/523/1116 1532/2493/1116
f 1532/2493/1117 395/523/1117 435/529/1117 1533/2494/1117
f 1533/2495/1118 435/579/1118 434/577/1118 1534/2496/1118
f 1534/2496/1119 434/577/1119 433/575/1119 1535/2497/1119
f 1535/2497/1120 433/575/1120 432/573/1120 1536/2498/1120
f 1536/2498/1121 432/573/1121 431/570/1121 1537/2499/1121
f 1537/2499/1122 431/570/1122 371/53/1122 1528/52/1122
f 1571/82/1130 1664/81/1130 1729/1834/1130 1574/1701/1130
f 1574/1701/1131 1729/1834/1131 1735/1842/1131 1575/1704/1131
f 1575/1704/1132 1735/1842/1132 1741/1847/1132 1576/1706/1132
f 1576/1706/1133 1741/1847/1133 1747/1852/1133 1577/1708/1133
f 1577/1708/1134 1747/1852/1134 1699/1788/1134 1578/1710/1134
f 1578/1710/1135 1699/1788/1135 1698/1815/1135 1627/2500/1135
f 1627/2500/1136 1698/1815/1136 1697/1813/1136 1621/2501/1136
f 1621/2501/1137 1697/1813/1137 1696/1811/1137 1615/2502/1137
f 1615/2502/1138 1696/1811/1138 1695/1808/1138 1609/2503/1138
f 1609/2503/1139 1695/1808/1139 1663/64/1139 1572/63/1139
f 1483/2/1140 1845/1/1140 1854/2322/1140 1485/2412/1140
f 1485/2412/1012 1854/2322/1012 1853/2323/1012 1486/2413/1012
f 1486/2413/1013 1853/2323/1013 1852/2324/1013 1487/2414/1013
f 1487/2414/1014 1852/2324/1014 1851/2325/1014 1488/2415/1014
f 1488/2415/1125 1851/2325/1125 1850/2326/1125 1489/2416/1125
f 1489/2416/1126 1850/2326/1126 1849/2327/1126 1490/2417/1126
f 1490/2417/1017 1849/2327/1017 1848/2328/1017 1491/2418/1017
f 1491/2418/1018 1848/2328/1018 1847/2329/1018 1492/2419/1018
f 1492/2419/1019 1847/2329/1019 1846/2330/1019 1493/2420/1019
f 1493/2420/1020 1846/2330/1020 1844/73/1020 1484/72/1020
f 1549/32/1031 1856/31/1031 1865/2341/1031 1551/2368/1031
f 1551/2368/1032 1865/2341/1032 1864/2342/1032 1552/2369/1032
f 1552/2369/1033 1864/2342/1033 1863/2343/1033 1553/2370/1033
f 1553/2370/1034 1863/2343/1034 1862/2344/1034 1554/2371/1034
f 1554/2371/1127 1862/2344/1127 1861/2345/1127 1555/2372/1127
f 1555/2372/1128 1861/2345/1128 1860/2346/1128 1556/2373/1128
f 1556/2373/1037 1860/2346/1037 1859/2347/1037 1557/2374/1037
f 1557/2374/1038 1859/2347/1038 1858/2348/1038 1558/2375/1038
f 1558/2375/1039 1858/2348/1039 1857/2349/1039 1559/2376/1039
f 1559/2376/1141 1857/2349/1141 1855/6/1141 1550/59/1141
f 1560/71/1041 1867/70/1041 1876/2350/1041 1562/2403/1041
f 1562/2403/1042 1876/2350/1042 1875/2351/1042 1563/2404/1042
f 1563/2404/1043 1875/2351/1043 1874/2352/1043 1564/2405/1043
f 1564/2405/1044 1874/2352/1044 1873/2353/1044 1565/2406/1044
f 1565/2406/1123 1873/2353/1123 1872/2354/1123 1566/2407/1123
f 1566/2407/1124 1872/2354/1124 1871/2355/1124 1567/2408/1124
f 1567/2408/1047 1871/2355/1047 1870/2356/1047 1568/2409/1047
f 1568/2409/1048 1870/2356/1048 1869/2357/1048 1569/2410/1048
f 1569/2410/1049 1869/2357/1049 1868/2358/1049 1570/2411/1049
f 1570/2411/1142 1868/2358/1142 1866/80/1142 1561/79/1142
f 642/98/1021 1878/97/1021 1887/2387/1021 645/808/1021
f 645/808/1022 1887/2387/1022 1886/2388/1022 646/811/1022
f 646/811/1023 1886/2388/1023 1885/2504/1023 647/813/1023
f 647/813/1024 1885/2504/1024 1884/2391/1024 648/815/1024
f 648/815/1025 1884/2391/1025 1883/2392/1025 649/817/1025
f 649/873/1026 1883/2393/1026 1882/2505/1026 698/867/1026
f 698/867/1027 1882/2505/1027 1881/2506/1027 692/861/1027
f 692/861/1028 1881/2506/1028 1880/2507/1028 686/855/1028
f 686/855/1029 1880/2507/1029 1879/2508/1029 680/845/1029
f 680/845/1030 1879/2508/1030 1877/67/1030 643/66/1030
f 1572/78/1143 1889/77/1143 1926/2509/1143 1604/1731/1143
f 1604/1731/1144 1926/2509/1144 1932/2510/1144 1605/1734/1144
f 1605/1734/1145 1932/2510/1145 1938/2511/1145 1606/1736/1145
f 1606/1736/1146 1938/2511/1146 1944/2512/1146 1607/1738/1146
f 1607/1738/1147 1944/2512/1147 1895/1942/1147 1608/1710/1147
f 1608/1710/1148 1895/1942/1148 1894/1940/1148 1656/1775/1148
f 1656/1775/1149 1894/1940/1149 1893/1938/1149 1650/1770/1149
f 1650/1770/1150 1893/1938/1150 1892/1936/1150 1644/1765/1150
f 1644/1765/1151 1892/1936/1151 1891/1933/1151 1638/1757/1151
f 1638/1757/1152 1891/1933/1152 1888/111/1152 1573/110/1152
f 1889/60/1153 1755/62/1153 1820/1911/1153 1921/1963/1153
f 1921/1963/1154 1820/1911/1154 1826/2513/1154 1922/1966/1154
f 1922/1966/1155 1826/2513/1155 1832/2514/1155 1923/1968/1155
f 1923/1968/1156 1832/2514/1156 1838/2515/1156 1924/1970/1156
f 1924/1970/1157 1838/2515/1157 1790/1865/1157 1925/1942/1157
f 1925/1942/1158 1790/1865/1158 1789/1888/1158 1973/2007/1158
f 1973/2007/1159 1789/1888/1159 1788/1886/1159 1967/2002/1159
f 1967/2002/1160 1788/1886/1160 1787/1884/1160 1961/1997/1160
f 1961/1997/1161 1787/1884/1161 1786/1881/1161 1955/1989/1161
f 1955/1989/1162 1786/1881/1162 1754/105/1162 1890/104/1162
f 1979/121/1041 2070/120/1041 2078/2090/1041 1982/2011/1041
f 1982/2011/1042 2078/2090/1042 2084/2090/1042 1983/118/1042
f 1983/118/1043 2084/2090/1043 2090/2090/1043 1984/2011/1043
f 1984/2011/1044 2090/2090/1044 2096/2090/1044 1985/2011/1044
f 1985/2011/1123 2096/2090/1123 2136/2090/1123 1986/2011/1123
f 1986/2011/1124 2136/2090/1124 2135/2148/1124 2035/2061/1124
f 2035/2061/1047 2135/2148/1047 2134/2146/1047 2029/2055/1047
f 2029/2055/1048 2134/2146/1048 2133/2144/1048 2023/2049/1048
f 2023/2049/1049 2133/2144/1049 2132/2141/1049 2017/2039/1049
f 2017/2039/1050 2132/2141/1050 2072/117/1050 1980/116/1050
f 2163/114/1163 2072/117/1163 2137/2143/1163 2223/2216/1163
f 2223/2216/1109 2137/2143/1109 2143/2151/1109 2224/2219/1109
f 2224/2219/1108 2143/2151/1108 2149/2156/1108 2225/2221/1108
f 2225/2221/1107 2149/2156/1107 2155/2161/1107 2226/2223/1107
f 2226/2223/1106 2155/2161/1106 2107/81/1106 2227/2225/1106
f 2227/2225/1105 2107/81/1105 2106/2117/1105 2187/2183/1105
f 2187/2183/1104 2106/2117/1104 2105/2119/1104 2181/2178/1104
f 2181/2178/1103 2105/2119/1103 2104/2117/1103 2175/83/1103
f 2175/83/1102 2104/2117/1102 2103/2114/1102 2169/82/1102
f 2169/82/1101 2103/2114/1101 2071/81/1101 2161/83/1101
f 2162/113/1021 2252/112/1021 2260/112/1021 2194/110/1021
f 2194/110/1022 2260/112/1022 2266/112/1022 2195/110/1022
f 2195/110/1023 2266/112/1023 2272/112/1023 2196/110/1023
f 2196/110/1024 2272/112/1024 2278/2258/1024 2197/110/1024
f 2197/110/1111 2278/2258/1111 2318/112/1111 2198/110/1111
f 2198/110/1112 2318/112/1112 2317/2300/1112 2246/2237/1112
f 2246/2237/1027 2317/2300/1027 2316/2298/1027 2240/2232/1027
f 2240/2232/1028 2316/2298/1028 2315/2296/1028 2234/2227/1028
f 2234/2227/1029 2315/2296/1029 2314/2293/1029 2228/2218/1029
f 2228/2218/1030 2314/2293/1030 2254/115/1030 2163/114/1030
f 2253/104/1113 1981/105/1113 2046/2046/1113 2285/104/1113
f 2285/104/1114 2046/2046/1114 2052/2075/1114 2286/104/1114
f 2286/104/1115 2052/2075/1115 2058/2080/1115 2287/2270/1115
f 2287/2270/1116 2058/2080/1116 2064/105/1116 2288/104/1116
f 2288/104/1117 2064/105/1117 2016/105/1117 2289/2273/1117
f 2289/2273/1118 2016/105/1118 2015/2044/1118 2337/2313/1118
f 2337/2313/1119 2015/2044/1119 2014/2042/1119 2331/2308/1119
f 2331/2308/1120 2014/2042/1120 2013/2040/1120 2325/2303/1120
f 2325/2303/1121 2013/2040/1121 2012/2037/1121 2319/2295/1121
f 2319/2295/1122 2012/2037/1122 1980/116/1122 2254/115/1122
f 1664/81/1164 2071/81/1164 2108/2116/1164 1724/1832/1164
f 1724/1832/1165 2108/2116/1165 2114/2124/1165 1725/1835/1165
f 1725/1835/1166 2114/2124/1166 2120/2130/1166 1726/1837/1166
f 1726/1837/1167 2120/2130/1167 2126/2136/1167 1727/1839/1167
f 1727/1839/1168 2126/2136/1168 2077/1788/1168 1728/1788/1168
f 1728/1788/1169 2077/1788/1169 2076/2095/1169 1688/1803/1169
f 1688/1803/1170 2076/2095/1170 2075/2093/1170 1682/1797/1170
f 1682/1797/1171 2075/2093/1171 2074/2091/1171 1676/1791/1171
f 1676/1791/1172 2074/2091/1172 2073/2088/1172 1670/1781/1172
f 1670/1781/1173 2073/2088/1173 2070/120/1173 1662/119/1173
f 1981/105/1174 1754/105/1174 1791/1883/1174 2041/2066/1174
f 2041/2066/1175 1791/1883/1175 1797/1892/1175 2042/2068/1175
f 2042/2068/1176 1797/1892/1176 1803/1898/1176 2043/2070/1176
f 2043/2070/1177 1803/1898/1177 1809/1904/1177 2044/2072/1177
f 2044/2072/1178 1809/1904/1178 1760/1865/1178 2045/1865/1178
f 2045/1865/1179 1760/1865/1179 1759/1863/1179 2005/2031/1179
f 2005/2031/1180 1759/1863/1180 1758/1861/1180 1999/2025/1180
f 1999/2025/1181 1758/1861/1181 1757/1859/1181 1993/2019/1181
f 1993/2019/1182 1757/1859/1182 1756/1856/1182 1987/2013/1182
f 1987/2013/1183 1756/1856/1183 1753/118/1183 1979/121/1183
f 1573/110/1184 2162/113/1184 2199/2193/1184 1633/1755/1184
f 1633/1755/1185 2199/2193/1185 2205/2199/1185 1634/1758/1185
f 1634/1758/1186 2205/2199/1186 2211/2205/1186 1635/1760/1186
f 1635/1760/1187 2211/2205/1187 2217/2211/1187 1636/1762/1187
f 1636/1762/1188 2217/2211/1188 2168/1710/1188 1637/1710/1188
f 1637/1710/1189 2168/1710/1189 2167/2171/1189 1597/1725/1189
f 1597/1725/1190 2167/2171/1190 2166/2169/1190 1591/1719/1190
f 1591/1719/1191 2166/2169/1191 2165/2167/1191 1585/1713/1191
f 1585/1713/1192 2165/2167/1192 2164/2165/1192 1579/1703/1192
f 1579/1703/1193 2164/2165/1193 2161/83/1193 1571/82/1193
f 2252/112/1194 1888/111/1194 1896/1935/1194 2255/2241/1194
f 2255/2241/1195 1896/1935/1195 1902/1945/1195 2256/2243/1195
f 2256/2243/1196 1902/1945/1196 1908/1951/1196 2257/2245/1196
f 2257/2245/1197 1908/1951/1197 1914/1957/1197 2258/2247/1197
f 2258/2247/1198 1914/1957/1198 1954/1942/1198 2259/1942/1198
f 2259/1942/1199 1954/1942/1199 1953/1994/1199 2308/2288/1199
f 2308/2288/1200 1953/1994/1200 1952/1992/1200 2302/2282/1200
f 2302/2282/1201 1952/1992/1201 1951/1990/1201 2296/2276/1201
f 2296/2276/1202 1951/1990/1202 1950/1987/1202 2290/2268/1202
f 2290/2268/1203 1950/1987/1203 1890/104/1203 2253/104/1203
f 1560/2402/5 370/534/5 5/122/5 1484/2421/5
o Cube.001
v -1.989865 -2.161142 1.620000
v -1.989865 -2.010811 1.800000
v -2.081904 -2.010811 1.620000
v -1.989865 -2.159291 1.648160
v -1.989865 -2.153785 1.675620
v -1.989865 -2.144756 1.701721
v -1.989865 -2.132432 1.725800
v -1.989865 -2.117111 1.747279
v -2.004264 -2.159291 1.620000
v -2.004563 -2.157219 1.649025
v -2.004651 -2.151279 1.677234
v -2.004618 -2.142029 1.702960
v -2.004544 -2.130075 1.725752
v -2.004495 -2.115818 1.745591
v -2.018305 -2.153785 1.620000
v -2.019019 -2.151293 1.649245
v -2.019046 -2.145087 1.677392
v -2.018623 -2.136046 1.702168
v -2.018137 -2.124954 1.723269
v -2.017872 -2.112115 1.741190
v -2.031651 -2.144756 1.620000
v -2.032291 -2.141986 1.649095
v -2.031850 -2.135987 1.676514
v -2.030701 -2.127824 1.699952
v -2.029536 -2.118190 1.719249
v -2.028931 -2.107073 1.735230
v -2.043964 -2.132432 1.620000
v -2.044011 -2.129967 1.648839
v -2.042713 -2.124851 1.675434
v -2.040618 -2.118157 1.697638
v -2.038551 -2.110569 1.715219
v -2.037388 -2.101846 1.728998
v -2.043004 -2.097605 1.723923
v -2.004264 -2.010811 1.797784
v -2.018305 -2.010811 1.791191
v -2.031651 -2.010811 1.780380
v -2.043964 -2.010811 1.765624
v -2.054947 -2.010811 1.747279
v -1.989865 -2.034329 1.797784
v -2.004706 -2.034819 1.795303
v -2.019130 -2.034961 1.788191
v -2.032285 -2.034907 1.777115
v -2.043939 -2.034786 1.762802
v -2.054083 -2.034708 1.745731
v -1.989865 -2.057264 1.791191
v -2.004819 -2.058430 1.788208
v -2.019212 -2.058474 1.780777
v -2.031880 -2.057783 1.769951
v -2.042669 -2.056988 1.756670
v -2.051833 -2.056556 1.741297
v -1.989865 -2.079062 1.780380
v -2.004742 -2.080108 1.777064
v -2.018762 -2.079387 1.769880
v -2.030747 -2.077509 1.760106
v -2.040614 -2.075607 1.748571
v -2.048785 -2.074619 1.735261
v -1.989865 -2.099173 1.765624
v -2.004611 -2.099249 1.762672
v -2.018210 -2.097129 1.756547
v -2.029563 -2.093708 1.748532
v -2.038553 -2.090331 1.739447
v -2.045599 -2.088432 1.729002
v -2.080771 -2.034329 1.620000
v -2.077400 -2.057264 1.620000
v -2.071872 -2.079062 1.620000
v -2.064327 -2.099173 1.620000
v -2.054947 -2.117111 1.620000
v -2.080771 -2.010811 1.648160
v -2.079503 -2.035052 1.648746
v -2.075866 -2.058611 1.648916
v -2.070203 -2.080097 1.648852
v -2.062884 -2.099132 1.648707
v -2.054155 -2.115701 1.648612
v -2.077400 -2.010811 1.675620
v -2.075875 -2.035236 1.677016
v -2.072075 -2.058744 1.677069
v -2.066539 -2.079435 1.676243
v -2.059748 -2.097058 1.675290
v -2.051888 -2.112025 1.674773
v -2.071872 -2.010811 1.701721
v -2.070176 -2.035110 1.702973
v -2.066503 -2.058010 1.702110
v -2.061505 -2.077585 1.699862
v -2.055607 -2.093701 1.697584
v -2.048801 -2.107048 1.696401
v -2.064327 -2.010811 1.725800
v -2.062817 -2.034896 1.725892
v -2.059685 -2.057108 1.723354
v -2.055587 -2.075652 1.719257
v -2.050941 -2.090336 1.715214
v -2.045601 -2.101844 1.712940
v -1.989865 0.695141 1.800000
v -1.989865 0.845472 1.620000
v -2.081904 0.695141 1.620000
v -1.989865 0.718659 1.797784
v -1.989865 0.741593 1.791191
v -1.989865 0.763392 1.780380
v -1.989865 0.783502 1.765624
v -1.989865 0.801441 1.747279
v -2.004264 0.695141 1.797784
v -2.004563 0.719382 1.795303
v -2.004651 0.742941 1.788191
v -2.004618 0.764427 1.777115
v -2.004544 0.783462 1.762802
v -2.004495 0.800030 1.745731
v -2.018305 0.695141 1.791191
v -2.019019 0.719565 1.788208
v -2.019046 0.743073 1.780777
v -2.018623 0.763765 1.769951
v -2.018137 0.781388 1.756670
v -2.017872 0.796355 1.741297
v -2.031651 0.695141 1.780380
v -2.032291 0.719440 1.777064
v -2.031850 0.742339 1.769880
v -2.030701 0.761915 1.760106
v -2.029536 0.778030 1.748571
v -2.028931 0.791377 1.735261
v -2.043964 0.695141 1.765624
v -2.044011 0.719226 1.762672
v -2.042713 0.741438 1.756547
v -2.040618 0.759981 1.748532
v -2.038551 0.774665 1.739447
v -2.037388 0.786173 1.729002
v -2.043004 0.781934 1.723923
v -2.004264 0.843621 1.620000
v -2.018305 0.838115 1.620000
v -2.031651 0.829086 1.620000
v -2.043964 0.816762 1.620000
v -2.054947 0.801441 1.620000
v -1.989865 0.843621 1.648160
v -2.004706 0.841549 1.648746
v -2.019130 0.835609 1.648916
v -2.032285 0.826359 1.648852
v -2.043939 0.814405 1.648707
v -2.054083 0.800148 1.648612
v -1.989865 0.838115 1.675620
v -2.004819 0.835623 1.677016
v -2.019212 0.829417 1.677069
v -2.031880 0.820375 1.676243
v -2.042669 0.809283 1.675290
v -2.051833 0.796445 1.674773
v -1.989865 0.829086 1.701721
v -2.004742 0.826316 1.702973
v -2.018762 0.820317 1.702110
v -2.030747 0.812153 1.699862
v -2.040614 0.802519 1.697584
v -2.048785 0.791403 1.696401
v -1.989865 0.816762 1.725800
v -2.004611 0.814296 1.725892
v -2.018210 0.809181 1.723354
v -2.029563 0.802487 1.719257
v -2.038553 0.794899 1.715214
v -2.045599 0.786176 1.712940
v -2.080771 0.695141 1.648160
v -2.077400 0.695141 1.675620
v -2.071872 0.695141 1.701721
v -2.064327 0.695141 1.725800
v -2.054947 0.695141 1.747279
v -2.080771 0.718659 1.620000
v -2.079503 0.719148 1.649025
v -2.075866 0.719291 1.677234
v -2.070203 0.719237 1.702960
v -2.062884 0.719116 1.725752
v -2.054155 0.719037 1.745591
v -2.077400 0.741593 1.620000
v -2.075875 0.742759 1.649245
v -2.072075 0.742804 1.677392
v -2.066539 0.742113 1.702168
v -2.059748 0.741318 1.723269
v -2.051888 0.740886 1.741190
v -2.071872 0.763392 1.620000
v -2.070176 0.764437 1.649095
v -2.066503 0.763717 1.676514
v -2.061505 0.761839 1.699952
v -2.055607 0.759937 1.719249
v -2.048801 0.758949 1.735230
v -2.064327 0.783502 1.620000
v -2.062817 0.783579 1.648839
v -2.059685 0.781459 1.675434
v -2.055587 0.778038 1.697638
v -2.050941 0.774661 1.715219
v -2.045601 0.772762 1.728998
v -1.989865 -2.161142 -1.620000
v -2.081904 -2.010811 -1.620000
v -1.989865 -2.010811 -1.800000
v -2.004264 -2.159291 -1.620000
v -2.018305 -2.153785 -1.620000
v -2.031651 -2.144756 -1.620000
v -2.043964 -2.132432 -1.620000
v -2.054947 -2.117111 -1.620000
v -1.989865 -2.159291 -1.648160
v -2.004706 -2.157219 -1.648746
v -2.019130 -2.151279 -1.648916
v -2.032285 -2.142029 -1.648852
v -2.043939 -2.130075 -1.648707
v -2.054083 -2.115818 -1.648612
v -1.989865 -2.153785 -1.675620
v -2.004819 -2.151293 -1.677016
v -2.019212 -2.145087 -1.677069
v -2.031880 -2.136046 -1.676243
v -2.042669 -2.124954 -1.675290
v -2.051833 -2.112115 -1.674773
v -1.989865 -2.144756 -1.701721
v -2.004742 -2.141986 -1.702973
v -2.018762 -2.135987 -1.702110
v -2.030747 -2.127824 -1.699862
v -2.040614 -2.118190 -1.697584
v -2.048785 -2.107073 -1.696401
v -1.989865 -2.132432 -1.725800
v -2.004611 -2.129967 -1.725892
v -2.018210 -2.124851 -1.723354
v -2.029563 -2.118157 -1.719257
v -2.038553 -2.110569 -1.715214
v -2.045599 -2.101846 -1.712940
v -2.043004 -2.097605 -1.723923
v -2.080771 -2.010811 -1.648160
v -2.077400 -2.010811 -1.675620
v -2.071872 -2.010811 -1.701721
v -2.064327 -2.010811 -1.725800
v -2.054947 -2.010811 -1.747279
v -2.080771 -2.034329 -1.620000
v -2.079503 -2.034819 -1.649025
v -2.075866 -2.034961 -1.677234
v -2.070203 -2.034907 -1.702960
v -2.062884 -2.034786 -1.725752
v -2.054155 -2.034708 -1.745591
v -2.077400 -2.057264 -1.620000
v -2.075875 -2.058430 -1.649245
v -2.072075 -2.058474 -1.677392
v -2.066539 -2.057783 -1.702168
v -2.059748 -2.056988 -1.723269
v -2.051888 -2.056556 -1.741190
v -2.071872 -2.079062 -1.620000
v -2.070176 -2.080108 -1.649095
v -2.066503 -2.079387 -1.676514
v -2.061505 -2.077509 -1.699952
v -2.055607 -2.075607 -1.719249
v -2.048801 -2.074619 -1.735230
v -2.064327 -2.099173 -1.620000
v -2.062817 -2.099249 -1.648839
v -2.059685 -2.097129 -1.675434
v -2.055587 -2.093708 -1.697638
v -2.050941 -2.090331 -1.715219
v -2.045601 -2.088432 -1.728998
v -1.989865 -2.034329 -1.797784
v -1.989865 -2.057264 -1.791191
v -1.989865 -2.079062 -1.780380
v -1.989865 -2.099173 -1.765624
v -1.989865 -2.117111 -1.747279
v -2.004264 -2.010811 -1.797784
v -2.004563 -2.035052 -1.795303
v -2.004651 -2.058611 -1.788191
v -2.004618 -2.080097 -1.777115
v -2.004544 -2.099132 -1.762802
v -2.004495 -2.115701 -1.745731
v -2.018305 -2.010811 -1.791191
v -2.019019 -2.035236 -1.788208
v -2.019046 -2.058744 -1.780777
v -2.018623 -2.079435 -1.769951
v -2.018137 -2.097058 -1.756670
v -2.017872 -2.112025 -1.741297
v -2.031651 -2.010811 -1.780380
v -2.032291 -2.035110 -1.777064
v -2.031850 -2.058010 -1.769880
v -2.030701 -2.077585 -1.760106
v -2.029536 -2.093701 -1.748571
v -2.028931 -2.107048 -1.735261
v -2.043964 -2.010811 -1.765624
v -2.044011 -2.034896 -1.762672
v -2.042713 -2.057108 -1.756547
v -2.040618 -2.075652 -1.748532
v -2.038551 -2.090336 -1.739447
v -2.037388 -2.101844 -1.729002
v -1.989865 0.845472 -1.620000
v -1.989865 0.695141 -1.800000
v -2.081904 0.695141 -1.620000
v -1.989865 0.843621 -1.648160
v -1.989865 0.838115 -1.675620
v -1.989865 0.829086 -1.701721
v -1.989865 0.816762 -1.725800
v -1.989865 0.801441 -1.747279
v -2.004264 0.843621 -1.620000
v -2.004563 0.841549 -1.649025
v -2.004651 0.835609 -1.677234
v -2.004618 0.826359 -1.702960
v -2.004544 0.814405 -1.725752
v -2.004495 0.800148 -1.745591
v -2.018305 0.838115 -1.620000
v -2.019019 0.835623 -1.649245
v -2.019046 0.829417 -1.677392
v -2.018623 0.820375 -1.702168
v -2.018137 0.809283 -1.723269
v -2.017872 0.796445 -1.741190
v -2.031651 0.829086 -1.620000
v -2.032291 0.826316 -1.649095
v -2.031850 0.820317 -1.676514
v -2.030701 0.812153 -1.699952
v -2.029536 0.802519 -1.719249
v -2.028931 0.791403 -1.735230
v -2.043964 0.816762 -1.620000
v -2.044011 0.814296 -1.648839
v -2.042713 0.809181 -1.675434
v -2.040618 0.802487 -1.697638
v -2.038551 0.794899 -1.715219
v -2.037388 0.786176 -1.728998
v -2.043004 0.781934 -1.723923
v -2.004264 0.695141 -1.797784
v -2.018305 0.695141 -1.791191
v -2.031651 0.695141 -1.780380
v -2.043964 0.695141 -1.765624
v -2.054947 0.695141 -1.747279
v -1.989865 0.718659 -1.797784
v -2.004706 0.719148 -1.795303
v -2.019130 0.719291 -1.788191
v -2.032285 0.719237 -1.777115
v -2.043939 0.719116 -1.762802
v -2.054083 0.719037 -1.745731
v -1.989865 0.741593 -1.791191
v -2.004819 0.742759 -1.788208
v -2.019212 0.742804 -1.780777
v -2.031880 0.742113 -1.769951
v -2.042669 0.741318 -1.756670
v -2.051833 0.740886 -1.741297
v -1.989865 0.763392 -1.780380
v -2.004742 0.764437 -1.777064
v -2.018762 0.763717 -1.769880
v -2.030747 0.761839 -1.760106
v -2.040614 0.759937 -1.748571
v -2.048785 0.758949 -1.735261
v -1.989865 0.783502 -1.765624
v -2.004611 0.783579 -1.762672
v -2.018210 0.781459 -1.756547
v -2.029563 0.778038 -1.748532
v -2.038553 0.774661 -1.739447
v -2.045599 0.772762 -1.729002
v -2.080771 0.718659 -1.620000
v -2.077400 0.741593 -1.620000
v -2.071872 0.763392 -1.620000
v -2.064327 0.783502 -1.620000
v -2.054947 0.801441 -1.620000
v -2.080771 0.695141 -1.648160
v -2.079503 0.719382 -1.648746
v -2.075866 0.742941 -1.648916
v -2.070203 0.764427 -1.648852
v -2.062884 0.783462 -1.648707
v -2.054155 0.800030 -1.648612
v -2.077400 0.695141 -1.675620
v -2.075875 0.719565 -1.677016
v -2.072075 0.743073 -1.677069
v -2.066539 0.763765 -1.676243
v -2.059748 0.781388 -1.675290
v -2.051888 0.796355 -1.674773
v -2.071872 0.695141 -1.701721
v -2.070176 0.719440 -1.702973
v -2.066503 0.742339 -1.702110
v -2.061505 0.761915 -1.699862
v -2.055607 0.778030 -1.697584
v -2.048801 0.791377 -1.696401
v -2.064327 0.695141 -1.725800
v -2.062817 0.719226 -1.725892
v -2.059685 0.741438 -1.723354
v -2.055587 0.759981 -1.719257
v -2.050941 0.774665 -1.715214
v -2.045601 0.786173 -1.712940
v -0.333160 -2.161142 1.620000
v -0.241121 -2.010811 1.620000
v -0.333160 -2.010811 1.800000
v -0.318761 -2.159291 1.620000
v -0.304719 -2.153785 1.620000
v -0.291374 -2.144756 1.620000
v -0.279061 -2.132432 1.620000
v -0.268078 -2.117111 1.620000
v -0.333160 -2.159291 1.648160
v -0.318318 -2.157219 1.648746
v -0.303895 -2.151279 1.648916
v -0.290740 -2.142029 1.648852
v -0.279086 -2.130075 1.648707
v -0.268942 -2.115818 1.648612
v -0.333160 -2.153785 1.675620
v -0.318206 -2.151293 1.677016
v -0.303813 -2.145087 1.677069
v -0.291145 -2.136046 1.676243
v -0.280356 -2.124954 1.675290
v -0.271192 -2.112115 1.674773
v -0.333160 -2.144756 1.701721
v -0.318283 -2.141986 1.702973
v -0.304263 -2.135987 1.702110
v -0.292278 -2.127824 1.699862
v -0.282411 -2.118190 1.697584
v -0.274239 -2.107073 1.696401
v -0.333160 -2.132432 1.725800
v -0.318414 -2.129967 1.725892
v -0.304815 -2.124851 1.723354
v -0.293461 -2.118157 1.719257
v -0.284471 -2.110569 1.715214
v -0.277426 -2.101846 1.712940
v -0.280021 -2.097605 1.723923
v -0.242254 -2.010811 1.648160
v -0.245625 -2.010811 1.675620
v -0.251153 -2.010811 1.701721
v -0.258698 -2.010811 1.725800
v -0.268078 -2.010811 1.747279
v -0.242254 -2.034329 1.620000
v -0.243522 -2.034819 1.649025
v -0.247159 -2.034961 1.677234
v -0.252822 -2.034907 1.702960
v -0.260141 -2.034786 1.725752
v -0.268870 -2.034708 1.745591
v -0.245625 -2.057264 1.620000
v -0.247150 -2.058430 1.649245
v -0.250950 -2.058474 1.677392
v -0.256486 -2.057783 1.702168
v -0.263277 -2.056988 1.723269
v -0.271137 -2.056556 1.741190
v -0.251153 -2.079062 1.620000
v -0.252849 -2.080108 1.649095
v -0.256522 -2.079387 1.676514
v -0.261519 -2.077509 1.699952
v -0.267418 -2.075607 1.719249
v -0.274224 -2.074619 1.735230
v -0.258698 -2.099173 1.620000
v -0.260207 -2.099249 1.648839
v -0.263339 -2.097129 1.675434
v -0.267438 -2.093708 1.697638
v -0.272083 -2.090331 1.715219
v -0.277424 -2.088432 1.728998
v -0.333160 -2.034329 1.797784
v -0.333160 -2.057264 1.791191
v -0.333160 -2.079062 1.780380
v -0.333160 -2.099173 1.765624
v -0.333160 -2.117111 1.747279
v -0.318761 -2.010811 1.797784
v -0.318461 -2.035052 1.795303
v -0.318374 -2.058611 1.788191
v -0.318407 -2.080097 1.777115
v -0.318481 -2.099132 1.762802
v -0.318529 -2.115701 1.745731
v -0.304719 -2.010811 1.791191
v -0.304006 -2.035236 1.788208
v -0.303979 -2.058744 1.780777
v -0.304401 -2.079435 1.769951
v -0.304888 -2.097058 1.756670
v -0.305153 -2.112025 1.741297
v -0.291374 -2.010811 1.780380
v -0.290733 -2.035110 1.777064
v -0.291174 -2.058010 1.769880
v -0.292324 -2.077585 1.760106
v -0.293489 -2.093701 1.748571
v -0.294094 -2.107048 1.735261
v -0.279061 -2.010811 1.765624
v -0.279014 -2.034896 1.762672
v -0.280312 -2.057108 1.756547
v -0.282407 -2.075652 1.748532
v -0.284474 -2.090336 1.739447
v -0.285637 -2.101844 1.729002
v -0.333160 0.845472 1.620000
v -0.333160 0.695141 1.800000
v -0.241121 0.695141 1.620000
v -0.333160 0.843621 1.648160
v -0.333160 0.838115 1.675620
v -0.333160 0.829086 1.701721
v -0.333160 0.816762 1.725800
v -0.333160 0.801441 1.747279
v -0.318761 0.843621 1.620000
v -0.318461 0.841549 1.649025
v -0.318374 0.835609 1.677234
v -0.318407 0.826359 1.702960
v -0.318481 0.814405 1.725752
v -0.318529 0.800148 1.745591
v -0.304719 0.838115 1.620000
v -0.304006 0.835623 1.649245
v -0.303979 0.829417 1.677392
v -0.304401 0.820375 1.702168
v -0.304888 0.809283 1.723269
v -0.305153 0.796445 1.741190
v -0.291374 0.829086 1.620000
v -0.290733 0.826316 1.649095
v -0.291174 0.820317 1.676514
v -0.292324 0.812153 1.699952
v -0.293489 0.802519 1.719249
v -0.294094 0.791403 1.735230
v -0.279061 0.816762 1.620000
v -0.279014 0.814296 1.648839
v -0.280312 0.809181 1.675434
v -0.282407 0.802487 1.697638
v -0.284474 0.794899 1.715219
v -0.285637 0.786176 1.728998
v -0.280021 0.781934 1.723923
v -0.318761 0.695141 1.797784
v -0.304719 0.695141 1.791191
v -0.291374 0.695141 1.780380
v -0.279061 0.695141 1.765624
v -0.268078 0.695141 1.747279
v -0.333160 0.718659 1.797784
v -0.318318 0.719148 1.795303
v -0.303895 0.719291 1.788191
v -0.290740 0.719237 1.777115
v -0.279086 0.719116 1.762802
v -0.268942 0.719037 1.745731
v -0.333160 0.741593 1.791191
v -0.318206 0.742759 1.788208
v -0.303813 0.742804 1.780777
v -0.291145 0.742113 1.769951
v -0.280356 0.741318 1.756670
v -0.271192 0.740886 1.741297
v -0.333160 0.763392 1.780380
v -0.318283 0.764437 1.777064
v -0.304263 0.763717 1.769880
v -0.292278 0.761839 1.760106
v -0.282411 0.759937 1.748571
v -0.274239 0.758949 1.735261
v -0.333160 0.783502 1.765624
v -0.318414 0.783579 1.762672
v -0.304815 0.781459 1.756547
v -0.293461 0.778038 1.748532
v -0.284471 0.774661 1.739447
v -0.277426 0.772762 1.729002
v -0.242254 0.718659 1.620000
v -0.245625 0.741593 1.620000
v -0.251153 0.763392 1.620000
v -0.258698 0.783502 1.620000
v -0.268078 0.801441 1.620000
v -0.242254 0.695141 1.648160
v -0.243522 0.719382 1.648746
v -0.247159 0.742941 1.648916
v -0.252822 0.764427 1.648852
v -0.260141 0.783462 1.648707
v -0.268870 0.800030 1.648612
v -0.245625 0.695141 1.675620
v -0.247150 0.719565 1.677016
v -0.250950 0.743073 1.677069
v -0.256486 0.763765 1.676243
v -0.263277 0.781388 1.675290
v -0.271137 0.796355 1.674773
v -0.251153 0.695141 1.701721
v -0.252849 0.719440 1.702973
v -0.256522 0.742339 1.702110
v -0.261519 0.761915 1.699862
v -0.267418 0.778030 1.697584
v -0.274224 0.791377 1.696401
v -0.258698 0.695141 1.725800
v -0.260207 0.719226 1.725892
v -0.263339 0.741438 1.723354
v -0.267438 0.759981 1.719257
v -0.272083 0.774665 1.715214
v -0.277424 0.786173 1.712940
v -0.333160 -2.161142 -1.620000
v -0.333160 -2.010811 -1.800000
v -0.241121 -2.010811 -1.620000
v -0.333160 -2.159291 -1.648160
v -0.333160 -2.153785 -1.675620
v -0.333160 -2.144756 -1.701721
v -0.333160 -2.132432 -1.725800
v -0.333160 -2.117111 -1.747279
v -0.318761 -2.159291 -1.620000
v -0.318461 -2.157219 -1.649025
v -0.318374 -2.151279 -1.677234
v -0.318407 -2.142029 -1.702960
v -0.318481 -2.130075 -1.725752
v -0.318529 -2.115818 -1.745591
v -0.304719 -2.153785 -1.620000
v -0.304006 -2.151293 -1.649245
v -0.303979 -2.145087 -1.677392
v -0.304401 -2.136046 -1.702168
v -0.304888 -2.124954 -1.723269
v -0.305153 -2.112115 -1.741190
v -0.291374 -2.144756 -1.620000
v -0.290733 -2.141986 -1.649095
v -0.291174 -2.135987 -1.676514
v -0.292324 -2.127824 -1.699952
v -0.293489 -2.118190 -1.719249
v -0.294094 -2.107073 -1.735230
v -0.279061 -2.132432 -1.620000
v -0.279014 -2.129967 -1.648839
v -0.280312 -2.124851 -1.675434
v -0.282407 -2.118157 -1.697638
v -0.284474 -2.110569 -1.715219
v -0.285637 -2.101846 -1.728998
v -0.280021 -2.097605 -1.723923
v -0.318761 -2.010811 -1.797784
v -0.304719 -2.010811 -1.791191
v -0.291374 -2.010811 -1.780380
v -0.279061 -2.010811 -1.765624
v -0.268078 -2.010811 -1.747279
v -0.333160 -2.034329 -1.797784
v -0.318318 -2.034819 -1.795303
v -0.303895 -2.034961 -1.788191
v -0.290740 -2.034907 -1.777115
v -0.279086 -2.034786 -1.762802
v -0.268942 -2.034708 -1.745731
v -0.333160 -2.057264 -1.791191
v -0.318206 -2.058430 -1.788208
v -0.303813 -2.058474 -1.780777
v -0.291145 -2.057783 -1.769951
v -0.280356 -2.056988 -1.756670
v -0.271192 -2.056556 -1.741297
v -0.333160 -2.079062 -1.780380
v -0.318283 -2.080108 -1.777064
v -0.304263 -2.079387 -1.769880
v -0.292278 -2.077509 -1.760106
v -0.282411 -2.075607 -1.748571
v -0.274239 -2.074619 -1.735261
v -0.333160 -2.099173 -1.765624
v -0.318414 -2.099249 -1.762672
v -0.304815 -2.097129 -1.756547
v -0.293461 -2.093708 -1.748532
v -0.284471 -2.090331 -1.739447
v -0.277426 -2.088432 -1.729002
v -0.242254 -2.034329 -1.620000
v -0.245625 -2.057264 -1.620000
v -0.251153 -2.079062 -1.620000
v -0.258698 -2.099173 -1.620000
v -0.268078 -2.117111 -1.620000
v -0.242254 -2.010811 -1.648160
v -0.243522 -2.035052 -1.648746
v -0.247159 -2.058611 -1.648916
v -0.252822 -2.080097 -1.648852
v -0.260141 -2.099132 -1.648707
v -0.268870 -2.115701 -1.648612
v -0.245625 -2.010811 -1.675620
v -0.247150 -2.035236 -1.677016
v -0.250950 -2.058744 -1.677069
v -0.256486 -2.079435 -1.676243
v -0.263277 -2.097058 -1.675290
v -0.271137 -2.112025 -1.674773
v -0.251153 -2.010811 -1.701721
v -0.252849 -2.035110 -1.702973
v -0.256522 -2.058010 -1.702110
v -0.261519 -2.077585 -1.699862
v -0.267418 -2.093701 -1.697584
v -0.274224 -2.107048 -1.696401
v -0.258698 -2.010811 -1.725800
v -0.260207 -2.034896 -1.725892
v -0.263339 -2.057108 -1.723354
v -0.267438 -2.075652 -1.719257
v -0.272083 -2.090336 -1.715214
v -0.277424 -2.101844 -1.712940
v -0.333160 0.845472 -1.620000
v -0.241121 0.695141 -1.620000
v -0.333160 0.695141 -1.800000
v -0.318761 0.843621 -1.620000
v -0.304719 0.838115 -1.620000
v -0.291374 0.829086 -1.620000
v -0.279061 0.816762 -1.620000
v -0.268078 0.801441 -1.620000
v -0.333160 0.843621 -1.648160
v -0.318318 0.841549 -1.648746
v -0.303895 0.835609 -1.648916
v -0.290740 0.826359 -1.648852
v -0.279086 0.814405 -1.648707
v -0.268942 0.800148 -1.648612
v -0.333160 0.838115 -1.675620
v -0.318206 0.835623 -1.677016
v -0.303813 0.829417 -1.677069
v -0.291145 0.820375 -1.676243
v -0.280356 0.809283 -1.675290
v -0.271192 0.796445 -1.674773
v -0.333160 0.829086 -1.701721
v -0.318283 0.826316 -1.702973
v -0.304263 0.820317 -1.702110
v -0.292278 0.812153 -1.699862
v -0.282411 0.802519 -1.697584
v -0.274239 0.791403 -1.696401
v -0.333160 0.816762 -1.725800
v -0.318414 0.814296 -1.725892
v -0.304815 0.809181 -1.723354
v -0.293461 0.802487 -1.719257
v -0.284471 0.794899 -1.715214
v -0.277426 0.786176 -1.712940
v -0.280021 0.781934 -1.723923
v -0.242254 0.695141 -1.648160
v -0.245625 0.695141 -1.675620
v -0.251153 0.695141 -1.701721
v -0.258698 0.695141 -1.725800
v -0.268078 0.695141 -1.747279
v -0.242254 0.718659 -1.620000
v -0.243522 0.719148 -1.649025
v -0.247159 0.719291 -1.677234
v -0.252822 0.719237 -1.702960
v -0.260141 0.719116 -1.725752
v -0.268870 0.719037 -1.745591
v -0.245625 0.741593 -1.620000
v -0.247150 0.742759 -1.649245
v -0.250950 0.742804 -1.677392
v -0.256486 0.742113 -1.702168
v -0.263277 0.741318 -1.723269
v -0.271137 0.740886 -1.741190
v -0.251153 0.763392 -1.620000
v -0.252849 0.764437 -1.649095
v -0.256522 0.763717 -1.676514
v -0.261519 0.761839 -1.699952
v -0.267418 0.759937 -1.719249
v -0.274224 0.758949 -1.735230
v -0.258698 0.783502 -1.620000
v -0.260207 0.783579 -1.648839
v -0.263339 0.781459 -1.675434
v -0.267438 0.778038 -1.697638
v -0.272083 0.774661 -1.715219
v -0.277424 0.772762 -1.728998
v -0.333160 0.718659 -1.797784
v -0.333160 0.741593 -1.791191
v -0.333160 0.763392 -1.780380
v -0.333160 0.783502 -1.765624
v -0.333160 0.801441 -1.747279
v -0.318761 0.695141 -1.797784
v -0.318461 0.719382 -1.795303
v -0.318374 0.742941 -1.788191
v -0.318407 0.764427 -1.777115
v -0.318481 0.783462 -1.762802
v -0.318529 0.800030 -1.745731
v -0.304719 0.695141 -1.791191
v -0.304006 0.719565 -1.788208
v -0.303979 0.743073 -1.780777
v -0.304401 0.763765 -1.769951
v -0.304888 0.781388 -1.756670
v -0.305153 0.796355 -1.741297
v -0.291374 0.695141 -1.780380
v -0.290733 0.719440 -1.777064
v -0.291174 0.742339 -1.769880
v -0.292324 0.761915 -1.760106
v -0.293489 0.778030 -1.748571
v -0.294094 0.791377 -1.735261
v -0.279061 0.695141 -1.765624
v -0.279014 0.719226 -1.762672
v -0.280312 0.741438 -1.756547
v -0.282407 0.759981 -1.748532
v -0.284474 0.774665 -1.739447
v -0.285637 0.786173 -1.729002
vn -0.0000 -0.0000 1.0000
vn 1.0000 -0.0000 -0.0000
vn -0.0000 1.0000 -0.0000
vn -1.0000 -0.0000 -0.0000
vn -0.0000 -0.0000 -1.0000
vn -0.1313 -0.9891 0.0672
vn -0.1339 -0.9707 0.1994
vn -0.1337 -0.9346 0.3297
vn -0.1335 -0.8799 0.4560
vn -0.1345 -0.8057 0.5769
vn -0.3711 -0.9263 0.0661
vn -0.3777 -0.9053 0.1944
vn -0.3795 -0.8688 0.3181
vn -0.3802 -0.8169 0.4338
vn -0.3831 -0.7490 0.5406
vn -0.5665 -0.8218 0.0610
vn -0.5720 -0.8002 0.1800
vn -0.5706 -0.7674 0.2924
vn -0.5666 -0.7235 0.3944
vn -0.5660 -0.6664 0.4854
vn -0.7109 -0.7012 0.0549
vn -0.7110 -0.6839 0.1636
vn -0.7035 -0.6596 0.2647
vn -0.6925 -0.6285 0.3542
vn -0.6850 -0.5867 0.4318
vn -0.8130 -0.5802 0.0497
vn -0.8073 -0.5708 0.1497
vn -0.7945 -0.5569 0.2422
vn -0.7775 -0.5399 0.3224
vn -0.7596 -0.5216 0.3884
vn -0.1563 -0.0957 0.9831
vn -0.4316 -0.0908 0.8975
vn -0.6348 -0.0806 0.7684
vn -0.7698 -0.0706 0.6344
vn -0.8572 -0.0626 0.5112
vn -0.1583 -0.2782 0.9474
vn -0.4333 -0.2636 0.8619
vn -0.6325 -0.2362 0.7377
vn -0.7620 -0.2091 0.6129
vn -0.8454 -0.1875 0.5002
vn -0.1532 -0.4457 0.8820
vn -0.4229 -0.4206 0.8027
vn -0.6168 -0.3767 0.6911
vn -0.7420 -0.3337 0.5814
vn -0.8228 -0.3004 0.4824
vn -0.1457 -0.5901 0.7941
vn -0.4070 -0.5537 0.7265
vn -0.5950 -0.4951 0.6331
vn -0.7163 -0.4385 0.5428
vn -0.7947 -0.3947 0.4611
vn -0.1385 -0.7096 0.6908
vn -0.3921 -0.6621 0.6386
vn -0.5756 -0.5910 0.5652
vn -0.6932 -0.5233 0.4957
vn -0.7661 -0.4691 0.4394
vn -0.9979 -0.0497 0.0415
vn -0.9880 -0.1488 0.0427
vn -0.9672 -0.2501 0.0433
vn -0.9339 -0.3548 0.0444
vn -0.8845 -0.4643 0.0462
vn -0.9909 -0.0518 0.1243
vn -0.9797 -0.1542 0.1280
vn -0.9575 -0.2570 0.1309
vn -0.9234 -0.3595 0.1345
vn -0.8752 -0.4631 0.1401
vn -0.9761 -0.0531 0.2106
vn -0.9635 -0.1589 0.2156
vn -0.9398 -0.2626 0.2188
vn -0.9054 -0.3618 0.2220
vn -0.8588 -0.4586 0.2283
vn -0.9517 -0.0547 0.3021
vn -0.9380 -0.1645 0.3052
vn -0.9136 -0.2688 0.3051
vn -0.8806 -0.3638 0.3038
vn -0.8378 -0.4520 0.3062
vn -0.9142 -0.0574 0.4011
vn -0.9006 -0.1731 0.3988
vn -0.8767 -0.2795 0.3915
vn -0.8467 -0.3707 0.3817
vn -0.8149 -0.4448 0.3715
vn -0.1563 0.0957 0.9831
vn -0.1565 0.2790 0.9475
vn -0.1511 0.4462 0.8821
vn -0.1443 0.5901 0.7943
vn -0.1381 0.7095 0.6911
vn -0.4307 0.0918 0.8978
vn -0.4308 0.2655 0.8625
vn -0.4203 0.4217 0.8034
vn -0.4053 0.5537 0.7274
vn -0.3916 0.6617 0.6394
vn -0.6344 0.0818 0.7687
vn -0.6315 0.2380 0.7379
vn -0.6157 0.3778 0.6915
vn -0.5942 0.4952 0.6337
vn -0.5753 0.5907 0.5657
vn -0.7699 0.0712 0.6342
vn -0.7622 0.2100 0.6123
vn -0.7421 0.3343 0.5810
vn -0.7162 0.4386 0.5428
vn -0.6931 0.5232 0.4958
vn -0.8573 0.0627 0.5110
vn -0.8458 0.1878 0.4994
vn -0.8231 0.3005 0.4819
vn -0.7948 0.3947 0.4610
vn -0.7661 0.4690 0.4394
vn -0.1313 0.9891 0.0672
vn -0.3719 0.9260 0.0653
vn -0.5669 0.8216 0.0601
vn -0.7108 0.7013 0.0544
vn -0.8128 0.5804 0.0495
vn -0.1354 0.9706 0.1988
vn -0.3798 0.9047 0.1930
vn -0.5728 0.8000 0.1787
vn -0.7107 0.6844 0.1629
vn -0.8068 0.5716 0.1495
vn -0.1356 0.9344 0.3293
vn -0.3819 0.8680 0.3173
vn -0.5716 0.7670 0.2916
vn -0.7034 0.6599 0.2642
vn -0.7941 0.5575 0.2421
vn -0.1348 0.8797 0.4560
vn -0.3818 0.8161 0.4338
vn -0.5674 0.7229 0.3943
vn -0.6926 0.6284 0.3541
vn -0.7774 0.5401 0.3224
vn -0.1349 0.8054 0.5771
vn -0.3837 0.7483 0.5411
vn -0.5663 0.6659 0.4857
vn -0.6851 0.5866 0.4319
vn -0.7596 0.5217 0.3884
vn -0.9979 0.0497 0.0415
vn -0.9909 0.0512 0.1246
vn -0.9761 0.0523 0.2108
vn -0.9518 0.0541 0.3020
vn -0.9144 0.0572 0.4009
vn -0.9880 0.1484 0.0432
vn -0.9798 0.1532 0.1288
vn -0.9636 0.1578 0.2160
vn -0.9382 0.1637 0.3050
vn -0.9009 0.1727 0.3981
vn -0.9673 0.2499 0.0439
vn -0.9575 0.2565 0.1319
vn -0.9398 0.2620 0.2193
vn -0.9138 0.2682 0.3050
vn -0.8770 0.2792 0.3911
vn -0.9338 0.3549 0.0448
vn -0.9232 0.3597 0.1352
vn -0.9053 0.3619 0.2224
vn -0.8806 0.3637 0.3038
vn -0.8468 0.3706 0.3816
vn -0.8843 0.4645 0.0464
vn -0.8748 0.4638 0.1404
vn -0.8585 0.4590 0.2286
vn -0.8377 0.4522 0.3063
vn -0.8149 0.4448 0.3715
vn -0.1313 -0.9891 -0.0672
vn -0.3719 -0.9260 -0.0653
vn -0.5669 -0.8216 -0.0601
vn -0.7108 -0.7013 -0.0544
vn -0.8128 -0.5804 -0.0495
vn -0.1354 -0.9706 -0.1988
vn -0.3798 -0.9047 -0.1930
vn -0.5728 -0.8000 -0.1787
vn -0.7107 -0.6844 -0.1629
vn -0.8068 -0.5716 -0.1495
vn -0.1356 -0.9344 -0.3293
vn -0.3819 -0.8680 -0.3173
vn -0.5716 -0.7670 -0.2916
vn -0.7034 -0.6599 -0.2642
vn -0.7941 -0.5575 -0.2421
vn -0.1348 -0.8797 -0.4560
vn -0.3818 -0.8161 -0.4338
vn -0.5674 -0.7229 -0.3943
vn -0.6926 -0.6284 -0.3541
vn -0.7774 -0.5401 -0.3224
vn -0.1349 -0.8054 -0.5771
vn -0.3837 -0.7483 -0.5411
vn -0.5663 -0.6659 -0.4857
vn -0.6851 -0.5866 -0.4319
vn -0.7596 -0.5217 -0.3884
vn -0.9979 -0.0497 -0.0415
vn -0.9909 -0.0512 -0.1246
vn -0.9761 -0.0523 -0.2108
vn -0.9518 -0.0541 -0.3020
vn -0.9144 -0.0572 -0.4009
vn -0.9880 -0.1484 -0.0432
vn -0.9798 -0.1532 -0.1288
vn -0.9636 -0.1578 -0.2160
vn -0.9382 -0.1637 -0.3050
vn -0.9009 -0.1727 -0.3981
vn -0.9673 -0.2499 -0.0439
vn -0.9575 -0.2565 -0.1319
vn -0.9398 -0.2620 -0.2193
vn -0.9138 -0.2682 -0.3050
vn -0.8770 -0.2792 -0.3911
vn -0.9338 -0.3549 -0.0448
vn -0.9232 -0.3597 -0.1352
vn -0.9053 -0.3619 -0.2224
vn -0.8806 -0.3637 -0.3038
vn -0.8468 -0.3706 -0.3816
vn -0.8843 -0.4645 -0.0464
vn -0.8748 -0.4638 -0.1404
vn -0.8585 -0.4590 -0.2286
vn -0.8377 -0.4522 -0.3063
vn -0.8149 -0.4448 -0.3715
vn -0.1563 -0.0957 -0.9831
vn -0.1565 -0.2790 -0.9475
vn -0.1511 -0.4462 -0.8821
vn -0.1443 -0.5901 -0.7943
vn -0.1381 -0.7095 -0.6911
vn -0.4307 -0.0918 -0.8978
vn -0.4308 -0.2655 -0.8625
vn -0.4203 -0.4217 -0.8034
vn -0.4053 -0.5537 -0.7274
vn -0.3916 -0.6617 -0.6394
vn -0.6344 -0.0818 -0.7687
vn -0.6315 -0.2380 -0.7379
vn -0.6157 -0.3778 -0.6915
vn -0.5942 -0.4952 -0.6337
vn -0.5753 -0.5907 -0.5657
vn -0.7699 -0.0712 -0.6342
vn -0.7622 -0.2100 -0.6123
vn -0.7421 -0.3343 -0.5810
vn -0.7162 -0.4386 -0.5428
vn -0.6931 -0.5232 -0.4958
vn -0.8573 -0.0627 -0.5110
vn -0.8458 -0.1878 -0.4994
vn -0.8231 -0.3005 -0.4819
vn -0.7948 -0.3947 -0.4610
vn -0.7661 -0.4690 -0.4394
vn -0.1313 0.9891 -0.0672
vn -0.1339 0.9707 -0.1994
vn -0.1337 0.9346 -0.3297
vn -0.1335 0.8799 -0.4560
vn -0.1345 0.8057 -0.5769
vn -0.3711 0.9263 -0.0661
vn -0.3777 0.9053 -0.1944
vn -0.3795 0.8688 -0.3181
vn -0.3802 0.8169 -0.4338
vn -0.3831 0.7490 -0.5406
vn -0.5665 0.8218 -0.0610
vn -0.5720 0.8002 -0.1800
vn -0.5706 0.7674 -0.2924
vn -0.5666 0.7235 -0.3944
vn -0.5660 0.6664 -0.4854
vn -0.7109 0.7012 -0.0549
vn -0.7110 0.6839 -0.1636
vn -0.7035 0.6596 -0.2647
vn -0.6925 0.6285 -0.3542
vn -0.6850 0.5867 -0.4318
vn -0.8130 0.5802 -0.0497
vn -0.8073 0.5708 -0.1497
vn -0.7945 0.5569 -0.2422
vn -0.7775 0.5399 -0.3224
vn -0.7596 0.5216 -0.3884
vn -0.1563 0.0957 -0.9831
vn -0.4316 0.0908 -0.8975
vn -0.6348 0.0806 -0.7684
vn -0.7698 0.0706 -0.6344
vn -0.8572 0.0626 -0.5112
vn -0.1583 0.2782 -0.9474
vn -0.4333 0.2636 -0.8619
vn -0.6325 0.2362 -0.7377
vn -0.7620 0.2091 -0.6129
vn -0.8454 0.1875 -0.5002
vn -0.1532 0.4457 -0.8820
vn -0.4229 0.4206 -0.8027
vn -0.6168 0.3767 -0.6911
vn -0.7420 0.3337 -0.5814
vn -0.8228 0.3004 -0.4824
vn -0.1457 0.5901 -0.7941
vn -0.4070 0.5537 -0.7265
vn -0.5950 0.4951 -0.6331
vn -0.7163 0.4385 -0.5428
vn -0.7947 0.3947 -0.4611
vn -0.1385 0.7096 -0.6908
vn -0.3921 0.6621 -0.6386
vn -0.5756 0.5910 -0.5652
vn -0.6932 0.5233 -0.4957
vn -0.7661 0.4691 -0.4394
vn -0.9979 0.0497 -0.0415
vn -0.9880 0.1488 -0.0427
vn -0.9672 0.2501 -0.0433
vn -0.9339 0.3548 -0.0444
vn -0.8845 0.4643 -0.0462
vn -0.9909 0.0518 -0.1243
vn -0.9797 0.1542 -0.1280
vn -0.9575 0.2570 -0.1309
vn -0.9234 0.3595 -0.1345
vn -0.8752 0.4631 -0.1401
vn -0.9761 0.0531 -0.2106
vn -0.9635 0.1589 -0.2156
vn -0.9398 0.2626 -0.2188
vn -0.9054 0.3618 -0.2220
vn -0.8588 0.4586 -0.2283
vn -0.9517 0.0547 -0.3021
vn -0.9380 0.1645 -0.3052
vn -0.9136 0.2688 -0.3051
vn -0.8806 0.3638 -0.3038
vn -0.8378 0.4520 -0.3062
vn -0.9142 0.0574 -0.4011
vn -0.9006 0.1731 -0.3988
vn -0.8767 0.2795 -0.3915
vn -0.8467 0.3707 -0.3817
vn -0.8149 0.4448 -0.3715
vn 0.1313 -0.9891 0.0672
vn 0.3719 -0.9260 0.0653
vn 0.5669 -0.8216 0.0601
vn 0.7108 -0.7013 0.0544
vn 0.8128 -0.5804 0.0495
vn 0.1354 -0.9706 0.1988
vn 0.3798 -0.9047 0.1930
vn 0.5728 -0.8000 0.1787
vn 0.7107 -0.6844 0.1629
vn 0.8068 -0.5716 0.1495
vn 0.1356 -0.9344 0.3293
vn 0.3819 -0.8680 0.3173
vn 0.5716 -0.7670 0.2916
vn 0.7034 -0.6599 0.2642
vn 0.7941 -0.5575 0.2421
vn 0.1348 -0.8797 0.4560
vn 0.3818 -0.8161 0.4338
vn 0.5674 -0.7229 0.3943
vn 0.6926 -0.6284 0.3541
vn 0.7774 -0.5401 0.3224
vn 0.1349 -0.8054 0.5771
vn 0.3837 -0.7483 0.5411
vn 0.5663 -0.6659 0.4857
vn 0.6851 -0.5866 0.4319
vn 0.7596 -0.5217 0.3884
vn 0.9979 -0.0497 0.0415
vn 0.9909 -0.0512 0.1246
vn 0.9761 -0.0523 0.2108
vn 0.9518 -0.0541 0.3020
vn 0.9144 -0.0572 0.4009
vn 0.9880 -0.1484 0.0432
vn 0.9798 -0.1532 0.1288
vn 0.9636 -0.1578 0.2160
vn 0.9382 -0.1637 0.3050
vn 0.9009 -0.1727 0.3981
vn 0.9673 -0.2499 0.0439
vn 0.9575 -0.2565 0.1319
vn 0.9398 -0.2620 0.2193
vn 0.9138 -0.2682 0.3050
vn 0.8770 -0.2792 0.3911
vn 0.9338 -0.3549 0.0448
vn 0.9232 -0.3597 0.1352
vn 0.9053 -0.3619 0.2224
vn 0.8806 -0.3637 0.3038
vn 0.8468 -0.3706 0.3816
vn 0.8843 -0.4645 0.0464
vn 0.8748 -0.4638 0.1404
vn 0.8585 -0.4590 0.2286
vn 0.8377 -0.4522 0.3063
vn 0.8149 -0.4448 0.3715
vn 0.1563 -0.0957 0.9831
vn 0.1565 -0.2790 0.9475
vn 0.1511 -0.4462 0.8821
vn 0.1443 -0.5901 0.7943
vn 0.1381 -0.7095 0.6911
vn 0.4307 -0.0918 0.8978
vn 0.4308 -0.2655 0.8625
vn 0.4203 -0.4217 0.8034
vn 0.4053 -0.5537 0.7274
vn 0.3916 -0.6617 0.6394
vn 0.6344 -0.0818 0.7687
vn 0.6315 -0.2380 0.7379
vn 0.6157 -0.3778 0.6915
vn 0.5942 -0.4952 0.6337
vn 0.5753 -0.5907 0.5657
vn 0.7699 -0.0712 0.6342
vn 0.7622 -0.2100 0.6123
vn 0.7421 -0.3343 0.5810
vn 0.7162 -0.4386 0.5428
vn 0.6931 -0.5232 0.4958
vn 0.8573 -0.0627 0.5110
vn 0.8458 -0.1878 0.4994
vn 0.8231 -0.3005 0.4819
vn 0.7948 -0.3947 0.4610
vn 0.7661 -0.4690 0.4394
vn 0.1313 0.9891 0.0672
vn 0.1339 0.9707 0.1994
vn 0.1337 0.9346 0.3297
vn 0.1335 0.8799 0.4560
vn 0.1345 0.8057 0.5769
vn 0.3711 0.9263 0.0661
vn 0.3777 0.9053 0.1944
vn 0.3795 0.8688 0.3181
vn 0.3802 0.8169 0.4338
vn 0.3831 0.7490 0.5406
vn 0.5665 0.8218 0.0610
vn 0.5720 0.8002 0.1800
vn 0.5706 0.7674 0.2924
vn 0.5666 0.7235 0.3944
vn 0.5660 0.6664 0.4854
vn 0.7109 0.7012 0.0549
vn 0.7110 0.6839 0.1636
vn 0.7035 0.6596 0.2647
vn 0.6925 0.6285 0.3542
vn 0.6850 0.5867 0.4318
vn 0.8130 0.5802 0.0497
vn 0.8073 0.5708 0.1497
vn 0.7945 0.5569 0.2422
vn 0.7775 0.5399 0.3224
vn 0.7596 0.5216 0.3884
vn 0.1563 0.0957 0.9831
vn 0.4316 0.0908 0.8975
vn 0.6348 0.0806 0.7684
vn 0.7698 0.0706 0.6344
vn 0.8572 0.0626 0.5112
vn 0.1583 0.2782 0.9474
vn 0.4333 0.2636 0.8619
vn 0.6325 0.2362 0.7377
vn 0.7620 0.2091 0.6129
vn 0.8454 0.1875 0.5002
vn 0.1532 0.4457 0.8820
vn 0.4229 0.4206 0.8027
vn 0.6168 0.3767 0.6911
vn 0.7420 0.3337 0.5814
vn 0.8228 0.3004 0.4824
vn 0.1457 0.5901 0.7941
vn 0.4070 0.5537 0.7265
vn 0.5950 0.4951 0.6331
vn 0.7163 0.4385 0.5428
vn 0.7947 0.3947 0.4611
vn 0.1385 0.7096 0.6908
vn 0.3921 0.6621 0.6386
vn 0.5756 0.5910 0.5652
vn 0.6932 0.5233 0.4957
vn 0.7661 0.4691 0.4394
vn 0.9979 0.0497 0.0415
vn 0.9880 0.1488 0.0427
vn 0.9672 0.2501 0.0433
vn 0.9339 0.3548 0.0444
vn 0.8845 0.4643 0.0462
vn 0.9909 0.0518 0.1243
vn 0.9797 0.1542 0.1280
vn 0.9575 0.2570 0.1309
vn 0.9234 0.3595 0.1345
vn 0.8752 0.4631 0.1401
vn 0.9761 0.0531 0.2106
vn 0.9635 0.1589 0.2156
vn 0.9398 0.2626 0.2188
vn 0.9054 0.3618 0.2220
vn 0.8588 0.4586 0.2283
vn 0.9517 0.0547 0.3021
vn 0.9380 0.1645 0.3052
vn 0.9136 0.2688 0.3051
vn 0.8806 0.3638 0.3038
vn 0.8378 0.4520 0.3062
vn 0.9142 0.0574 0.4011
vn 0.9006 0.1731 0.3988
vn 0.8767 0.2795 0.3915
vn 0.8467 0.3707 0.3817
vn 0.8149 0.4448 0.3715
vn 0.1313 -0.9891 -0.0672
vn 0.1339 -0.9707 -0.1994
vn 0.1337 -0.9346 -0.3297
vn 0.1335 -0.8799 -0.4560
vn 0.1345 -0.8057 -0.5769
vn 0.3711 -0.9263 -0.0661
vn 0.3777 -0.9053 -0.1944
vn 0.3795 -0.8688 -0.3181
vn 0.3802 -0.8169 -0.4338
vn 0.3831 -0.7490 -0.5406
vn 0.5665 -0.8218 -0.0610
vn 0.5720 -0.8002 -0.1800
vn 0.5706 -0.7674 -0.2924
vn 0.5666 -0.7235 -0.3944
vn 0.5660 -0.6664 -0.4854
vn 0.7109 -0.7012 -0.0549
vn 0.7110 -0.6839 -0.1636
vn 0.7035 -0.6596 -0.2647
vn 0.6925 -0.6285 -0.3542
vn 0.6850 -0.5867 -0.4318
vn 0.8130 -0.5802 -0.0497
vn 0.8073 -0.5708 -0.1497
vn 0.7945 -0.5569 -0.2422
vn 0.7775 -0.5399 -0.3224
vn 0.7596 -0.5216 -0.3884
vn 0.1563 -0.0957 -0.9831
vn 0.4316 -0.0908 -0.8975
vn 0.6348 -0.0806 -0.7684
vn 0.7698 -0.0706 -0.6344
vn 0.8572 -0.0626 -0.5112
vn 0.1583 -0.2782 -0.9474
vn 0.4333 -0.2636 -0.8619
vn 0.6325 -0.2362 -0.7377
vn 0.7620 -0.2091 -0.6129
vn 0.8454 -0.1875 -0.5002
vn 0.1532 -0.4457 -0.8820
vn 0.4229 -0.4206 -0.8027
vn 0.6168 -0.3767 -0.6911
vn 0.7420 -0.3337 -0.5814
vn 0.8228 -0.3004 -0.4824
vn 0.1457 -0.5901 -0.7941
vn 0.4070 -0.5537 -0.7265
vn 0.5950 -0.4951 -0.6331
vn 0.7163 -0.4385 -0.5428
vn 0.7947 -0.3947 -0.4611
vn 0.1385 -0.7096 -0.6908
vn 0.3921 -0.6621 -0.6386
vn 0.5756 -0.5910 -0.5652
vn 0.6932 -0.5233 -0.4957
vn 0.7661 -0.4691 -0.4394
vn 0.9979 -0.0497 -0.0415
vn 0.9880 -0.1488 -0.0427
vn 0.9672 -0.2501 -0.0433
vn 0.9339 -0.3548 -0.0444
vn 0.8845 -0.4643 -0.0462
vn 0.9909 -0.0518 -0.1243
vn 0.9797 -0.1542 -0.1280
vn 0.9575 -0.2570 -0.1309
vn 0.9234 -0.3595 -0.1345
vn 0.8752 -0.4631 -0.1401
vn 0.9761 -0.0531 -0.2106
vn 0.9635 -0.1589 -0.2156
vn 0.9398 -0.2626 -0.2188
vn 0.9054 -0.3618 -0.2220
vn 0.8588 -0.4586 -0.2283
vn 0.9517 -0.0547 -0.3021
vn 0.9380 -0.1645 -0.3052
vn 0.9136 -0.2688 -0.3051
vn 0.8806 -0.3638 -0.3038
vn 0.8378 -0.4520 -0.3062
vn 0.9142 -0.0574 -0.4011
vn 0.9006 -0.1731 -0.3988
vn 0.8767 -0.2795 -0.3915
vn 0.8467 -0.3707 -0.3817
vn 0.8149 -0.4448 -0.3715
vn 0.1313 0.9891 -0.0672
vn 0.3719 0.9260 -0.0653
vn 0.5669 0.8216 -0.0601
vn 0.7108 0.7013 -0.0544
vn 0.8128 0.5804 -0.0495
vn 0.1354 0.9706 -0.1988
vn 0.3798 0.9047 -0.1930
vn 0.5728 0.8000 -0.1787
vn 0.7107 0.6844 -0.1629
vn 0.8068 0.5716 -0.1495
vn 0.1356 0.9344 -0.3293
vn 0.3819 0.8680 -0.3173
vn 0.5716 0.7670 -0.2916
vn 0.7034 0.6599 -0.2642
vn 0.7941 0.5575 -0.2421
vn 0.1348 0.8797 -0.4560
vn 0.3818 0.8161 -0.4338
vn 0.5674 0.7229 -0.3943
vn 0.6926 0.6284 -0.3541
vn 0.7774 0.5401 -0.3224
vn 0.1349 0.8054 -0.5771
vn 0.3837 0.7483 -0.5411
vn 0.5663 0.6659 -0.4857
vn 0.6851 0.5866 -0.4319
vn 0.7596 0.5217 -0.3884
vn 0.9979 0.0497 -0.0415
vn 0.9909 0.0512 -0.1246
vn 0.9761 0.0523 -0.2108
vn 0.9518 0.0541 -0.3020
vn 0.9144 0.0572 -0.4009
vn 0.9880 0.1484 -0.0432
vn 0.9798 0.1532 -0.1288
vn 0.9636 0.1578 -0.2160
vn 0.9382 0.1637 -0.3050
vn 0.9009 0.1727 -0.3981
vn 0.9673 0.2499 -0.0439
vn 0.9575 0.2565 -0.1319
vn 0.9398 0.2620 -0.2193
vn 0.9138 0.2682 -0.3050
vn 0.8770 0.2792 -0.3911
vn 0.9338 0.3549 -0.0448
vn 0.9232 0.3597 -0.1352
vn 0.9053 0.3619 -0.2224
vn 0.8806 0.3637 -0.3038
vn 0.8468 0.3706 -0.3816
vn 0.8843 0.4645 -0.0464
vn 0.8748 0.4638 -0.1404
vn 0.8585 0.4590 -0.2286
vn 0.8377 0.4522 -0.3063
vn 0.8149 0.4448 -0.3715
vn 0.1563 0.0957 -0.9831
vn 0.1565 0.2790 -0.9475
vn 0.1511 0.4462 -0.8821
vn 0.1443 0.5901 -0.7943
vn 0.1381 0.7095 -0.6911
vn 0.4307 0.0918 -0.8978
vn 0.4308 0.2655 -0.8625
vn 0.4203 0.4217 -0.8034
vn 0.4053 0.5537 -0.7274
vn 0.3916 0.6617 -0.6394
vn 0.6344 0.0818 -0.7687
vn 0.6315 0.2380 -0.7379
vn 0.6157 0.3778 -0.6915
vn 0.5942 0.4952 -0.6337
vn 0.5753 0.5907 -0.5657
vn 0.7699 0.0712 -0.6342
vn 0.7622 0.2100 -0.6123
vn 0.7421 0.3343 -0.5810
vn 0.7162 0.4386 -0.5428
vn 0.6931 0.5232 -0.4958
vn 0.8573 0.0627 -0.5110
vn 0.8458 0.1878 -0.4994
vn 0.8231 0.3005 -0.4819
vn 0.7948 0.3947 -0.4610
vn 0.7661 0.4690 -0.4394
vn -0.1275 -0.9918 -0.0000
vn -0.3651 -0.9310 -0.0000
vn -0.5604 -0.8283 -0.0000
vn -0.7074 -0.7068 -0.0000
vn -0.8127 -0.5826 -0.0000
vn -0.8862 -0.4634 -0.0000
vn -0.9363 -0.3513 -0.0000
vn -0.9693 -0.2458 -0.0000
vn -0.9894 -0.1454 -0.0000
vn -0.9988 -0.0481 -0.0000
vn -0.1521 -0.0000 0.9884
vn -0.4250 -0.0000 0.9052
vn -0.6295 -0.0000 0.7770
vn -0.7678 -0.0000 0.6407
vn -0.8580 -0.0000 0.5137
vn -0.9164 -0.0000 0.4002
vn -0.9543 -0.0000 0.2990
vn -0.9783 -0.0000 0.2072
vn -0.9925 -0.0000 0.1218
vn -0.9992 -0.0000 0.0402
vn -0.1275 0.9918 -0.0000
vn -0.3651 0.9310 -0.0000
vn -0.5604 0.8283 -0.0000
vn -0.7074 0.7068 -0.0000
vn -0.8127 0.5826 -0.0000
vn -0.8862 0.4634 -0.0000
vn -0.9363 0.3513 -0.0000
vn -0.9693 0.2458 -0.0000
vn -0.9894 0.1454 -0.0000
vn -0.9988 0.0481 -0.0000
vn -0.1521 -0.0000 -0.9884
vn -0.4250 -0.0000 -0.9052
vn -0.6295 -0.0000 -0.7770
vn -0.7678 -0.0000 -0.6407
vn -0.8580 -0.0000 -0.5137
vn -0.9164 -0.0000 -0.4002
vn -0.9543 -0.0000 -0.2990
vn -0.9783 -0.0000 -0.2072
vn -0.9925 -0.0000 -0.1218
vn -0.9992 -0.0000 -0.0402
vn -0.0000 -0.9978 -0.0656
vn -0.0000 -0.9805 -0.1966
vn -0.0000 -0.9450 -0.3269
vn -0.0000 -0.8902 -0.4556
vn -0.0000 -0.8141 -0.5807
vn -0.0000 -0.7150 -0.6992
vn -0.0000 -0.5916 -0.8062
vn -0.0000 -0.4443 -0.8959
vn -0.0000 -0.2763 -0.9611
vn -0.0000 -0.0938 -0.9956
vn -0.0000 0.9978 -0.0656
vn -0.0000 0.9805 -0.1966
vn -0.0000 0.9450 -0.3269
vn -0.0000 0.8902 -0.4556
vn -0.0000 0.8141 -0.5807
vn -0.0000 0.7150 -0.6992
vn -0.0000 0.5916 -0.8062
vn -0.0000 0.4443 -0.8959
vn -0.0000 0.2763 -0.9611
vn -0.0000 0.0938 -0.9956
vn 0.9992 -0.0000 -0.0402
vn 0.9925 -0.0000 -0.1218
vn 0.9783 -0.0000 -0.2072
vn 0.9543 -0.0000 -0.2990
vn 0.9164 -0.0000 -0.4002
vn 0.8580 -0.0000 -0.5137
vn 0.7678 -0.0000 -0.6407
vn 0.6295 -0.0000 -0.7770
vn 0.4250 -0.0000 -0.9052
vn 0.1521 -0.0000 -0.9884
vn 0.1275 -0.9918 -0.0000
vn 0.3651 -0.9310 -0.0000
vn 0.5604 -0.8283 -0.0000
vn 0.7074 -0.7068 -0.0000
vn 0.8127 -0.5826 -0.0000
vn 0.8862 -0.4634 -0.0000
vn 0.9363 -0.3513 -0.0000
vn 0.9693 -0.2458 -0.0000
vn 0.9894 -0.1454 -0.0000
vn 0.9988 -0.0481 -0.0000
vn 0.1275 0.9918 -0.0000
vn 0.3651 0.9310 -0.0000
vn 0.5604 0.8283 -0.0000
vn 0.7074 0.7068 -0.0000
vn 0.8127 0.5826 -0.0000
vn 0.8862 0.4634 -0.0000
vn 0.9363 0.3513 -0.0000
vn 0.9693 0.2458 -0.0000
vn 0.9894 0.1454 -0.0000
vn 0.9988 0.0481 -0.0000
vn 0.1521 -0.0000 0.9884
vn 0.4250 -0.0000 0.9052
vn 0.6295 -0.0000 0.7770
vn 0.7678 -0.0000 0.6407
vn 0.8580 -0.0000 0.5137
vn 0.9164 -0.0000 0.4002
vn 0.9543 -0.0000 0.2990
vn 0.9783 -0.0000 0.2072
vn 0.9925 -0.0000 0.1218
vn 0.9992 -0.0000 0.0402
vn -0.0000 -0.9978 0.0656
vn -0.0000 -0.9805 0.1966
vn -0.0000 -0.9450 0.3269
vn -0.0000 -0.8902 0.4556
vn -0.0000 -0.8141 0.5807
vn -0.0000 -0.7150 0.6992
vn -0.0000 -0.5916 0.8062
vn -0.0000 -0.4443 0.8959
vn -0.0000 -0.2763 0.9611
vn -0.0000 -0.0938 0.9956
vn -0.0000 0.9978 0.0656
vn -0.0000 0.9805 0.1966
vn -0.0000 0.9450 0.3269
vn -0.0000 0.8902 0.4556
vn -0.0000 0.8141 0.5807
vn -0.0000 0.7150 0.6992
vn -0.0000 0.5916 0.8062
vn -0.0000 0.4443 0.8959
vn -0.0000 0.2763 0.9611
vn -0.0000 0.0938 0.9956
vn -0.0000 -1.0000 -0.0000
vt 0.387500 0.762500
vt 0.612500 0.762500
vt 0.612500 0.987500
vt 0.387500 0.987500
vt 0.387500 0.512500
vt 0.612500 0.512500
vt 0.612500 0.737500
vt 0.387500 0.737500
vt 0.637500 0.512500
vt 0.862500 0.512500
vt 0.862500 0.737500
vt 0.637500 0.737500
vt 0.387500 0.012500
vt 0.612500 0.012500
vt 0.612500 0.237500
vt 0.387500 0.237500
vt 0.387500 0.262500
vt 0.612500 0.262500
vt 0.612500 0.487500
vt 0.387500 0.487500
vt 0.137500 0.737500
vt 0.137500 0.739456
vt 0.135504 0.739516
vt 0.135544 0.737500
vt 0.137500 0.741363
vt 0.135492 0.741475
vt 0.137500 0.743175
vt 0.135496 0.743261
vt 0.137500 0.744847
vt 0.135506 0.744844
vt 0.137500 0.750000
vt 0.135513 0.750000
vt 0.133541 0.739531
vt 0.133637 0.737500
vt 0.133537 0.741486
vt 0.133594 0.743206
vt 0.133660 0.744671
vt 0.133696 0.750000
vt 0.131738 0.739521
vt 0.131825 0.737500
vt 0.131798 0.741425
vt 0.131954 0.743052
vt 0.132112 0.744392
vt 0.132194 0.750000
vt 0.130146 0.739503
vt 0.130153 0.737500
vt 0.130323 0.741350
vt 0.130607 0.742891
vt 0.130888 0.744112
vt 0.131046 0.750000
vt 0.125000 0.739487
vt 0.125000 0.737500
vt 0.125000 0.741304
vt 0.125000 0.742806
vt 0.125000 0.743954
vt 0.130283 0.750000
vt 0.387500 0.989456
vt 0.385504 0.989516
vt 0.385545 0.987500
vt 0.387500 0.991363
vt 0.385492 0.991475
vt 0.387500 0.993175
vt 0.385496 0.993261
vt 0.387500 0.994847
vt 0.385506 0.994844
vt 0.387500 1.000000
vt 0.385513 1.000000
vt 0.383541 0.989531
vt 0.383637 0.987500
vt 0.383537 0.991486
vt 0.383594 0.993206
vt 0.383660 0.994671
vt 0.383696 1.000000
vt 0.381738 0.989521
vt 0.381825 0.987500
vt 0.381798 0.991425
vt 0.381954 0.993052
vt 0.382112 0.994392
vt 0.382194 1.000000
vt 0.380146 0.989503
vt 0.380153 0.987500
vt 0.380323 0.991350
vt 0.380607 0.992891
vt 0.380888 0.994112
vt 0.381046 1.000000
vt 0.375000 0.989487
vt 0.375000 0.987500
vt 0.375000 0.991304
vt 0.375000 0.992806
vt 0.375000 0.993954
vt 0.380283 1.000000
vt 0.385545 0.012500
vt 0.385484 0.010504
vt 0.387500 0.010544
vt 0.383637 0.012500
vt 0.383525 0.010492
vt 0.381825 0.012500
vt 0.381739 0.010496
vt 0.380153 0.012500
vt 0.380156 0.010506
vt 0.375000 0.012500
vt 0.375000 0.010513
vt 0.385469 0.008541
vt 0.387500 0.008637
vt 0.383514 0.008537
vt 0.381794 0.008594
vt 0.380329 0.008660
vt 0.375000 0.008696
vt 0.385480 0.006738
vt 0.387500 0.006825
vt 0.383575 0.006798
vt 0.381948 0.006954
vt 0.380608 0.007112
vt 0.375000 0.007194
vt 0.385497 0.005146
vt 0.387500 0.005153
vt 0.383650 0.005323
vt 0.382108 0.005607
vt 0.380887 0.005888
vt 0.375000 0.006046
vt 0.385513 0.000000
vt 0.387500 0.000000
vt 0.383696 0.000000
vt 0.382194 0.000000
vt 0.381046 0.000000
vt 0.375000 0.005283
vt 0.614455 0.987500
vt 0.614516 0.989496
vt 0.612500 0.989455
vt 0.616363 0.987500
vt 0.616475 0.989508
vt 0.618175 0.987500
vt 0.618261 0.989504
vt 0.619847 0.987500
vt 0.619844 0.989493
vt 0.625000 0.987500
vt 0.625000 0.989487
vt 0.614531 0.991460
vt 0.612500 0.991362
vt 0.616486 0.991463
vt 0.618206 0.991406
vt 0.619671 0.991340
vt 0.625000 0.991304
vt 0.614520 0.993262
vt 0.612500 0.993175
vt 0.616425 0.993202
vt 0.618052 0.993046
vt 0.619392 0.992888
vt 0.625000 0.992806
vt 0.614503 0.994854
vt 0.612500 0.994847
vt 0.616350 0.994677
vt 0.617891 0.994393
vt 0.619112 0.994112
vt 0.625000 0.993954
vt 0.614487 1.000000
vt 0.612500 1.000000
vt 0.616304 1.000000
vt 0.617806 1.000000
vt 0.618954 1.000000
vt 0.625000 0.994717
vt 0.864456 0.737500
vt 0.864516 0.739496
vt 0.862500 0.739455
vt 0.866362 0.737500
vt 0.866475 0.739508
vt 0.868175 0.737500
vt 0.868261 0.739504
vt 0.869847 0.737500
vt 0.869844 0.739494
vt 0.875000 0.737500
vt 0.875000 0.739487
vt 0.864531 0.741459
vt 0.862500 0.741363
vt 0.866486 0.741463
vt 0.868206 0.741406
vt 0.869671 0.741340
vt 0.875000 0.741304
vt 0.864521 0.743262
vt 0.862500 0.743175
vt 0.866425 0.743202
vt 0.868052 0.743046
vt 0.869392 0.742888
vt 0.875000 0.742806
vt 0.864503 0.744854
vt 0.862500 0.744847
vt 0.866350 0.744677
vt 0.867892 0.744393
vt 0.869112 0.744112
vt 0.875000 0.743954
vt 0.864487 0.750000
vt 0.862500 0.750000
vt 0.866304 0.750000
vt 0.867806 0.750000
vt 0.868954 0.750000
vt 0.875000 0.744717
vt 0.612500 0.010544
vt 0.614496 0.010484
vt 0.614456 0.012500
vt 0.612500 0.008637
vt 0.614508 0.008525
vt 0.612500 0.006825
vt 0.614504 0.006739
vt 0.612500 0.005153
vt 0.614493 0.005156
vt 0.612500 0.000000
vt 0.614487 0.000000
vt 0.616459 0.010469
vt 0.616363 0.012500
vt 0.616463 0.008514
vt 0.616406 0.006794
vt 0.616340 0.005329
vt 0.616304 0.000000
vt 0.618262 0.010480
vt 0.618175 0.012500
vt 0.618202 0.008575
vt 0.618046 0.006948
vt 0.617888 0.005608
vt 0.617806 0.000000
vt 0.619854 0.010497
vt 0.619847 0.012500
vt 0.619677 0.008650
vt 0.619393 0.007109
vt 0.619112 0.005888
vt 0.618954 0.000000
vt 0.625000 0.010513
vt 0.625000 0.012500
vt 0.625000 0.008696
vt 0.625000 0.007194
vt 0.625000 0.006046
vt 0.619717 0.000000
vt 0.137500 0.512500
vt 0.135545 0.512500
vt 0.135484 0.510504
vt 0.137500 0.510545
vt 0.133637 0.512500
vt 0.133525 0.510492
vt 0.131825 0.512500
vt 0.131739 0.510496
vt 0.130153 0.512500
vt 0.130156 0.510506
vt 0.125000 0.512500
vt 0.125000 0.510513
vt 0.135469 0.508541
vt 0.137500 0.508637
vt 0.133514 0.508537
vt 0.131794 0.508594
vt 0.130329 0.508660
vt 0.125000 0.508696
vt 0.135480 0.506738
vt 0.137500 0.506825
vt 0.133575 0.506798
vt 0.131948 0.506954
vt 0.130608 0.507112
vt 0.125000 0.507194
vt 0.135497 0.505146
vt 0.137500 0.505153
vt 0.133650 0.505323
vt 0.132108 0.505607
vt 0.130888 0.505888
vt 0.125000 0.506046
vt 0.135513 0.500000
vt 0.137500 0.500000
vt 0.133696 0.500000
vt 0.132194 0.500000
vt 0.131046 0.500000
vt 0.125000 0.505283
vt 0.387500 0.239456
vt 0.385504 0.239516
vt 0.385545 0.237500
vt 0.387500 0.241363
vt 0.385492 0.241475
vt 0.387500 0.243175
vt 0.385496 0.243261
vt 0.387500 0.244847
vt 0.385506 0.244844
vt 0.387500 0.250000
vt 0.385513 0.250000
vt 0.383541 0.239531
vt 0.383637 0.237500
vt 0.383537 0.241486
vt 0.383594 0.243206
vt 0.383660 0.244671
vt 0.383696 0.250000
vt 0.381738 0.239520
vt 0.381825 0.237500
vt 0.381798 0.241425
vt 0.381954 0.243052
vt 0.382112 0.244392
vt 0.382194 0.250000
vt 0.380146 0.239503
vt 0.380153 0.237500
vt 0.380323 0.241350
vt 0.380607 0.242891
vt 0.380888 0.244112
vt 0.381046 0.250000
vt 0.375000 0.239487
vt 0.375000 0.237500
vt 0.375000 0.241304
vt 0.375000 0.242806
vt 0.375000 0.243954
vt 0.380283 0.250000
vt 0.385545 0.262500
vt 0.385484 0.260504
vt 0.387500 0.260544
vt 0.383637 0.262500
vt 0.383525 0.260492
vt 0.381825 0.262500
vt 0.381739 0.260496
vt 0.380153 0.262500
vt 0.380156 0.260506
vt 0.375000 0.262500
vt 0.375000 0.260513
vt 0.385469 0.258541
vt 0.387500 0.258637
vt 0.383514 0.258537
vt 0.381794 0.258594
vt 0.380329 0.258660
vt 0.375000 0.258696
vt 0.385480 0.256738
vt 0.387500 0.256825
vt 0.383575 0.256798
vt 0.381948 0.256954
vt 0.380608 0.257112
vt 0.375000 0.257194
vt 0.385497 0.255146
vt 0.387500 0.255153
vt 0.383650 0.255323
vt 0.382108 0.255607
vt 0.380887 0.255888
vt 0.375000 0.256046
vt 0.375000 0.255283
vt 0.862500 0.510544
vt 0.864496 0.510484
vt 0.864456 0.512500
vt 0.862500 0.508637
vt 0.864508 0.508525
vt 0.862500 0.506825
vt 0.864504 0.506739
vt 0.862500 0.505153
vt 0.864493 0.505156
vt 0.862500 0.500000
vt 0.864487 0.500000
vt 0.866459 0.510469
vt 0.866363 0.512500
vt 0.866463 0.508514
vt 0.866406 0.506794
vt 0.866340 0.505329
vt 0.866304 0.500000
vt 0.868262 0.510480
vt 0.868175 0.512500
vt 0.868202 0.508575
vt 0.868046 0.506948
vt 0.867888 0.505608
vt 0.867806 0.500000
vt 0.869854 0.510497
vt 0.869847 0.512500
vt 0.869677 0.508650
vt 0.869393 0.507108
vt 0.869112 0.505888
vt 0.868954 0.500000
vt 0.875000 0.510513
vt 0.875000 0.512500
vt 0.875000 0.508696
vt 0.875000 0.507194
vt 0.875000 0.506046
vt 0.869717 0.500000
vt 0.612500 0.260544
vt 0.614496 0.260484
vt 0.614456 0.262500
vt 0.612500 0.258637
vt 0.614508 0.258525
vt 0.612500 0.256825
vt 0.614504 0.256739
vt 0.612500 0.255153
vt 0.614493 0.255156
vt 0.612500 0.250000
vt 0.614487 0.250000
vt 0.616459 0.260469
vt 0.616363 0.262500
vt 0.616463 0.258514
vt 0.616406 0.256794
vt 0.616340 0.255329
vt 0.616304 0.250000
vt 0.618262 0.260480
vt 0.618175 0.262500
vt 0.618202 0.258575
vt 0.618046 0.256948
vt 0.617888 0.255608
vt 0.617806 0.250000
vt 0.619854 0.260497
vt 0.619847 0.262500
vt 0.619677 0.258650
vt 0.619393 0.257108
vt 0.619112 0.255888
vt 0.618954 0.250000
vt 0.625000 0.260513
vt 0.625000 0.262500
vt 0.625000 0.258696
vt 0.625000 0.257194
vt 0.625000 0.256046
vt 0.619717 0.250000
vt 0.614455 0.237500
vt 0.614516 0.239496
vt 0.612500 0.239456
vt 0.616363 0.237500
vt 0.616475 0.239508
vt 0.618175 0.237500
vt 0.618261 0.239504
vt 0.619847 0.237500
vt 0.619844 0.239494
vt 0.625000 0.237500
vt 0.625000 0.239487
vt 0.614531 0.241459
vt 0.612500 0.241363
vt 0.616486 0.241463
vt 0.618206 0.241406
vt 0.619671 0.241340
vt 0.625000 0.241304
vt 0.614520 0.243262
vt 0.612500 0.243175
vt 0.616425 0.243202
vt 0.618052 0.243046
vt 0.619392 0.242888
vt 0.625000 0.242806
vt 0.614503 0.244854
vt 0.612500 0.244847
vt 0.616350 0.244677
vt 0.617891 0.244393
vt 0.619112 0.244112
vt 0.625000 0.243954
vt 0.625000 0.244717
vt 0.362500 0.737500
vt 0.364456 0.737500
vt 0.364516 0.739496
vt 0.362500 0.739455
vt 0.366363 0.737500
vt 0.366475 0.739508
vt 0.368175 0.737500
vt 0.368261 0.739504
vt 0.369847 0.737500
vt 0.369844 0.739494
vt 0.375000 0.737500
vt 0.375000 0.739487
vt 0.364531 0.741459
vt 0.362500 0.741363
vt 0.366486 0.741463
vt 0.368206 0.741406
vt 0.369671 0.741340
vt 0.375000 0.741304
vt 0.364520 0.743262
vt 0.362500 0.743175
vt 0.366425 0.743202
vt 0.368052 0.743046
vt 0.369392 0.742888
vt 0.375000 0.742806
vt 0.364503 0.744854
vt 0.362500 0.744847
vt 0.366350 0.744677
vt 0.367892 0.744393
vt 0.369112 0.744112
vt 0.375000 0.743954
vt 0.364487 0.750000
vt 0.362500 0.750000
vt 0.366304 0.750000
vt 0.367806 0.750000
vt 0.368954 0.750000
vt 0.376761 0.750000
vt 0.387500 0.739456
vt 0.385504 0.739516
vt 0.385545 0.737500
vt 0.387500 0.741363
vt 0.385492 0.741475
vt 0.387500 0.743175
vt 0.385496 0.743261
vt 0.387500 0.744847
vt 0.385506 0.744844
vt 0.387500 0.750000
vt 0.385513 0.750000
vt 0.383541 0.739531
vt 0.383637 0.737500
vt 0.383537 0.741486
vt 0.383594 0.743206
vt 0.383660 0.744671
vt 0.383696 0.750000
vt 0.381738 0.739521
vt 0.381825 0.737500
vt 0.381798 0.741425
vt 0.381954 0.743052
vt 0.382112 0.744392
vt 0.382194 0.750000
vt 0.380146 0.739503
vt 0.380153 0.737500
vt 0.380323 0.741350
vt 0.380607 0.742891
vt 0.380888 0.744112
vt 0.381046 0.750000
vt 0.385545 0.762500
vt 0.385484 0.760504
vt 0.387500 0.760545
vt 0.383637 0.762500
vt 0.383525 0.760492
vt 0.381825 0.762500
vt 0.381739 0.760496
vt 0.380153 0.762500
vt 0.380156 0.760507
vt 0.375000 0.762500
vt 0.375000 0.760513
vt 0.385469 0.758541
vt 0.387500 0.758637
vt 0.383514 0.758537
vt 0.381794 0.758594
vt 0.380329 0.758660
vt 0.375000 0.758696
vt 0.385480 0.756738
vt 0.387500 0.756825
vt 0.383575 0.756798
vt 0.381948 0.756954
vt 0.380608 0.757112
vt 0.375000 0.757194
vt 0.385497 0.755146
vt 0.387500 0.755153
vt 0.383650 0.755323
vt 0.382108 0.755607
vt 0.380887 0.755888
vt 0.375000 0.756046
vt 0.637500 0.739456
vt 0.635504 0.739516
vt 0.635545 0.737500
vt 0.637500 0.741363
vt 0.635492 0.741475
vt 0.637500 0.743175
vt 0.635496 0.743261
vt 0.637500 0.744847
vt 0.635506 0.744844
vt 0.637500 0.750000
vt 0.635513 0.750000
vt 0.633541 0.739531
vt 0.633637 0.737500
vt 0.633537 0.741486
vt 0.633594 0.743206
vt 0.633660 0.744671
vt 0.633696 0.750000
vt 0.631738 0.739521
vt 0.631825 0.737500
vt 0.631798 0.741425
vt 0.631954 0.743052
vt 0.632112 0.744392
vt 0.632194 0.750000
vt 0.630146 0.739503
vt 0.630153 0.737500
vt 0.630323 0.741350
vt 0.630607 0.742891
vt 0.630888 0.744112
vt 0.631046 0.750000
vt 0.625000 0.739487
vt 0.625000 0.737500
vt 0.625000 0.741304
vt 0.625000 0.742806
vt 0.625000 0.743954
vt 0.625000 0.748239
vt 0.612500 0.760544
vt 0.614496 0.760484
vt 0.614456 0.762500
vt 0.612500 0.758637
vt 0.614508 0.758525
vt 0.612500 0.756825
vt 0.614504 0.756739
vt 0.612500 0.755153
vt 0.614493 0.755156
vt 0.612500 0.750000
vt 0.614487 0.750000
vt 0.616459 0.760469
vt 0.616363 0.762500
vt 0.616463 0.758514
vt 0.616406 0.756794
vt 0.616340 0.755329
vt 0.616304 0.750000
vt 0.618262 0.760480
vt 0.618175 0.762500
vt 0.618202 0.758575
vt 0.618046 0.756948
vt 0.617888 0.755608
vt 0.617806 0.750000
vt 0.619854 0.760497
vt 0.619847 0.762500
vt 0.619677 0.758650
vt 0.619393 0.757108
vt 0.619112 0.755888
vt 0.618954 0.750000
vt 0.625000 0.760513
vt 0.625000 0.762500
vt 0.625000 0.758696
vt 0.625000 0.757194
vt 0.625000 0.756046
vt 0.614455 0.737500
vt 0.614516 0.739496
vt 0.612500 0.739455
vt 0.616363 0.737500
vt 0.616475 0.739508
vt 0.618175 0.737500
vt 0.618261 0.739504
vt 0.619847 0.737500
vt 0.619844 0.739494
vt 0.614531 0.741459
vt 0.612500 0.741363
vt 0.616486 0.741463
vt 0.618206 0.741406
vt 0.619671 0.741340
vt 0.614520 0.743262
vt 0.612500 0.743175
vt 0.616425 0.743202
vt 0.618052 0.743046
vt 0.619392 0.742888
vt 0.614503 0.744854
vt 0.612500 0.744847
vt 0.616350 0.744677
vt 0.617891 0.744393
vt 0.619112 0.744112
vt 0.362500 0.512500
vt 0.362500 0.510544
vt 0.364496 0.510484
vt 0.364456 0.512500
vt 0.362500 0.508637
vt 0.364508 0.508525
vt 0.362500 0.506825
vt 0.364504 0.506739
vt 0.362500 0.505153
vt 0.364494 0.505156
vt 0.362500 0.500000
vt 0.364487 0.500000
vt 0.366459 0.510469
vt 0.366362 0.512500
vt 0.366463 0.508514
vt 0.366406 0.506794
vt 0.366340 0.505329
vt 0.366304 0.500000
vt 0.368262 0.510480
vt 0.368175 0.512500
vt 0.368202 0.508575
vt 0.368046 0.506948
vt 0.367888 0.505608
vt 0.367806 0.500000
vt 0.369854 0.510497
vt 0.369847 0.512500
vt 0.369677 0.508650
vt 0.369393 0.507108
vt 0.369112 0.505888
vt 0.368954 0.500000
vt 0.375000 0.510513
vt 0.375000 0.512500
vt 0.375000 0.508696
vt 0.375000 0.507194
vt 0.375000 0.506046
vt 0.375000 0.501761
vt 0.387500 0.489456
vt 0.385504 0.489516
vt 0.385545 0.487500
vt 0.387500 0.491363
vt 0.385492 0.491475
vt 0.387500 0.493175
vt 0.385496 0.493261
vt 0.387500 0.494847
vt 0.385506 0.494844
vt 0.387500 0.500000
vt 0.385513 0.500000
vt 0.383541 0.489531
vt 0.383637 0.487500
vt 0.383537 0.491486
vt 0.383594 0.493206
vt 0.383660 0.494671
vt 0.383696 0.500000
vt 0.381738 0.489521
vt 0.381825 0.487500
vt 0.381798 0.491425
vt 0.381954 0.493052
vt 0.382112 0.494392
vt 0.382194 0.500000
vt 0.380146 0.489503
vt 0.380153 0.487500
vt 0.380323 0.491350
vt 0.380607 0.492891
vt 0.380888 0.494112
vt 0.381046 0.500000
vt 0.375000 0.489487
vt 0.375000 0.487500
vt 0.375000 0.491304
vt 0.375000 0.492806
vt 0.375000 0.493954
vt 0.385545 0.512500
vt 0.385484 0.510504
vt 0.387500 0.510545
vt 0.383637 0.512500
vt 0.383525 0.510492
vt 0.381825 0.512500
vt 0.381739 0.510496
vt 0.380153 0.512500
vt 0.380156 0.510506
vt 0.385469 0.508541
vt 0.387500 0.508637
vt 0.383514 0.508537
vt 0.381794 0.508594
vt 0.380329 0.508660
vt 0.385480 0.506738
vt 0.387500 0.506825
vt 0.383575 0.506798
vt 0.381948 0.506954
vt 0.380608 0.507112
vt 0.385497 0.505146
vt 0.387500 0.505153
vt 0.383650 0.505323
vt 0.382108 0.505607
vt 0.380887 0.505888
vt 0.635545 0.512500
vt 0.635484 0.510504
vt 0.637500 0.510545
vt 0.633638 0.512500
vt 0.633525 0.510492
vt 0.631825 0.512500
vt 0.631739 0.510496
vt 0.630153 0.512500
vt 0.630156 0.510506
vt 0.625000 0.512500
vt 0.625000 0.510513
vt 0.635469 0.508541
vt 0.637500 0.508637
vt 0.633514 0.508537
vt 0.631794 0.508594
vt 0.630329 0.508660
vt 0.625000 0.508696
vt 0.635480 0.506738
vt 0.637500 0.506825
vt 0.633575 0.506798
vt 0.631948 0.506954
vt 0.630608 0.507112
vt 0.625000 0.507194
vt 0.635497 0.505146
vt 0.637500 0.505153
vt 0.633650 0.505323
vt 0.632108 0.505607
vt 0.630887 0.505888
vt 0.625000 0.506046
vt 0.635513 0.500000
vt 0.637500 0.500000
vt 0.633696 0.500000
vt 0.632194 0.500000
vt 0.631046 0.500000
vt 0.623239 0.500000
vt 0.612500 0.510544
vt 0.614496 0.510484
vt 0.614456 0.512500
vt 0.612500 0.508637
vt 0.614508 0.508525
vt 0.612500 0.506825
vt 0.614504 0.506739
vt 0.612500 0.505153
vt 0.614493 0.505156
vt 0.612500 0.500000
vt 0.614487 0.500000
vt 0.616459 0.510469
vt 0.616363 0.512500
vt 0.616463 0.508514
vt 0.616406 0.506794
vt 0.616340 0.505329
vt 0.616304 0.500000
vt 0.618262 0.510480
vt 0.618175 0.512500
vt 0.618202 0.508575
vt 0.618046 0.506948
vt 0.617888 0.505608
vt 0.617806 0.500000
vt 0.619854 0.510497
vt 0.619847 0.512500
vt 0.619677 0.508650
vt 0.619393 0.507108
vt 0.619112 0.505888
vt 0.618954 0.500000
vt 0.625000 0.510513
vt 0.614455 0.487500
vt 0.614516 0.489496
vt 0.612500 0.489455
vt 0.616363 0.487500
vt 0.616475 0.489508
vt 0.618175 0.487500
vt 0.618261 0.489504
vt 0.619847 0.487500
vt 0.619844 0.489494
vt 0.625000 0.487500
vt 0.625000 0.489487
vt 0.614531 0.491459
vt 0.612500 0.491362
vt 0.616486 0.491463
vt 0.618206 0.491406
vt 0.619671 0.491340
vt 0.625000 0.491304
vt 0.614520 0.493262
vt 0.612500 0.493175
vt 0.616425 0.493202
vt 0.618052 0.493046
vt 0.619392 0.492888
vt 0.625000 0.492806
vt 0.614503 0.494854
vt 0.612500 0.494847
vt 0.616350 0.494677
vt 0.617891 0.494393
vt 0.619112 0.494112
vt 0.625000 0.493954
s 0
usemtl Material.002
f 2709/2516/1204 2799/2517/1204 2434/2518/1204 2344/2519/1204
f 2891/2520/1205 2981/2521/1205 2800/2522/1205 2708/2523/1205
f 2980/2524/1206 2616/2525/1206 2435/2526/1206 2798/2527/1206
f 2345/2528/1207 2436/2529/1207 2618/2530/1207 2526/2531/1207
f 2527/2532/1208 2617/2533/1208 2982/2534/1208 2890/2535/1208
f 2343/2536/1209 2346/2537/1209 2352/2538/1209 2351/2539/1209
f 2346/2537/1210 2347/2540/1210 2353/2541/1210 2352/2538/1210
f 2347/2540/1211 2348/2542/1211 2354/2543/1211 2353/2541/1211
f 2348/2542/1212 2349/2544/1212 2355/2545/1212 2354/2543/1212
f 2349/2544/1213 2350/2546/1213 2356/2547/1213 2355/2545/1213
f 2351/2539/1214 2352/2538/1214 2358/2548/1214 2357/2549/1214
f 2352/2538/1215 2353/2541/1215 2359/2550/1215 2358/2548/1215
f 2353/2541/1216 2354/2543/1216 2360/2551/1216 2359/2550/1216
f 2354/2543/1217 2355/2545/1217 2361/2552/1217 2360/2551/1217
f 2355/2545/1218 2356/2547/1218 2362/2553/1218 2361/2552/1218
f 2357/2549/1219 2358/2548/1219 2364/2554/1219 2363/2555/1219
f 2358/2548/1220 2359/2550/1220 2365/2556/1220 2364/2554/1220
f 2359/2550/1221 2360/2551/1221 2366/2557/1221 2365/2556/1221
f 2360/2551/1222 2361/2552/1222 2367/2558/1222 2366/2557/1222
f 2361/2552/1223 2362/2553/1223 2368/2559/1223 2367/2558/1223
f 2363/2555/1224 2364/2554/1224 2370/2560/1224 2369/2561/1224
f 2364/2554/1225 2365/2556/1225 2371/2562/1225 2370/2560/1225
f 2365/2556/1226 2366/2557/1226 2372/2563/1226 2371/2562/1226
f 2366/2557/1227 2367/2558/1227 2373/2564/1227 2372/2563/1227
f 2367/2558/1228 2368/2559/1228 2374/2565/1228 2373/2564/1228
f 2369/2561/1229 2370/2560/1229 2415/2566/1229 2409/2567/1229
f 2370/2560/1230 2371/2562/1230 2421/2568/1230 2415/2566/1230
f 2371/2562/1231 2372/2563/1231 2427/2569/1231 2421/2568/1231
f 2372/2563/1232 2373/2564/1232 2433/2570/1232 2427/2569/1232
f 2373/2564/1233 2374/2565/1233 2375/2571/1233 2433/2570/1233
f 2344/2519/1234 2376/2572/1234 2382/2573/1234 2381/2574/1234
f 2376/2572/1235 2377/2575/1235 2383/2576/1235 2382/2573/1235
f 2377/2575/1236 2378/2577/1236 2384/2578/1236 2383/2576/1236
f 2378/2577/1237 2379/2579/1237 2385/2580/1237 2384/2578/1237
f 2379/2579/1238 2380/2581/1238 2386/2582/1238 2385/2580/1238
f 2381/2574/1239 2382/2573/1239 2388/2583/1239 2387/2584/1239
f 2382/2573/1240 2383/2576/1240 2389/2585/1240 2388/2583/1240
f 2383/2576/1241 2384/2578/1241 2390/2586/1241 2389/2585/1241
f 2384/2578/1242 2385/2580/1242 2391/2587/1242 2390/2586/1242
f 2385/2580/1243 2386/2582/1243 2392/2588/1243 2391/2587/1243
f 2387/2584/1244 2388/2583/1244 2394/2589/1244 2393/2590/1244
f 2388/2583/1245 2389/2585/1245 2395/2591/1245 2394/2589/1245
f 2389/2585/1246 2390/2586/1246 2396/2592/1246 2395/2591/1246
f 2390/2586/1247 2391/2587/1247 2397/2593/1247 2396/2592/1247
f 2391/2587/1248 2392/2588/1248 2398/2594/1248 2397/2593/1248
f 2393/2590/1249 2394/2589/1249 2400/2595/1249 2399/2596/1249
f 2394/2589/1250 2395/2591/1250 2401/2597/1250 2400/2595/1250
f 2395/2591/1251 2396/2592/1251 2402/2598/1251 2401/2597/1251
f 2396/2592/1252 2397/2593/1252 2403/2599/1252 2402/2598/1252
f 2397/2593/1253 2398/2594/1253 2404/2600/1253 2403/2599/1253
f 2399/2596/1254 2400/2595/1254 2356/2601/1254 2350/2602/1254
f 2400/2595/1255 2401/2597/1255 2362/2603/1255 2356/2601/1255
f 2401/2597/1256 2402/2598/1256 2368/2604/1256 2362/2603/1256
f 2402/2598/1257 2403/2599/1257 2374/2605/1257 2368/2604/1257
f 2403/2599/1258 2404/2600/1258 2375/2606/1258 2374/2605/1258
f 2345/2528/1259 2405/2607/1259 2411/2608/1259 2410/2609/1259
f 2405/2607/1260 2406/2610/1260 2412/2611/1260 2411/2608/1260
f 2406/2610/1261 2407/2612/1261 2413/2613/1261 2412/2611/1261
f 2407/2612/1262 2408/2614/1262 2414/2615/1262 2413/2613/1262
f 2408/2614/1263 2409/2616/1263 2415/2617/1263 2414/2615/1263
f 2410/2609/1264 2411/2608/1264 2417/2618/1264 2416/2619/1264
f 2411/2608/1265 2412/2611/1265 2418/2620/1265 2417/2618/1265
f 2412/2611/1266 2413/2613/1266 2419/2621/1266 2418/2620/1266
f 2413/2613/1267 2414/2615/1267 2420/2622/1267 2419/2621/1267
f 2414/2615/1268 2415/2617/1268 2421/2623/1268 2420/2622/1268
f 2416/2619/1269 2417/2618/1269 2423/2624/1269 2422/2625/1269
f 2417/2618/1270 2418/2620/1270 2424/2626/1270 2423/2624/1270
f 2418/2620/1271 2419/2621/1271 2425/2627/1271 2424/2626/1271
f 2419/2621/1272 2420/2622/1272 2426/2628/1272 2425/2627/1272
f 2420/2622/1273 2421/2623/1273 2427/2629/1273 2426/2628/1273
f 2422/2625/1274 2423/2624/1274 2429/2630/1274 2428/2631/1274
f 2423/2624/1275 2424/2626/1275 2430/2632/1275 2429/2630/1275
f 2424/2626/1276 2425/2627/1276 2431/2633/1276 2430/2632/1276
f 2425/2627/1277 2426/2628/1277 2432/2634/1277 2431/2633/1277
f 2426/2628/1278 2427/2629/1278 2433/2635/1278 2432/2634/1278
f 2428/2631/1279 2429/2630/1279 2386/2636/1279 2380/2637/1279
f 2429/2630/1280 2430/2632/1280 2392/2638/1280 2386/2636/1280
f 2430/2632/1281 2431/2633/1281 2398/2639/1281 2392/2638/1281
f 2431/2633/1282 2432/2634/1282 2404/2640/1282 2398/2639/1282
f 2432/2634/1283 2433/2635/1283 2375/2641/1283 2404/2640/1283
f 2434/2518/1284 2437/2642/1284 2443/2643/1284 2442/2644/1284
f 2437/2642/1285 2438/2645/1285 2444/2646/1285 2443/2643/1285
f 2438/2645/1286 2439/2647/1286 2445/2648/1286 2444/2646/1286
f 2439/2647/1287 2440/2649/1287 2446/2650/1287 2445/2648/1287
f 2440/2649/1288 2441/2651/1288 2447/2652/1288 2446/2650/1288
f 2442/2644/1289 2443/2643/1289 2449/2653/1289 2448/2654/1289
f 2443/2643/1290 2444/2646/1290 2450/2655/1290 2449/2653/1290
f 2444/2646/1291 2445/2648/1291 2451/2656/1291 2450/2655/1291
f 2445/2648/1292 2446/2650/1292 2452/2657/1292 2451/2656/1292
f 2446/2650/1293 2447/2652/1293 2453/2658/1293 2452/2657/1293
f 2448/2654/1294 2449/2653/1294 2455/2659/1294 2454/2660/1294
f 2449/2653/1295 2450/2655/1295 2456/2661/1295 2455/2659/1295
f 2450/2655/1296 2451/2656/1296 2457/2662/1296 2456/2661/1296
f 2451/2656/1297 2452/2657/1297 2458/2663/1297 2457/2662/1297
f 2452/2657/1298 2453/2658/1298 2459/2664/1298 2458/2663/1298
f 2454/2660/1299 2455/2659/1299 2461/2665/1299 2460/2666/1299
f 2455/2659/1300 2456/2661/1300 2462/2667/1300 2461/2665/1300
f 2456/2661/1301 2457/2662/1301 2463/2668/1301 2462/2667/1301
f 2457/2662/1302 2458/2663/1302 2464/2669/1302 2463/2668/1302
f 2458/2663/1303 2459/2664/1303 2465/2670/1303 2464/2669/1303
f 2460/2666/1304 2461/2665/1304 2506/2671/1304 2500/2672/1304
f 2461/2665/1305 2462/2667/1305 2512/2673/1305 2506/2671/1305
f 2462/2667/1306 2463/2668/1306 2518/2674/1306 2512/2673/1306
f 2463/2668/1307 2464/2669/1307 2524/2675/1307 2518/2674/1307
f 2464/2669/1308 2465/2670/1308 2466/2676/1308 2524/2675/1308
f 2435/2526/1309 2467/2677/1309 2473/2678/1309 2472/2679/1309
f 2467/2677/1310 2468/2680/1310 2474/2681/1310 2473/2678/1310
f 2468/2680/1311 2469/2682/1311 2475/2683/1311 2474/2681/1311
f 2469/2682/1312 2470/2684/1312 2476/2685/1312 2475/2683/1312
f 2470/2684/1313 2471/2686/1313 2477/2687/1313 2476/2685/1313
f 2472/2679/1314 2473/2678/1314 2479/2688/1314 2478/2689/1314
f 2473/2678/1315 2474/2681/1315 2480/2690/1315 2479/2688/1315
f 2474/2681/1316 2475/2683/1316 2481/2691/1316 2480/2690/1316
f 2475/2683/1317 2476/2685/1317 2482/2692/1317 2481/2691/1317
f 2476/2685/1318 2477/2687/1318 2483/2693/1318 2482/2692/1318
f 2478/2689/1319 2479/2688/1319 2485/2694/1319 2484/2695/1319
f 2479/2688/1320 2480/2690/1320 2486/2696/1320 2485/2694/1320
f 2480/2690/1321 2481/2691/1321 2487/2697/1321 2486/2696/1321
f 2481/2691/1322 2482/2692/1322 2488/2698/1322 2487/2697/1322
f 2482/2692/1323 2483/2693/1323 2489/2699/1323 2488/2698/1323
f 2484/2695/1324 2485/2694/1324 2491/2700/1324 2490/2701/1324
f 2485/2694/1325 2486/2696/1325 2492/2702/1325 2491/2700/1325
f 2486/2696/1326 2487/2697/1326 2493/2703/1326 2492/2702/1326
f 2487/2697/1327 2488/2698/1327 2494/2704/1327 2493/2703/1327
f 2488/2698/1328 2489/2699/1328 2495/2705/1328 2494/2704/1328
f 2490/2701/1329 2491/2700/1329 2447/2706/1329 2441/2707/1329
f 2491/2700/1330 2492/2702/1330 2453/2708/1330 2447/2706/1330
f 2492/2702/1331 2493/2703/1331 2459/2709/1331 2453/2708/1331
f 2493/2703/1332 2494/2704/1332 2465/2710/1332 2459/2709/1332
f 2494/2704/1333 2495/2705/1333 2466/2711/1333 2465/2710/1333
f 2436/2529/1334 2496/2712/1334 2502/2713/1334 2501/2714/1334
f 2496/2712/1335 2497/2715/1335 2503/2716/1335 2502/2713/1335
f 2497/2715/1336 2498/2717/1336 2504/2718/1336 2503/2716/1336
f 2498/2717/1337 2499/2719/1337 2505/2720/1337 2504/2718/1337
f 2499/2719/1338 2500/2721/1338 2506/2722/1338 2505/2720/1338
f 2501/2714/1339 2502/2713/1339 2508/2723/1339 2507/2724/1339
f 2502/2713/1340 2503/2716/1340 2509/2725/1340 2508/2723/1340
f 2503/2716/1341 2504/2718/1341 2510/2726/1341 2509/2725/1341
f 2504/2718/1342 2505/2720/1342 2511/2727/1342 2510/2726/1342
f 2505/2720/1343 2506/2722/1343 2512/2728/1343 2511/2727/1343
f 2507/2724/1344 2508/2723/1344 2514/2729/1344 2513/2730/1344
f 2508/2723/1345 2509/2725/1345 2515/2731/1345 2514/2729/1345
f 2509/2725/1346 2510/2726/1346 2516/2732/1346 2515/2731/1346
f 2510/2726/1347 2511/2727/1347 2517/2733/1347 2516/2732/1347
f 2511/2727/1348 2512/2728/1348 2518/2734/1348 2517/2733/1348
f 2513/2730/1349 2514/2729/1349 2520/2735/1349 2519/2736/1349
f 2514/2729/1350 2515/2731/1350 2521/2737/1350 2520/2735/1350
f 2515/2731/1351 2516/2732/1351 2522/2738/1351 2521/2737/1351
f 2516/2732/1352 2517/2733/1352 2523/2739/1352 2522/2738/1352
f 2517/2733/1353 2518/2734/1353 2524/2740/1353 2523/2739/1353
f 2519/2736/1354 2520/2735/1354 2477/2741/1354 2471/2742/1354
f 2520/2735/1355 2521/2737/1355 2483/2743/1355 2477/2741/1355
f 2521/2737/1356 2522/2738/1356 2489/2744/1356 2483/2743/1356
f 2522/2738/1357 2523/2739/1357 2495/2745/1357 2489/2744/1357
f 2523/2739/1358 2524/2740/1358 2466/2746/1358 2495/2745/1358
f 2525/2747/1359 2528/2748/1359 2534/2749/1359 2533/2750/1359
f 2528/2748/1360 2529/2751/1360 2535/2752/1360 2534/2749/1360
f 2529/2751/1361 2530/2753/1361 2536/2754/1361 2535/2752/1361
f 2530/2753/1362 2531/2755/1362 2537/2756/1362 2536/2754/1362
f 2531/2755/1363 2532/2757/1363 2538/2758/1363 2537/2756/1363
f 2533/2750/1364 2534/2749/1364 2540/2759/1364 2539/2760/1364
f 2534/2749/1365 2535/2752/1365 2541/2761/1365 2540/2759/1365
f 2535/2752/1366 2536/2754/1366 2542/2762/1366 2541/2761/1366
f 2536/2754/1367 2537/2756/1367 2543/2763/1367 2542/2762/1367
f 2537/2756/1368 2538/2758/1368 2544/2764/1368 2543/2763/1368
f 2539/2760/1369 2540/2759/1369 2546/2765/1369 2545/2766/1369
f 2540/2759/1370 2541/2761/1370 2547/2767/1370 2546/2765/1370
f 2541/2761/1371 2542/2762/1371 2548/2768/1371 2547/2767/1371
f 2542/2762/1372 2543/2763/1372 2549/2769/1372 2548/2768/1372
f 2543/2763/1373 2544/2764/1373 2550/2770/1373 2549/2769/1373
f 2545/2766/1374 2546/2765/1374 2552/2771/1374 2551/2772/1374
f 2546/2765/1375 2547/2767/1375 2553/2773/1375 2552/2771/1375
f 2547/2767/1376 2548/2768/1376 2554/2774/1376 2553/2773/1376
f 2548/2768/1377 2549/2769/1377 2555/2775/1377 2554/2774/1377
f 2549/2769/1378 2550/2770/1378 2556/2776/1378 2555/2775/1378
f 2551/2772/1379 2552/2771/1379 2597/2777/1379 2591/2778/1379
f 2552/2771/1380 2553/2773/1380 2603/2779/1380 2597/2777/1380
f 2553/2773/1381 2554/2774/1381 2609/2780/1381 2603/2779/1381
f 2554/2774/1382 2555/2775/1382 2615/2781/1382 2609/2780/1382
f 2555/2775/1383 2556/2776/1383 2557/2782/1383 2615/2781/1383
f 2526/2531/1384 2558/2783/1384 2564/2784/1384 2563/2785/1384
f 2558/2783/1385 2559/2786/1385 2565/2787/1385 2564/2784/1385
f 2559/2786/1386 2560/2788/1386 2566/2789/1386 2565/2787/1386
f 2560/2788/1387 2561/2790/1387 2567/2791/1387 2566/2789/1387
f 2561/2790/1388 2562/2792/1388 2568/2793/1388 2567/2791/1388
f 2563/2785/1389 2564/2784/1389 2570/2794/1389 2569/2795/1389
f 2564/2784/1390 2565/2787/1390 2571/2796/1390 2570/2794/1390
f 2565/2787/1391 2566/2789/1391 2572/2797/1391 2571/2796/1391
f 2566/2789/1392 2567/2791/1392 2573/2798/1392 2572/2797/1392
f 2567/2791/1393 2568/2793/1393 2574/2799/1393 2573/2798/1393
f 2569/2795/1394 2570/2794/1394 2576/2800/1394 2575/2801/1394
f 2570/2794/1395 2571/2796/1395 2577/2802/1395 2576/2800/1395
f 2571/2796/1396 2572/2797/1396 2578/2803/1396 2577/2802/1396
f 2572/2797/1397 2573/2798/1397 2579/2804/1397 2578/2803/1397
f 2573/2798/1398 2574/2799/1398 2580/2805/1398 2579/2804/1398
f 2575/2801/1399 2576/2800/1399 2582/2806/1399 2581/2807/1399
f 2576/2800/1400 2577/2802/1400 2583/2808/1400 2582/2806/1400
f 2577/2802/1401 2578/2803/1401 2584/2809/1401 2583/2808/1401
f 2578/2803/1402 2579/2804/1402 2585/2810/1402 2584/2809/1402
f 2579/2804/1403 2580/2805/1403 2586/2811/1403 2585/2810/1403
f 2581/2807/1404 2582/2806/1404 2538/2812/1404 2532/2813/1404
f 2582/2806/1405 2583/2808/1405 2544/2814/1405 2538/2812/1405
f 2583/2808/1406 2584/2809/1406 2550/2815/1406 2544/2814/1406
f 2584/2809/1407 2585/2810/1407 2556/2816/1407 2550/2815/1407
f 2585/2810/1408 2586/2811/1408 2557/2817/1408 2556/2816/1408
f 2527/2532/1409 2587/2818/1409 2593/2819/1409 2592/2820/1409
f 2587/2818/1410 2588/2821/1410 2594/2822/1410 2593/2819/1410
f 2588/2821/1411 2589/2823/1411 2595/2824/1411 2594/2822/1411
f 2589/2823/1412 2590/2825/1412 2596/2826/1412 2595/2824/1412
f 2590/2825/1413 2591/2827/1413 2597/2828/1413 2596/2826/1413
f 2592/2820/1414 2593/2819/1414 2599/2829/1414 2598/2830/1414
f 2593/2819/1415 2594/2822/1415 2600/2831/1415 2599/2829/1415
f 2594/2822/1416 2595/2824/1416 2601/2832/1416 2600/2831/1416
f 2595/2824/1417 2596/2826/1417 2602/2833/1417 2601/2832/1417
f 2596/2826/1418 2597/2828/1418 2603/2834/1418 2602/2833/1418
f 2598/2830/1419 2599/2829/1419 2605/2835/1419 2604/2836/1419
f 2599/2829/1420 2600/2831/1420 2606/2837/1420 2605/2835/1420
f 2600/2831/1421 2601/2832/1421 2607/2838/1421 2606/2837/1421
f 2601/2832/1422 2602/2833/1422 2608/2839/1422 2607/2838/1422
f 2602/2833/1423 2603/2834/1423 2609/2840/1423 2608/2839/1423
f 2604/2836/1424 2605/2835/1424 2611/2841/1424 2610/2842/1424
f 2605/2835/1425 2606/2837/1425 2612/2843/1425 2611/2841/1425
f 2606/2837/1426 2607/2838/1426 2613/2844/1426 2612/2843/1426
f 2607/2838/1427 2608/2839/1427 2614/2845/1427 2613/2844/1427
f 2608/2839/1428 2609/2840/1428 2615/2846/1428 2614/2845/1428
f 2610/2842/1429 2611/2841/1429 2568/2793/1429 2562/2792/1429
f 2611/2841/1430 2612/2843/1430 2574/2799/1430 2568/2793/1430
f 2612/2843/1431 2613/2844/1431 2580/2805/1431 2574/2799/1431
f 2613/2844/1432 2614/2845/1432 2586/2811/1432 2580/2805/1432
f 2614/2845/1433 2615/2846/1433 2557/2847/1433 2586/2811/1433
f 2616/2525/1434 2619/2848/1434 2625/2849/1434 2624/2850/1434
f 2619/2848/1435 2620/2851/1435 2626/2852/1435 2625/2849/1435
f 2620/2851/1436 2621/2853/1436 2627/2854/1436 2626/2852/1436
f 2621/2853/1437 2622/2855/1437 2628/2856/1437 2627/2854/1437
f 2622/2855/1438 2623/2857/1438 2629/2858/1438 2628/2856/1438
f 2624/2850/1439 2625/2849/1439 2631/2859/1439 2630/2860/1439
f 2625/2849/1440 2626/2852/1440 2632/2861/1440 2631/2859/1440
f 2626/2852/1441 2627/2854/1441 2633/2862/1441 2632/2861/1441
f 2627/2854/1442 2628/2856/1442 2634/2863/1442 2633/2862/1442
f 2628/2856/1443 2629/2858/1443 2635/2864/1443 2634/2863/1443
f 2630/2860/1444 2631/2859/1444 2637/2865/1444 2636/2866/1444
f 2631/2859/1445 2632/2861/1445 2638/2867/1445 2637/2865/1445
f 2632/2861/1446 2633/2862/1446 2639/2868/1446 2638/2867/1446
f 2633/2862/1447 2634/2863/1447 2640/2869/1447 2639/2868/1447
f 2634/2863/1448 2635/2864/1448 2641/2870/1448 2640/2869/1448
f 2636/2866/1449 2637/2865/1449 2643/2871/1449 2642/2872/1449
f 2637/2865/1450 2638/2867/1450 2644/2873/1450 2643/2871/1450
f 2638/2867/1451 2639/2868/1451 2645/2874/1451 2644/2873/1451
f 2639/2868/1452 2640/2869/1452 2646/2875/1452 2645/2874/1452
f 2640/2869/1453 2641/2870/1453 2647/2876/1453 2646/2875/1453
f 2642/2872/1454 2643/2871/1454 2688/2877/1454 2682/2878/1454
f 2643/2871/1455 2644/2873/1455 2694/2879/1455 2688/2877/1455
f 2644/2873/1456 2645/2874/1456 2700/2880/1456 2694/2879/1456
f 2645/2874/1457 2646/2875/1457 2706/2881/1457 2700/2880/1457
f 2646/2875/1458 2647/2876/1458 2648/2882/1458 2706/2881/1458
f 2617/2533/1459 2649/2883/1459 2655/2884/1459 2654/2885/1459
f 2649/2883/1460 2650/2886/1460 2656/2887/1460 2655/2884/1460
f 2650/2886/1461 2651/2888/1461 2657/2889/1461 2656/2887/1461
f 2651/2888/1462 2652/2890/1462 2658/2891/1462 2657/2889/1462
f 2652/2890/1463 2653/2892/1463 2659/2893/1463 2658/2891/1463
f 2654/2885/1464 2655/2884/1464 2661/2894/1464 2660/2895/1464
f 2655/2884/1465 2656/2887/1465 2662/2896/1465 2661/2894/1465
f 2656/2887/1466 2657/2889/1466 2663/2897/1466 2662/2896/1466
f 2657/2889/1467 2658/2891/1467 2664/2898/1467 2663/2897/1467
f 2658/2891/1468 2659/2893/1468 2665/2899/1468 2664/2898/1468
f 2660/2895/1469 2661/2894/1469 2667/2900/1469 2666/2901/1469
f 2661/2894/1470 2662/2896/1470 2668/2902/1470 2667/2900/1470
f 2662/2896/1471 2663/2897/1471 2669/2903/1471 2668/2902/1471
f 2663/2897/1472 2664/2898/1472 2670/2904/1472 2669/2903/1472
f 2664/2898/1473 2665/2899/1473 2671/2905/1473 2670/2904/1473
f 2666/2901/1474 2667/2900/1474 2673/2906/1474 2672/2907/1474
f 2667/2900/1475 2668/2902/1475 2674/2908/1475 2673/2906/1475
f 2668/2902/1476 2669/2903/1476 2675/2909/1476 2674/2908/1476
f 2669/2903/1477 2670/2904/1477 2676/2910/1477 2675/2909/1477
f 2670/2904/1478 2671/2905/1478 2677/2911/1478 2676/2910/1478
f 2672/2907/1479 2673/2906/1479 2629/2912/1479 2623/2913/1479
f 2673/2906/1480 2674/2908/1480 2635/2914/1480 2629/2912/1480
f 2674/2908/1481 2675/2909/1481 2641/2915/1481 2635/2914/1481
f 2675/2909/1482 2676/2910/1482 2647/2916/1482 2641/2915/1482
f 2676/2910/1483 2677/2911/1483 2648/2917/1483 2647/2916/1483
f 2618/2530/1484 2678/2918/1484 2684/2919/1484 2683/2920/1484
f 2678/2918/1485 2679/2921/1485 2685/2922/1485 2684/2919/1485
f 2679/2921/1486 2680/2923/1486 2686/2924/1486 2685/2922/1486
f 2680/2923/1487 2681/2925/1487 2687/2926/1487 2686/2924/1487
f 2681/2925/1488 2682/2927/1488 2688/2928/1488 2687/2926/1488
f 2683/2920/1489 2684/2919/1489 2690/2929/1489 2689/2930/1489
f 2684/2919/1490 2685/2922/1490 2691/2931/1490 2690/2929/1490
f 2685/2922/1491 2686/2924/1491 2692/2932/1491 2691/2931/1491
f 2686/2924/1492 2687/2926/1492 2693/2933/1492 2692/2932/1492
f 2687/2926/1493 2688/2928/1493 2694/2934/1493 2693/2933/1493
f 2689/2930/1494 2690/2929/1494 2696/2935/1494 2695/2936/1494
f 2690/2929/1495 2691/2931/1495 2697/2937/1495 2696/2935/1495
f 2691/2931/1496 2692/2932/1496 2698/2938/1496 2697/2937/1496
f 2692/2932/1497 2693/2933/1497 2699/2939/1497 2698/2938/1497
f 2693/2933/1498 2694/2934/1498 2700/2940/1498 2699/2939/1498
f 2695/2936/1499 2696/2935/1499 2702/2941/1499 2701/2942/1499
f 2696/2935/1500 2697/2937/1500 2703/2943/1500 2702/2941/1500
f 2697/2937/1501 2698/2938/1501 2704/2944/1501 2703/2943/1501
f 2698/2938/1502 2699/2939/1502 2705/2945/1502 2704/2944/1502
f 2699/2939/1503 2700/2940/1503 2706/2946/1503 2705/2945/1503
f 2701/2942/1504 2702/2941/1504 2659/2893/1504 2653/2892/1504
f 2702/2941/1505 2703/2943/1505 2665/2899/1505 2659/2893/1505
f 2703/2943/1506 2704/2944/1506 2671/2905/1506 2665/2899/1506
f 2704/2944/1507 2705/2945/1507 2677/2911/1507 2671/2905/1507
f 2705/2945/1508 2706/2946/1508 2648/2947/1508 2677/2911/1508
f 2707/2948/1509 2710/2949/1509 2716/2950/1509 2715/2951/1509
f 2710/2949/1510 2711/2952/1510 2717/2953/1510 2716/2950/1510
f 2711/2952/1511 2712/2954/1511 2718/2955/1511 2717/2953/1511
f 2712/2954/1512 2713/2956/1512 2719/2957/1512 2718/2955/1512
f 2713/2956/1513 2714/2958/1513 2720/2959/1513 2719/2957/1513
f 2715/2951/1514 2716/2950/1514 2722/2960/1514 2721/2961/1514
f 2716/2950/1515 2717/2953/1515 2723/2962/1515 2722/2960/1515
f 2717/2953/1516 2718/2955/1516 2724/2963/1516 2723/2962/1516
f 2718/2955/1517 2719/2957/1517 2725/2964/1517 2724/2963/1517
f 2719/2957/1518 2720/2959/1518 2726/2965/1518 2725/2964/1518
f 2721/2961/1519 2722/2960/1519 2728/2966/1519 2727/2967/1519
f 2722/2960/1520 2723/2962/1520 2729/2968/1520 2728/2966/1520
f 2723/2962/1521 2724/2963/1521 2730/2969/1521 2729/2968/1521
f 2724/2963/1522 2725/2964/1522 2731/2970/1522 2730/2969/1522
f 2725/2964/1523 2726/2965/1523 2732/2971/1523 2731/2970/1523
f 2727/2967/1524 2728/2966/1524 2734/2972/1524 2733/2973/1524
f 2728/2966/1525 2729/2968/1525 2735/2974/1525 2734/2972/1525
f 2729/2968/1526 2730/2969/1526 2736/2975/1526 2735/2974/1526
f 2730/2969/1527 2731/2970/1527 2737/2976/1527 2736/2975/1527
f 2731/2970/1528 2732/2971/1528 2738/2977/1528 2737/2976/1528
f 2733/2973/1529 2734/2972/1529 2779/2978/1529 2773/2979/1529
f 2734/2972/1530 2735/2974/1530 2785/2980/1530 2779/2978/1530
f 2735/2974/1531 2736/2975/1531 2791/2981/1531 2785/2980/1531
f 2736/2975/1532 2737/2976/1532 2797/2982/1532 2791/2981/1532
f 2737/2976/1533 2738/2977/1533 2739/2983/1533 2797/2982/1533
f 2708/2523/1534 2740/2984/1534 2746/2985/1534 2745/2986/1534
f 2740/2984/1535 2741/2987/1535 2747/2988/1535 2746/2985/1535
f 2741/2987/1536 2742/2989/1536 2748/2990/1536 2747/2988/1536
f 2742/2989/1537 2743/2991/1537 2749/2992/1537 2748/2990/1537
f 2743/2991/1538 2744/2993/1538 2750/2994/1538 2749/2992/1538
f 2745/2986/1539 2746/2985/1539 2752/2995/1539 2751/2996/1539
f 2746/2985/1540 2747/2988/1540 2753/2997/1540 2752/2995/1540
f 2747/2988/1541 2748/2990/1541 2754/2998/1541 2753/2997/1541
f 2748/2990/1542 2749/2992/1542 2755/2999/1542 2754/2998/1542
f 2749/2992/1543 2750/2994/1543 2756/3000/1543 2755/2999/1543
f 2751/2996/1544 2752/2995/1544 2758/3001/1544 2757/3002/1544
f 2752/2995/1545 2753/2997/1545 2759/3003/1545 2758/3001/1545
f 2753/2997/1546 2754/2998/1546 2760/3004/1546 2759/3003/1546
f 2754/2998/1547 2755/2999/1547 2761/3005/1547 2760/3004/1547
f 2755/2999/1548 2756/3000/1548 2762/3006/1548 2761/3005/1548
f 2757/3002/1549 2758/3001/1549 2764/3007/1549 2763/3008/1549
f 2758/3001/1550 2759/3003/1550 2765/3009/1550 2764/3007/1550
f 2759/3003/1551 2760/3004/1551 2766/3010/1551 2765/3009/1551
f 2760/3004/1552 2761/3005/1552 2767/3011/1552 2766/3010/1552
f 2761/3005/1553 2762/3006/1553 2768/3012/1553 2767/3011/1553
f 2763/3008/1554 2764/3007/1554 2720/2959/1554 2714/2958/1554
f 2764/3007/1555 2765/3009/1555 2726/2965/1555 2720/2959/1555
f 2765/3009/1556 2766/3010/1556 2732/2971/1556 2726/2965/1556
f 2766/3010/1557 2767/3011/1557 2738/2977/1557 2732/2971/1557
f 2767/3011/1558 2768/3012/1558 2739/2983/1558 2738/2977/1558
f 2709/2516/1559 2769/3013/1559 2775/3014/1559 2774/3015/1559
f 2769/3013/1560 2770/3016/1560 2776/3017/1560 2775/3014/1560
f 2770/3016/1561 2771/3018/1561 2777/3019/1561 2776/3017/1561
f 2771/3018/1562 2772/3020/1562 2778/3021/1562 2777/3019/1562
f 2772/3020/1563 2773/3022/1563 2779/3023/1563 2778/3021/1563
f 2774/3015/1564 2775/3014/1564 2781/3024/1564 2780/3025/1564
f 2775/3014/1565 2776/3017/1565 2782/3026/1565 2781/3024/1565
f 2776/3017/1566 2777/3019/1566 2783/3027/1566 2782/3026/1566
f 2777/3019/1567 2778/3021/1567 2784/3028/1567 2783/3027/1567
f 2778/3021/1568 2779/3023/1568 2785/3029/1568 2784/3028/1568
f 2780/3025/1569 2781/3024/1569 2787/3030/1569 2786/3031/1569
f 2781/3024/1570 2782/3026/1570 2788/3032/1570 2787/3030/1570
f 2782/3026/1571 2783/3027/1571 2789/3033/1571 2788/3032/1571
f 2783/3027/1572 2784/3028/1572 2790/3034/1572 2789/3033/1572
f 2784/3028/1573 2785/3029/1573 2791/3035/1573 2790/3034/1573
f 2786/3031/1574 2787/3030/1574 2793/3036/1574 2792/3037/1574
f 2787/3030/1575 2788/3032/1575 2794/3038/1575 2793/3036/1575
f 2788/3032/1576 2789/3033/1576 2795/3039/1576 2794/3038/1576
f 2789/3033/1577 2790/3034/1577 2796/3040/1577 2795/3039/1577
f 2790/3034/1578 2791/3035/1578 2797/3041/1578 2796/3040/1578
f 2792/3037/1579 2793/3036/1579 2750/2994/1579 2744/2993/1579
f 2793/3036/1580 2794/3038/1580 2756/3000/1580 2750/2994/1580
f 2794/3038/1581 2795/3039/1581 2762/3006/1581 2756/3000/1581
f 2795/3039/1582 2796/3040/1582 2768/3012/1582 2762/3006/1582
f 2796/3040/1583 2797/3041/1583 2739/2983/1583 2768/3012/1583
f 2798/2527/1584 2801/3042/1584 2807/3043/1584 2806/3044/1584
f 2801/3042/1585 2802/3045/1585 2808/3046/1585 2807/3043/1585
f 2802/3045/1586 2803/3047/1586 2809/3048/1586 2808/3046/1586
f 2803/3047/1587 2804/3049/1587 2810/3050/1587 2809/3048/1587
f 2804/3049/1588 2805/3051/1588 2811/3052/1588 2810/3050/1588
f 2806/3044/1589 2807/3043/1589 2813/3053/1589 2812/3054/1589
f 2807/3043/1590 2808/3046/1590 2814/3055/1590 2813/3053/1590
f 2808/3046/1591 2809/3048/1591 2815/3056/1591 2814/3055/1591
f 2809/3048/1592 2810/3050/1592 2816/3057/1592 2815/3056/1592
f 2810/3050/1593 2811/3052/1593 2817/3058/1593 2816/3057/1593
f 2812/3054/1594 2813/3053/1594 2819/3059/1594 2818/3060/1594
f 2813/3053/1595 2814/3055/1595 2820/3061/1595 2819/3059/1595
f 2814/3055/1596 2815/3056/1596 2821/3062/1596 2820/3061/1596
f 2815/3056/1597 2816/3057/1597 2822/3063/1597 2821/3062/1597
f 2816/3057/1598 2817/3058/1598 2823/3064/1598 2822/3063/1598
f 2818/3060/1599 2819/3059/1599 2825/3065/1599 2824/3066/1599
f 2819/3059/1600 2820/3061/1600 2826/3067/1600 2825/3065/1600
f 2820/3061/1601 2821/3062/1601 2827/3068/1601 2826/3067/1601
f 2821/3062/1602 2822/3063/1602 2828/3069/1602 2827/3068/1602
f 2822/3063/1603 2823/3064/1603 2829/3070/1603 2828/3069/1603
f 2824/3066/1604 2825/3065/1604 2870/3071/1604 2864/3072/1604
f 2825/3065/1605 2826/3067/1605 2876/3073/1605 2870/3071/1605
f 2826/3067/1606 2827/3068/1606 2882/3074/1606 2876/3073/1606
f 2827/3068/1607 2828/3069/1607 2888/3075/1607 2882/3074/1607
f 2828/3069/1608 2829/3070/1608 2830/3076/1608 2888/3075/1608
f 2799/2517/1609 2831/3077/1609 2837/3078/1609 2836/3079/1609
f 2831/3077/1610 2832/3080/1610 2838/3081/1610 2837/3078/1610
f 2832/3080/1611 2833/3082/1611 2839/3083/1611 2838/3081/1611
f 2833/3082/1612 2834/3084/1612 2840/3085/1612 2839/3083/1612
f 2834/3084/1613 2835/3086/1613 2841/3087/1613 2840/3085/1613
f 2836/3079/1614 2837/3078/1614 2843/3088/1614 2842/3089/1614
f 2837/3078/1615 2838/3081/1615 2844/3090/1615 2843/3088/1615
f 2838/3081/1616 2839/3083/1616 2845/3091/1616 2844/3090/1616
f 2839/3083/1617 2840/3085/1617 2846/3092/1617 2845/3091/1617
f 2840/3085/1618 2841/3087/1618 2847/3093/1618 2846/3092/1618
f 2842/3089/1619 2843/3088/1619 2849/3094/1619 2848/3095/1619
f 2843/3088/1620 2844/3090/1620 2850/3096/1620 2849/3094/1620
f 2844/3090/1621 2845/3091/1621 2851/3097/1621 2850/3096/1621
f 2845/3091/1622 2846/3092/1622 2852/3098/1622 2851/3097/1622
f 2846/3092/1623 2847/3093/1623 2853/3099/1623 2852/3098/1623
f 2848/3095/1624 2849/3094/1624 2855/3100/1624 2854/3101/1624
f 2849/3094/1625 2850/3096/1625 2856/3102/1625 2855/3100/1625
f 2850/3096/1626 2851/3097/1626 2857/3103/1626 2856/3102/1626
f 2851/3097/1627 2852/3098/1627 2858/3104/1627 2857/3103/1627
f 2852/3098/1628 2853/3099/1628 2859/3105/1628 2858/3104/1628
f 2854/3101/1629 2855/3100/1629 2811/3106/1629 2805/3107/1629
f 2855/3100/1630 2856/3102/1630 2817/3108/1630 2811/3106/1630
f 2856/3102/1631 2857/3103/1631 2823/3109/1631 2817/3108/1631
f 2857/3103/1632 2858/3104/1632 2829/3110/1632 2823/3109/1632
f 2858/3104/1633 2859/3105/1633 2830/3076/1633 2829/3110/1633
f 2800/2522/1634 2860/3111/1634 2866/3112/1634 2865/3113/1634
f 2860/3111/1635 2861/3114/1635 2867/3115/1635 2866/3112/1635
f 2861/3114/1636 2862/3116/1636 2868/3117/1636 2867/3115/1636
f 2862/3116/1637 2863/3118/1637 2869/3119/1637 2868/3117/1637
f 2863/3118/1638 2864/3072/1638 2870/3071/1638 2869/3119/1638
f 2865/3113/1639 2866/3112/1639 2872/3120/1639 2871/3121/1639
f 2866/3112/1640 2867/3115/1640 2873/3122/1640 2872/3120/1640
f 2867/3115/1641 2868/3117/1641 2874/3123/1641 2873/3122/1641
f 2868/3117/1642 2869/3119/1642 2875/3124/1642 2874/3123/1642
f 2869/3119/1643 2870/3071/1643 2876/3073/1643 2875/3124/1643
f 2871/3121/1644 2872/3120/1644 2878/3125/1644 2877/3126/1644
f 2872/3120/1645 2873/3122/1645 2879/3127/1645 2878/3125/1645
f 2873/3122/1646 2874/3123/1646 2880/3128/1646 2879/3127/1646
f 2874/3123/1647 2875/3124/1647 2881/3129/1647 2880/3128/1647
f 2875/3124/1648 2876/3073/1648 2882/3074/1648 2881/3129/1648
f 2877/3126/1649 2878/3125/1649 2884/3130/1649 2883/3131/1649
f 2878/3125/1650 2879/3127/1650 2885/3132/1650 2884/3130/1650
f 2879/3127/1651 2880/3128/1651 2886/3133/1651 2885/3132/1651
f 2880/3128/1652 2881/3129/1652 2887/3134/1652 2886/3133/1652
f 2881/3129/1653 2882/3074/1653 2888/3075/1653 2887/3134/1653
f 2883/3131/1654 2884/3130/1654 2841/3087/1654 2835/3086/1654
f 2884/3130/1655 2885/3132/1655 2847/3093/1655 2841/3087/1655
f 2885/3132/1656 2886/3133/1656 2853/3099/1656 2847/3093/1656
f 2886/3133/1657 2887/3134/1657 2859/3105/1657 2853/3099/1657
f 2887/3134/1658 2888/3075/1658 2830/3076/1658 2859/3105/1658
f 2889/3135/1659 2892/3136/1659 2898/3137/1659 2897/3138/1659
f 2892/3136/1660 2893/3139/1660 2899/3140/1660 2898/3137/1660
f 2893/3139/1661 2894/3141/1661 2900/3142/1661 2899/3140/1661
f 2894/3141/1662 2895/3143/1662 2901/3144/1662 2900/3142/1662
f 2895/3143/1663 2896/3145/1663 2902/3146/1663 2901/3144/1663
f 2897/3138/1664 2898/3137/1664 2904/3147/1664 2903/3148/1664
f 2898/3137/1665 2899/3140/1665 2905/3149/1665 2904/3147/1665
f 2899/3140/1666 2900/3142/1666 2906/3150/1666 2905/3149/1666
f 2900/3142/1667 2901/3144/1667 2907/3151/1667 2906/3150/1667
f 2901/3144/1668 2902/3146/1668 2908/3152/1668 2907/3151/1668
f 2903/3148/1669 2904/3147/1669 2910/3153/1669 2909/3154/1669
f 2904/3147/1670 2905/3149/1670 2911/3155/1670 2910/3153/1670
f 2905/3149/1671 2906/3150/1671 2912/3156/1671 2911/3155/1671
f 2906/3150/1672 2907/3151/1672 2913/3157/1672 2912/3156/1672
f 2907/3151/1673 2908/3152/1673 2914/3158/1673 2913/3157/1673
f 2909/3154/1674 2910/3153/1674 2916/3159/1674 2915/3160/1674
f 2910/3153/1675 2911/3155/1675 2917/3161/1675 2916/3159/1675
f 2911/3155/1676 2912/3156/1676 2918/3162/1676 2917/3161/1676
f 2912/3156/1677 2913/3157/1677 2919/3163/1677 2918/3162/1677
f 2913/3157/1678 2914/3158/1678 2920/3164/1678 2919/3163/1678
f 2915/3160/1679 2916/3159/1679 2961/3165/1679 2955/3166/1679
f 2916/3159/1680 2917/3161/1680 2967/3167/1680 2961/3165/1680
f 2917/3161/1681 2918/3162/1681 2973/3168/1681 2967/3167/1681
f 2918/3162/1682 2919/3163/1682 2979/3169/1682 2973/3168/1682
f 2919/3163/1683 2920/3164/1683 2921/3170/1683 2979/3169/1683
f 2890/2535/1684 2922/3171/1684 2928/3172/1684 2927/3173/1684
f 2922/3171/1685 2923/3174/1685 2929/3175/1685 2928/3172/1685
f 2923/3174/1686 2924/3176/1686 2930/3177/1686 2929/3175/1686
f 2924/3176/1687 2925/3178/1687 2931/3179/1687 2930/3177/1687
f 2925/3178/1688 2926/3180/1688 2932/3181/1688 2931/3179/1688
f 2927/3173/1689 2928/3172/1689 2934/3182/1689 2933/3183/1689
f 2928/3172/1690 2929/3175/1690 2935/3184/1690 2934/3182/1690
f 2929/3175/1691 2930/3177/1691 2936/3185/1691 2935/3184/1691
f 2930/3177/1692 2931/3179/1692 2937/3186/1692 2936/3185/1692
f 2931/3179/1693 2932/3181/1693 2938/3187/1693 2937/3186/1693
f 2933/3183/1694 2934/3182/1694 2940/3188/1694 2939/3189/1694
f 2934/3182/1695 2935/3184/1695 2941/3190/1695 2940/3188/1695
f 2935/3184/1696 2936/3185/1696 2942/3191/1696 2941/3190/1696
f 2936/3185/1697 2937/3186/1697 2943/3192/1697 2942/3191/1697
f 2937/3186/1698 2938/3187/1698 2944/3193/1698 2943/3192/1698
f 2939/3189/1699 2940/3188/1699 2946/3194/1699 2945/3195/1699
f 2940/3188/1700 2941/3190/1700 2947/3196/1700 2946/3194/1700
f 2941/3190/1701 2942/3191/1701 2948/3197/1701 2947/3196/1701
f 2942/3191/1702 2943/3192/1702 2949/3198/1702 2948/3197/1702
f 2943/3192/1703 2944/3193/1703 2950/3199/1703 2949/3198/1703
f 2945/3195/1704 2946/3194/1704 2902/3200/1704 2896/3201/1704
f 2946/3194/1705 2947/3196/1705 2908/3202/1705 2902/3200/1705
f 2947/3196/1706 2948/3197/1706 2914/3203/1706 2908/3202/1706
f 2948/3197/1707 2949/3198/1707 2920/3204/1707 2914/3203/1707
f 2949/3198/1708 2950/3199/1708 2921/3170/1708 2920/3204/1708
f 2891/2520/1709 2951/3205/1709 2957/3206/1709 2956/3207/1709
f 2951/3205/1710 2952/3208/1710 2958/3209/1710 2957/3206/1710
f 2952/3208/1711 2953/3210/1711 2959/3211/1711 2958/3209/1711
f 2953/3210/1712 2954/3212/1712 2960/3213/1712 2959/3211/1712
f 2954/3212/1713 2955/3166/1713 2961/3165/1713 2960/3213/1713
f 2956/3207/1714 2957/3206/1714 2963/3214/1714 2962/3215/1714
f 2957/3206/1715 2958/3209/1715 2964/3216/1715 2963/3214/1715
f 2958/3209/1716 2959/3211/1716 2965/3217/1716 2964/3216/1716
f 2959/3211/1717 2960/3213/1717 2966/3218/1717 2965/3217/1717
f 2960/3213/1718 2961/3165/1718 2967/3167/1718 2966/3218/1718
f 2962/3215/1719 2963/3214/1719 2969/3219/1719 2968/3220/1719
f 2963/3214/1720 2964/3216/1720 2970/3221/1720 2969/3219/1720
f 2964/3216/1721 2965/3217/1721 2971/3222/1721 2970/3221/1721
f 2965/3217/1722 2966/3218/1722 2972/3223/1722 2971/3222/1722
f 2966/3218/1723 2967/3167/1723 2973/3168/1723 2972/3223/1723
f 2968/3220/1724 2969/3219/1724 2975/3224/1724 2974/3225/1724
f 2969/3219/1725 2970/3221/1725 2976/3226/1725 2975/3224/1725
f 2970/3221/1726 2971/3222/1726 2977/3227/1726 2976/3226/1726
f 2971/3222/1727 2972/3223/1727 2978/3228/1727 2977/3227/1727
f 2972/3223/1728 2973/3168/1728 2979/3169/1728 2978/3228/1728
f 2974/3225/1729 2975/3224/1729 2932/3181/1729 2926/3180/1729
f 2975/3224/1730 2976/3226/1730 2938/3187/1730 2932/3181/1730
f 2976/3226/1731 2977/3227/1731 2944/3193/1731 2938/3187/1731
f 2977/3227/1732 2978/3228/1732 2950/3199/1732 2944/3193/1732
f 2978/3228/1733 2979/3169/1733 2921/3170/1733 2950/3199/1733
f 2980/2524/1734 2983/3229/1734 2989/3230/1734 2988/3231/1734
f 2983/3229/1735 2984/3232/1735 2990/3233/1735 2989/3230/1735
f 2984/3232/1736 2985/3234/1736 2991/3235/1736 2990/3233/1736
f 2985/3234/1737 2986/3236/1737 2992/3237/1737 2991/3235/1737
f 2986/3236/1738 2987/3238/1738 2993/3239/1738 2992/3237/1738
f 2988/3231/1739 2989/3230/1739 2995/3240/1739 2994/3241/1739
f 2989/3230/1740 2990/3233/1740 2996/3242/1740 2995/3240/1740
f 2990/3233/1741 2991/3235/1741 2997/3243/1741 2996/3242/1741
f 2991/3235/1742 2992/3237/1742 2998/3244/1742 2997/3243/1742
f 2992/3237/1743 2993/3239/1743 2999/3245/1743 2998/3244/1743
f 2994/3241/1744 2995/3240/1744 3001/3246/1744 3000/3247/1744
f 2995/3240/1745 2996/3242/1745 3002/3248/1745 3001/3246/1745
f 2996/3242/1746 2997/3243/1746 3003/3249/1746 3002/3248/1746
f 2997/3243/1747 2998/3244/1747 3004/3250/1747 3003/3249/1747
f 2998/3244/1748 2999/3245/1748 3005/3251/1748 3004/3250/1748
f 3000/3247/1749 3001/3246/1749 3007/3252/1749 3006/3253/1749
f 3001/3246/1750 3002/3248/1750 3008/3254/1750 3007/3252/1750
f 3002/3248/1751 3003/3249/1751 3009/3255/1751 3008/3254/1751
f 3003/3249/1752 3004/3250/1752 3010/3256/1752 3009/3255/1752
f 3004/3250/1753 3005/3251/1753 3011/3257/1753 3010/3256/1753
f 3006/3253/1754 3007/3252/1754 3052/3258/1754 3046/3259/1754
f 3007/3252/1755 3008/3254/1755 3058/3260/1755 3052/3258/1755
f 3008/3254/1756 3009/3255/1756 3064/3261/1756 3058/3260/1756
f 3009/3255/1757 3010/3256/1757 3070/3262/1757 3064/3261/1757
f 3010/3256/1758 3011/3257/1758 3012/3263/1758 3070/3262/1758
f 2981/2521/1759 3013/3264/1759 3019/3265/1759 3018/3266/1759
f 3013/3264/1760 3014/3267/1760 3020/3268/1760 3019/3265/1760
f 3014/3267/1761 3015/3269/1761 3021/3270/1761 3020/3268/1761
f 3015/3269/1762 3016/3271/1762 3022/3272/1762 3021/3270/1762
f 3016/3271/1763 3017/3273/1763 3023/3274/1763 3022/3272/1763
f 3018/3266/1764 3019/3265/1764 3025/3275/1764 3024/3276/1764
f 3019/3265/1765 3020/3268/1765 3026/3277/1765 3025/3275/1765
f 3020/3268/1766 3021/3270/1766 3027/3278/1766 3026/3277/1766
f 3021/3270/1767 3022/3272/1767 3028/3279/1767 3027/3278/1767
f 3022/3272/1768 3023/3274/1768 3029/3280/1768 3028/3279/1768
f 3024/3276/1769 3025/3275/1769 3031/3281/1769 3030/3282/1769
f 3025/3275/1770 3026/3277/1770 3032/3283/1770 3031/3281/1770
f 3026/3277/1771 3027/3278/1771 3033/3284/1771 3032/3283/1771
f 3027/3278/1772 3028/3279/1772 3034/3285/1772 3033/3284/1772
f 3028/3279/1773 3029/3280/1773 3035/3286/1773 3034/3285/1773
f 3030/3282/1774 3031/3281/1774 3037/3287/1774 3036/3288/1774
f 3031/3281/1775 3032/3283/1775 3038/3289/1775 3037/3287/1775
f 3032/3283/1776 3033/3284/1776 3039/3290/1776 3038/3289/1776
f 3033/3284/1777 3034/3285/1777 3040/3291/1777 3039/3290/1777
f 3034/3285/1778 3035/3286/1778 3041/3292/1778 3040/3291/1778
f 3036/3288/1779 3037/3287/1779 2993/3293/1779 2987/3238/1779
f 3037/3287/1780 3038/3289/1780 2999/3245/1780 2993/3293/1780
f 3038/3289/1781 3039/3290/1781 3005/3251/1781 2999/3245/1781
f 3039/3290/1782 3040/3291/1782 3011/3257/1782 3005/3251/1782
f 3040/3291/1783 3041/3292/1783 3012/3263/1783 3011/3257/1783
f 2982/2534/1784 3042/3294/1784 3048/3295/1784 3047/3296/1784
f 3042/3294/1785 3043/3297/1785 3049/3298/1785 3048/3295/1785
f 3043/3297/1786 3044/3299/1786 3050/3300/1786 3049/3298/1786
f 3044/3299/1787 3045/3301/1787 3051/3302/1787 3050/3300/1787
f 3045/3301/1788 3046/3303/1788 3052/3304/1788 3051/3302/1788
f 3047/3296/1789 3048/3295/1789 3054/3305/1789 3053/3306/1789
f 3048/3295/1790 3049/3298/1790 3055/3307/1790 3054/3305/1790
f 3049/3298/1791 3050/3300/1791 3056/3308/1791 3055/3307/1791
f 3050/3300/1792 3051/3302/1792 3057/3309/1792 3056/3308/1792
f 3051/3302/1793 3052/3304/1793 3058/3310/1793 3057/3309/1793
f 3053/3306/1794 3054/3305/1794 3060/3311/1794 3059/3312/1794
f 3054/3305/1795 3055/3307/1795 3061/3313/1795 3060/3311/1795
f 3055/3307/1796 3056/3308/1796 3062/3314/1796 3061/3313/1796
f 3056/3308/1797 3057/3309/1797 3063/3315/1797 3062/3314/1797
f 3057/3309/1798 3058/3310/1798 3064/3316/1798 3063/3315/1798
f 3059/3312/1799 3060/3311/1799 3066/3317/1799 3065/3318/1799
f 3060/3311/1800 3061/3313/1800 3067/3319/1800 3066/3317/1800
f 3061/3313/1801 3062/3314/1801 3068/3320/1801 3067/3319/1801
f 3062/3314/1802 3063/3315/1802 3069/3321/1802 3068/3320/1802
f 3063/3315/1803 3064/3316/1803 3070/3322/1803 3069/3321/1803
f 3065/3318/1804 3066/3317/1804 3023/3274/1804 3017/3273/1804
f 3066/3317/1805 3067/3319/1805 3029/3280/1805 3023/3274/1805
f 3067/3319/1806 3068/3320/1806 3035/3286/1806 3029/3280/1806
f 3068/3320/1807 3069/3321/1807 3041/3292/1807 3035/3286/1807
f 3069/3321/1808 3070/3322/1808 3012/3263/1808 3041/3292/1808
f 2525/2747/1809 2343/2536/1809 2351/2539/1809 2528/2748/1809
f 2528/2748/1810 2351/2539/1810 2357/2549/1810 2529/2751/1810
f 2529/2751/1811 2357/2549/1811 2363/2555/1811 2530/2753/1811
f 2530/2753/1812 2363/2555/1812 2369/2561/1812 2531/2755/1812
f 2531/2755/1813 2369/2561/1813 2409/2567/1813 2532/2757/1813
f 2532/2813/1814 2409/2616/1814 2408/2614/1814 2581/2807/1814
f 2581/2807/1815 2408/2614/1815 2407/2612/1815 2575/2801/1815
f 2575/2801/1816 2407/2612/1816 2406/2610/1816 2569/2795/1816
f 2569/2795/1817 2406/2610/1817 2405/2607/1817 2563/2785/1817
f 2563/2785/1818 2405/2607/1818 2345/2528/1818 2526/2531/1818
f 2344/2519/1819 2434/2518/1819 2442/2644/1819 2376/2572/1819
f 2376/2572/1820 2442/2644/1820 2448/2654/1820 2377/2575/1820
f 2377/2575/1821 2448/2654/1821 2454/2660/1821 2378/2577/1821
f 2378/2577/1822 2454/2660/1822 2460/2666/1822 2379/2579/1822
f 2379/2579/1823 2460/2666/1823 2500/2672/1823 2380/2581/1823
f 2380/2637/1824 2500/2721/1824 2499/2719/1824 2428/2631/1824
f 2428/2631/1825 2499/2719/1825 2498/2717/1825 2422/2625/1825
f 2422/2625/1826 2498/2717/1826 2497/2715/1826 2416/2619/1826
f 2416/2619/1827 2497/2715/1827 2496/2712/1827 2410/2609/1827
f 2410/2609/1828 2496/2712/1828 2436/2529/1828 2345/2528/1828
f 2435/2526/1829 2616/2525/1829 2624/2850/1829 2467/2677/1829
f 2467/2677/1830 2624/2850/1830 2630/2860/1830 2468/2680/1830
f 2468/2680/1831 2630/2860/1831 2636/2866/1831 2469/2682/1831
f 2469/2682/1832 2636/2866/1832 2642/2872/1832 2470/2684/1832
f 2470/2684/1833 2642/2872/1833 2682/2878/1833 2471/2686/1833
f 2471/2742/1834 2682/2927/1834 2681/2925/1834 2519/2736/1834
f 2519/2736/1835 2681/2925/1835 2680/2923/1835 2513/2730/1835
f 2513/2730/1836 2680/2923/1836 2679/2921/1836 2507/2724/1836
f 2507/2724/1837 2679/2921/1837 2678/2918/1837 2501/2714/1837
f 2501/2714/1838 2678/2918/1838 2618/2530/1838 2436/2529/1838
f 2617/2533/1839 2527/2532/1839 2592/2820/1839 2649/2883/1839
f 2649/2883/1840 2592/2820/1840 2598/2830/1840 2650/2886/1840
f 2650/2886/1841 2598/2830/1841 2604/2836/1841 2651/2888/1841
f 2651/2888/1842 2604/2836/1842 2610/2842/1842 2652/2890/1842
f 2652/2890/1843 2610/2842/1843 2562/2792/1843 2653/2892/1843
f 2653/2892/1844 2562/2792/1844 2561/2790/1844 2701/2942/1844
f 2701/2942/1845 2561/2790/1845 2560/2788/1845 2695/2936/1845
f 2695/2936/1846 2560/2788/1846 2559/2786/1846 2689/2930/1846
f 2689/2930/1847 2559/2786/1847 2558/2783/1847 2683/2920/1847
f 2683/2920/1848 2558/2783/1848 2526/2531/1848 2618/2530/1848
f 2889/3135/1849 2525/2747/1849 2533/2750/1849 2892/3136/1849
f 2892/3136/1850 2533/2750/1850 2539/2760/1850 2893/3139/1850
f 2893/3139/1851 2539/2760/1851 2545/2766/1851 2894/3141/1851
f 2894/3141/1852 2545/2766/1852 2551/2772/1852 2895/3143/1852
f 2895/3143/1853 2551/2772/1853 2591/2778/1853 2896/3145/1853
f 2896/3201/1854 2591/2827/1854 2590/2825/1854 2945/3195/1854
f 2945/3195/1855 2590/2825/1855 2589/2823/1855 2939/3189/1855
f 2939/3189/1856 2589/2823/1856 2588/2821/1856 2933/3183/1856
f 2933/3183/1857 2588/2821/1857 2587/2818/1857 2927/3173/1857
f 2927/3173/1858 2587/2818/1858 2527/2532/1858 2890/2535/1858
f 2616/2525/1859 2980/2524/1859 2988/3231/1859 2619/2848/1859
f 2619/2848/1860 2988/3231/1860 2994/3241/1860 2620/2851/1860
f 2620/2851/1861 2994/3241/1861 3000/3247/1861 2621/2853/1861
f 2621/2853/1862 3000/3247/1862 3006/3253/1862 2622/2855/1862
f 2622/2855/1863 3006/3253/1863 3046/3259/1863 2623/2857/1863
f 2623/2913/1864 3046/3303/1864 3045/3301/1864 2672/2907/1864
f 2672/2907/1865 3045/3301/1865 3044/3299/1865 2666/2901/1865
f 2666/2901/1866 3044/3299/1866 3043/3297/1866 2660/2895/1866
f 2660/2895/1867 3043/3297/1867 3042/3294/1867 2654/2885/1867
f 2654/2885/1868 3042/3294/1868 2982/2534/1868 2617/2533/1868
f 2981/2521/1869 2891/2520/1869 2956/3207/1869 3013/3264/1869
f 3013/3264/1870 2956/3207/1870 2962/3215/1870 3014/3267/1870
f 3014/3267/1871 2962/3215/1871 2968/3220/1871 3015/3269/1871
f 3015/3269/1872 2968/3220/1872 2974/3225/1872 3016/3271/1872
f 3016/3271/1873 2974/3225/1873 2926/3180/1873 3017/3273/1873
f 3017/3273/1874 2926/3180/1874 2925/3178/1874 3065/3318/1874
f 3065/3318/1875 2925/3178/1875 2924/3176/1875 3059/3312/1875
f 3059/3312/1876 2924/3176/1876 2923/3174/1876 3053/3306/1876
f 3053/3306/1877 2923/3174/1877 2922/3171/1877 3047/3296/1877
f 3047/3296/1878 2922/3171/1878 2890/2535/1878 2982/2534/1878
f 2707/2948/1879 2889/3135/1879 2897/3138/1879 2710/2949/1879
f 2710/2949/1880 2897/3138/1880 2903/3148/1880 2711/2952/1880
f 2711/2952/1881 2903/3148/1881 2909/3154/1881 2712/2954/1881
f 2712/2954/1882 2909/3154/1882 2915/3160/1882 2713/2956/1882
f 2713/2956/1883 2915/3160/1883 2955/3166/1883 2714/2958/1883
f 2714/2958/1884 2955/3166/1884 2954/3212/1884 2763/3008/1884
f 2763/3008/1885 2954/3212/1885 2953/3210/1885 2757/3002/1885
f 2757/3002/1886 2953/3210/1886 2952/3208/1886 2751/2996/1886
f 2751/2996/1887 2952/3208/1887 2951/3205/1887 2745/2986/1887
f 2745/2986/1888 2951/3205/1888 2891/2520/1888 2708/2523/1888
f 2980/2524/1889 2798/2527/1889 2806/3044/1889 2983/3229/1889
f 2983/3229/1890 2806/3044/1890 2812/3054/1890 2984/3232/1890
f 2984/3232/1891 2812/3054/1891 2818/3060/1891 2985/3234/1891
f 2985/3234/1892 2818/3060/1892 2824/3066/1892 2986/3236/1892
f 2986/3236/1893 2824/3066/1893 2864/3072/1893 2987/3238/1893
f 2987/3238/1894 2864/3072/1894 2863/3118/1894 3036/3288/1894
f 3036/3288/1895 2863/3118/1895 2862/3116/1895 3030/3282/1895
f 3030/3282/1896 2862/3116/1896 2861/3114/1896 3024/3276/1896
f 3024/3276/1897 2861/3114/1897 2860/3111/1897 3018/3266/1897
f 3018/3266/1898 2860/3111/1898 2800/2522/1898 2981/2521/1898
f 2799/2517/1899 2709/2516/1899 2774/3015/1899 2831/3077/1899
f 2831/3077/1900 2774/3015/1900 2780/3025/1900 2832/3080/1900
f 2832/3080/1901 2780/3025/1901 2786/3031/1901 2833/3082/1901
f 2833/3082/1902 2786/3031/1902 2792/3037/1902 2834/3084/1902
f 2834/3084/1903 2792/3037/1903 2744/2993/1903 2835/3086/1903
f 2835/3086/1904 2744/2993/1904 2743/2991/1904 2883/3131/1904
f 2883/3131/1905 2743/2991/1905 2742/2989/1905 2877/3126/1905
f 2877/3126/1906 2742/2989/1906 2741/2987/1906 2871/3121/1906
f 2871/3121/1907 2741/2987/1907 2740/2984/1907 2865/3113/1907
f 2865/3113/1908 2740/2984/1908 2708/2523/1908 2800/2522/1908
f 2343/2536/1909 2707/2948/1909 2715/2951/1909 2346/2537/1909
f 2346/2537/1910 2715/2951/1910 2721/2961/1910 2347/2540/1910
f 2347/2540/1911 2721/2961/1911 2727/2967/1911 2348/2542/1911
f 2348/2542/1912 2727/2967/1912 2733/2973/1912 2349/2544/1912
f 2349/2544/1913 2733/2973/1913 2773/2979/1913 2350/2546/1913
f 2350/2602/1914 2773/3022/1914 2772/3020/1914 2399/2596/1914
f 2399/2596/1915 2772/3020/1915 2771/3018/1915 2393/2590/1915
f 2393/2590/1916 2771/3018/1916 2770/3016/1916 2387/2584/1916
f 2387/2584/1917 2770/3016/1917 2769/3013/1917 2381/2574/1917
f 2381/2574/1918 2769/3013/1918 2709/2516/1918 2344/2519/1918
f 2798/2527/1919 2435/2526/1919 2472/2679/1919 2801/3042/1919
f 2801/3042/1920 2472/2679/1920 2478/2689/1920 2802/3045/1920
f 2802/3045/1921 2478/2689/1921 2484/2695/1921 2803/3047/1921
f 2803/3047/1922 2484/2695/1922 2490/2701/1922 2804/3049/1922
f 2804/3049/1923 2490/2701/1923 2441/2707/1923 2805/3051/1923
f 2805/3107/1924 2441/2651/1924 2440/2649/1924 2854/3101/1924
f 2854/3101/1925 2440/2649/1925 2439/2647/1925 2848/3095/1925
f 2848/3095/1926 2439/2647/1926 2438/2645/1926 2842/3089/1926
f 2842/3089/1927 2438/2645/1927 2437/2642/1927 2836/3079/1927
f 2836/3079/1928 2437/2642/1928 2434/2518/1928 2799/2517/1928
f 2525/2747/1929 2889/3135/1929 2707/2948/1929 2343/2536/1929
o Cube.002
v -2.035424 0.900000 1.554378
v -2.035424 0.911000 1.746492
v -2.145424 0.911000 1.554378
v -2.035424 1.089000 1.746492
v -2.035424 1.100000 1.554378
v -2.145424 1.089000 1.554378
v -2.035424 0.900000 -1.554378
v -2.145424 0.911000 -1.554378
v -2.035424 0.911000 -1.746492
v -2.035424 1.100000 -1.554378
v -2.035424 1.089000 -1.746492
v -2.145424 1.089000 -1.554378
v -0.255424 0.900000 1.554378
v -0.145424 0.911000 1.554378
v -0.255424 0.911000 1.746492
v -0.255424 1.100000 1.554378
v -0.255424 1.089000 1.746492
v -0.145424 1.089000 1.554378
v -0.255424 0.900000 -1.554378
v -0.255424 0.911000 -1.746492
v -0.145424 0.911000 -1.554378
v -0.255424 1.100000 -1.554378
v -0.145424 1.089000 -1.554378
v -0.255424 1.089000 -1.746492
vn -0.0000 -0.0000 1.0000
vn 1.0000 -0.0000 -0.0000
vn -0.0000 1.0000 -0.0000
vn -1.0000 -0.0000 -0.0000
vn -0.0000 -0.0000 -1.0000
vn -0.0993 -0.9934 0.0569
vn -0.0993 0.9934 0.0569
vn -0.0993 -0.9934 -0.0569
vn -0.0993 0.9934 -0.0569
vn 0.0993 -0.9934 0.0569
vn 0.0993 0.9934 0.0569
vn 0.0993 -0.9934 -0.0569
vn 0.0993 0.9934 -0.0569
vn -0.0995 -0.9950 -0.0000
vn -0.8678 -0.0000 0.4969
vn -0.0995 0.9950 -0.0000
vn -0.8678 -0.0000 -0.4969
vn -0.0000 -0.9984 -0.0572
vn -0.0000 0.9984 -0.0572
vn 0.8678 -0.0000 -0.4969
vn 0.0995 -0.9950 -0.0000
vn 0.0995 0.9950 -0.0000
vn 0.8678 -0.0000 0.4969
vn -0.0000 -0.9984 0.0572
vn -0.0000 0.9984 0.0572
vn -0.0000 -1.0000 -0.0000
vt 0.388750 0.763750
vt 0.611250 0.763750
vt 0.611250 0.986250
vt 0.388750 0.986250
vt 0.388750 0.513750
vt 0.611250 0.513750
vt 0.611250 0.736250
vt 0.388750 0.736250
vt 0.638750 0.513750
vt 0.861250 0.513750
vt 0.861250 0.736250
vt 0.638750 0.736250
vt 0.388750 0.013750
vt 0.611250 0.013750
vt 0.611250 0.236250
vt 0.388750 0.236250
vt 0.388750 0.263750
vt 0.611250 0.263750
vt 0.611250 0.486250
vt 0.388750 0.486250
vt 0.138750 0.736250
vt 0.138750 0.750000
vt 0.125000 0.736250
vt 0.611250 0.000000
vt 0.625000 0.013750
vt 0.138750 0.513750
vt 0.125000 0.513750
vt 0.138750 0.500000
vt 0.625000 0.236250
vt 0.611250 0.250000
vt 0.361250 0.736250
vt 0.375000 0.736250
vt 0.361250 0.750000
vt 0.625000 0.763750
vt 0.611250 0.750000
vt 0.361250 0.513750
vt 0.361250 0.500000
vt 0.375000 0.513750
vt 0.625000 0.486250
vt 0.611250 0.500000
vt 0.388750 0.000000
vt 0.625000 0.263750
vt 0.625000 0.986250
s 0
f 3085/3323/1930 3087/3324/1930 3074/3325/1930 3072/3326/1930
f 3091/3327/1931 3093/3328/1931 3088/3329/1931 3084/3330/1931
f 3092/3331/1932 3080/3332/1932 3075/3333/1932 3086/3334/1932
f 3073/3335/1933 3076/3336/1933 3082/3337/1933 3078/3338/1933
f 3079/3339/1934 3081/3340/1934 3094/3341/1934 3090/3342/1934
f 3071/3343/1935 3072/3344/1935 3073/3345/1935
f 3074/3346/1936 3075/3347/1936 3076/3336/1936
f 3077/3348/1937 3078/3349/1937 3079/3350/1937
f 3080/3351/1938 3081/3352/1938 3082/3337/1938
f 3083/3353/1939 3084/3354/1939 3085/3355/1939
f 3086/3356/1940 3087/3324/1940 3088/3357/1940
f 3089/3358/1941 3090/3359/1941 3091/3360/1941
f 3092/3361/1942 3093/3362/1942 3094/3341/1942
f 3077/3348/1943 3071/3343/1943 3073/3345/1943 3078/3349/1943
f 3072/3363/1944 3074/3346/1944 3076/3336/1944 3073/3335/1944
f 3075/3347/1945 3080/3351/1945 3082/3337/1945 3076/3336/1945
f 3081/3340/1946 3079/3339/1946 3078/3338/1946 3082/3337/1946
f 3089/3358/1947 3077/3348/1947 3079/3350/1947 3090/3359/1947
f 3080/3364/1948 3092/3361/1948 3094/3341/1948 3081/3340/1948
f 3093/3328/1949 3091/3327/1949 3090/3342/1949 3094/3341/1949
f 3083/3353/1950 3089/3358/1950 3091/3327/1950 3084/3330/1950
f 3092/3331/1951 3086/3334/1951 3088/3329/1951 3093/3328/1951
f 3087/3324/1952 3085/3323/1952 3084/3330/1952 3088/3329/1952
f 3071/3343/1953 3083/3353/1953 3085/3355/1953 3072/3344/1953
f 3086/3356/1954 3075/3365/1954 3074/3325/1954 3087/3324/1954
f 3077/3348/1955 3089/3358/1955 3083/3353/1955 3071/3343/1955
o Cylinder
v -2.146820 1.500000 -1.600000
v -0.146820 1.500000 -1.600000
v -2.146820 1.460982 -1.596157
v -0.146820 1.460982 -1.596157
v -2.146820 1.423463 -1.584776
v -0.146820 1.423463 -1.584776
v -2.146820 1.388886 -1.566294
v -0.146820 1.388886 -1.566294
v -2.146820 1.358579 -1.541421
v -0.146820 1.358579 -1.541421
v -2.146820 1.333706 -1.511114
v -0.146820 1.333706 -1.511114
v -2.146820 1.315224 -1.476537
v -0.146820 1.315224 -1.476537
v -2.146820 1.303843 -1.439018
v -0.146820 1.303843 -1.439018
v -2.146820 1.300000 -1.400000
v -0.146820 1.300000 -1.400000
v -2.146820 1.303843 -1.360982
v -0.146820 1.303843 -1.360982
v -2.146820 1.315224 -1.323463
v -0.146820 1.315224 -1.323463
v -2.146820 1.333706 -1.288886
v -0.146820 1.333706 -1.288886
v -2.146820 1.358579 -1.258579
v -0.146820 1.358579 -1.258579
v -2.146820 1.388886 -1.233706
v -0.146820 1.388886 -1.233706
v -2.146820 1.423463 -1.215224
v -0.146820 1.423463 -1.215224
v -2.146820 1.460982 -1.203843
v -0.146820 1.460982 -1.203843
v -2.146820 1.500000 -1.200000
v -0.146820 1.500000 -1.200000
v -2.146820 1.539018 -1.203843
v -0.146820 1.539018 -1.203843
v -2.146820 1.576537 -1.215224
v -0.146820 1.576537 -1.215224
v -2.146820 1.611114 -1.233706
v -0.146820 1.611114 -1.233706
v -2.146820 1.641421 -1.258579
v -0.146820 1.641421 -1.258579
v -2.146820 1.666294 -1.288886
v -0.146820 1.666294 -1.288886
v -2.146820 1.684776 -1.323463
v -0.146820 1.684776 -1.323463
v -2.146820 1.696157 -1.360982
v -0.146820 1.696157 -1.360982
v -2.146820 1.700000 -1.400000
v -0.146820 1.700000 -1.400000
v -2.146820 1.696157 -1.439018
v -0.146820 1.696157 -1.439018
v -2.146820 1.684776 -1.476537
v -0.146820 1.684776 -1.476537
v -2.146820 1.666294 -1.511114
v -0.146820 1.666294 -1.511114
v -2.146820 1.641421 -1.541421
v -0.146820 1.641421 -1.541421
v -2.146820 1.611114 -1.566294
v -0.146820 1.611114 -1.566294
v -2.146820 1.576537 -1.584776
v -0.146820 1.576537 -1.584776
v -2.146820 1.539018 -1.596157
v -0.146820 1.539018 -1.596157
vn -0.0000 -0.0980 -0.9952
vn -0.0000 -0.2903 -0.9569
vn -0.0000 -0.4714 -0.8819
vn -0.0000 -0.6344 -0.7730
vn -0.0000 -0.7730 -0.6344
vn -0.0000 -0.8819 -0.4714
vn -0.0000 -0.9569 -0.2903
vn -0.0000 -0.9952 -0.0980
vn -0.0000 -0.9952 0.0980
vn -0.0000 -0.9569 0.2903
vn -0.0000 -0.8819 0.4714
vn -0.0000 -0.7730 0.6344
vn -0.0000 -0.6344 0.7730
vn -0.0000 -0.4714 0.8819
vn -0.0000 -0.2903 0.9569
vn -0.0000 -0.0980 0.9952
vn -0.0000 0.0980 0.9952
vn -0.0000 0.2903 0.9569
vn -0.0000 0.4714 0.8819
vn -0.0000 0.6344 0.7730
vn -0.0000 0.7730 0.6344
vn -0.0000 0.8819 0.4714
vn -0.0000 0.9569 0.2903
vn -0.0000 0.9952 0.0980
vn -0.0000 0.9952 -0.0980
vn -0.0000 0.9569 -0.2903
vn -0.0000 0.8819 -0.4714
vn -0.0000 0.7730 -0.6344
vn -0.0000 0.6344 -0.7730
vn -0.0000 0.4714 -0.8819
vn 1.0000 -0.0000 -0.0000
vn -0.0000 0.2903 -0.9569
vn -0.0000 0.0980 -0.9952
vn -1.0000 -0.0000 -0.0000
vt 1.000000 0.500000
vt 1.000000 1.000000
vt 0.968750 1.000000
vt 0.968750 0.500000
vt 0.937500 1.000000
vt 0.937500 0.500000
vt 0.906250 1.000000
vt 0.906250 0.500000
vt 0.875000 1.000000
vt 0.875000 0.500000
vt 0.843750 1.000000
vt 0.843750 0.500000
vt 0.812500 1.000000
vt 0.812500 0.500000
vt 0.781250 1.000000
vt 0.781250 0.500000
vt 0.750000 1.000000
vt 0.750000 0.500000
vt 0.718750 1.000000
vt 0.718750 0.500000
vt 0.687500 1.000000
vt 0.687500 0.500000
vt 0.656250 1.000000
vt 0.656250 0.500000
vt 0.625000 1.000000
vt 0.625000 0.500000
vt 0.593750 1.000000
vt 0.593750 0.500000
vt 0.562500 1.000000
vt 0.562500 0.500000
vt 0.531250 1.000000
vt 0.531250 0.500000
vt 0.500000 1.000000
vt 0.500000 0.500000
vt 0.468750 1.000000
vt 0.468750 0.500000
vt 0.437500 1.000000
vt 0.437500 0.500000
vt 0.406250 1.000000
vt 0.406250 0.500000
vt 0.375000 1.000000
vt 0.375000 0.500000
vt 0.343750 1.000000
vt 0.343750 0.500000
vt 0.312500 1.000000
vt 0.312500 0.500000
vt 0.281250 1.000000
vt 0.281250 0.500000
vt 0.250000 1.000000
vt 0.250000 0.500000
vt 0.218750 1.000000
vt 0.218750 0.500000
vt 0.187500 1.000000
vt 0.187500 0.500000
vt 0.156250 1.000000
vt 0.156250 0.500000
vt 0.125000 1.000000
vt 0.125000 0.500000
vt 0.093750 1.000000
vt 0.093750 0.500000
vt 0.062500 1.000000
vt 0.062500 0.500000
vt 0.296822 0.485388
vt 0.250000 0.490000
vt 0.203178 0.485388
vt 0.158156 0.471731
vt 0.116663 0.449553
vt 0.080294 0.419706
vt 0.050447 0.383337
vt 0.028269 0.341844
vt 0.014612 0.296822
vt 0.010000 0.250000
vt 0.014612 0.203178
vt 0.028269 0.158156
vt 0.050447 0.116663
vt 0.080294 0.080294
vt 0.116663 0.050447
vt 0.158156 0.028269
vt 0.203178 0.014612
vt 0.250000 0.010000
vt 0.296822 0.014612
vt 0.341844 0.028269
vt 0.383337 0.050447
vt 0.419706 0.080294
vt 0.449553 0.116663
vt 0.471731 0.158156
vt 0.485388 0.203178
vt 0.490000 0.250000
vt 0.485388 0.296822
vt 0.471731 0.341844
vt 0.449553 0.383337
vt 0.419706 0.419706
vt 0.383337 0.449553
vt 0.341844 0.471731
vt 0.031250 1.000000
vt 0.031250 0.500000
vt 0.000000 1.000000
vt 0.000000 0.500000
vt 0.750000 0.490000
vt 0.796822 0.485388
vt 0.841844 0.471731
vt 0.883337 0.449553
vt 0.919706 0.419706
vt 0.949553 0.383337
vt 0.971731 0.341844
vt 0.985388 0.296822
vt 0.990000 0.250000
vt 0.985388 0.203178
vt 0.971731 0.158156
vt 0.949553 0.116663
vt 0.919706 0.080294
vt 0.883337 0.050447
vt 0.841844 0.028269
vt 0.796822 0.014612
vt 0.750000 0.010000
vt 0.703178 0.014612
vt 0.658156 0.028269
vt 0.616663 0.050447
vt 0.580294 0.080294
vt 0.550447 0.116663
vt 0.528269 0.158156
vt 0.514612 0.203178
vt 0.510000 0.250000
vt 0.514612 0.296822
vt 0.528269 0.341844
vt 0.550447 0.383337
vt 0.580294 0.419706
vt 0.616663 0.449553
vt 0.658156 0.471731
vt 0.703178 0.485388
s 0
usemtl Material.003
f 3095/3366/1956 3096/3367/1956 3098/3368/1956 3097/3369/1956
f 3097/3369/1957 3098/3368/1957 3100/3370/1957 3099/3371/1957
f 3099/3371/1958 3100/3370/1958 3102/3372/1958 3101/3373/1958
f 3101/3373/1959 3102/3372/1959 3104/3374/1959 3103/3375/1959
f 3103/3375/1960 3104/3374/1960 3106/3376/1960 3105/3377/1960
f 3105/3377/1961 3106/3376/1961 3108/3378/1961 3107/3379/1961
f 3107/3379/1962 3108/3378/1962 3110/3380/1962 3109/3381/1962
f 3109/3381/1963 3110/3380/1963 3112/3382/1963 3111/3383/1963
f 3111/3383/1964 3112/3382/1964 3114/3384/1964 3113/3385/1964
f 3113/3385/1965 3114/3384/1965 3116/3386/1965 3115/3387/1965
f 3115/3387/1966 3116/3386/1966 3118/3388/1966 3117/3389/1966
f 3117/3389/1967 3118/3388/1967 3120/3390/1967 3119/3391/1967
f 3119/3391/1968 3120/3390/1968 3122/3392/1968 3121/3393/1968
f 3121/3393/1969 3122/3392/1969 3124/3394/1969 3123/3395/1969
f 3123/3395/1970 3124/3394/1970 3126/3396/1970 3125/3397/1970
f 3125/3397/1971 3126/3396/1971 3128/3398/1971 3127/3399/1971
f 3127/3399/1972 3128/3398/1972 3130/3400/1972 3129/3401/1972
f 3129/3401/1973 3130/3400/1973 3132/3402/1973 3131/3403/1973
f 3131/3403/1974 3132/3402/1974 3134/3404/1974 3133/3405/1974
f 3133/3405/1975 3134/3404/1975 3136/3406/1975 3135/3407/1975
f 3135/3407/1976 3136/3406/1976 3138/3408/1976 3137/3409/1976
f 3137/3409/1977 3138/3408/1977 3140/3410/1977 3139/3411/1977
f 3139/3411/1978 3140/3410/1978 3142/3412/1978 3141/3413/1978
f 3141/3413/1979 3142/3412/1979 3144/3414/1979 3143/3415/1979
f 3143/3415/1980 3144/3414/1980 3146/3416/1980 3145/3417/1980
f 3145/3417/1981 3146/3416/1981 3148/3418/1981 3147/3419/1981
f 3147/3419/1982 3148/3418/1982 3150/3420/1982 3149/3421/1982
f 3149/3421/1983 3150/3420/1983 3152/3422/1983 3151/3423/1983
f 3151/3423/1984 3152/3422/1984 3154/3424/1984 3153/3425/1984
f 3153/3425/1985 3154/3424/1985 3156/3426/1985 3155/3427/1985
f 3098/3428/1986 3096/3429/1986 3158/3430/1986 3156/3431/1986 3154/3432/1986 3152/3433/1986 3150/3434/1986 3148/3435/1986 3146/3436/1986 3144/3437/1986 3142/3438/1986 3140/3439/1986 3138/3440/1986 3136/3441/1986 3134/3442/1986 3132/3443/1986 3130/3444/1986 3128/3445/1986 3126/3446/1986 3124/3447/1986 3122/3448/1986 3120/3449/1986 3118/3450/1986 3116/3451/1986 3114/3452/1986 3112/3453/1986 3110/3454/1986 3108/3455/1986 3106/3456/1986 3104/3457/1986 3102/3458/1986 3100/3459/1986
f 3155/3427/1987 3156/3426/1987 3158/3460/1987 3157/3461/1987
f 3157/3461/1988 3158/3460/1988 3096/3462/1988 3095/3463/1988
f 3095/3464/1989 3097/3465/1989 3099/3466/1989 3101/3467/1989 3103/3468/1989 3105/3469/1989 3107/3470/1989 3109/3471/1989 3111/3472/1989 3113/3473/1989 3115/3474/1989 3117/3475/1989 3119/3476/1989 3121/3477/1989 3123/3478/1989 3125/3479/1989 3127/3480/1989 3129/3481/1989 3131/3482/1989 3133/3483/1989 3135/3484/1989 3137/3485/1989 3139/3486/1989 3141/3487/1989 3143/3488/1989 3145/3489/1989 3147/3490/1989 3149/3491/1989 3151/3492/1989 3153/3493/1989 3155/3494/1989 3157/3495/1989
o Cylinder.001
v -2.146820 1.500000 1.200000
v -0.146820 1.500000 1.200000
v -2.146820 1.460982 1.203843
v -0.146820 1.460982 1.203843
v -2.146820 1.423463 1.215224
v -0.146820 1.423463 1.215224
v -2.146820 1.388886 1.233706
v -0.146820 1.388886 1.233706
v -2.146820 1.358579 1.258579
v -0.146820 1.358579 1.258579
v -2.146820 1.333706 1.288886
v -0.146820 1.333706 1.288886
v -2.146820 1.315224 1.323463
v -0.146820 1.315224 1.323463
v -2.146820 1.303843 1.360982
v -0.146820 1.303843 1.360982
v -2.146820 1.300000 1.400000
v -0.146820 1.300000 1.400000
v -2.146820 1.303843 1.439018
v -0.146820 1.303843 1.439018
v -2.146820 1.315224 1.476537
v -0.146820 1.315224 1.476537
v -2.146820 1.333706 1.511114
v -0.146820 1.333706 1.511114
v -2.146820 1.358579 1.541421
v -0.146820 1.358579 1.541421
v -2.146820 1.388886 1.566294
v -0.146820 1.388886 1.566294
v -2.146820 1.423463 1.584776
v -0.146820 1.423463 1.584776
v -2.146820 1.460982 1.596157
v -0.146820 1.460982 1.596157
v -2.146820 1.500000 1.600000
v -0.146820 1.500000 1.600000
v -2.146820 1.539018 1.596157
v -0.146820 1.539018 1.596157
v -2.146820 1.576537 1.584776
v -0.146820 1.576537 1.584776
v -2.146820 1.611114 1.566294
v -0.146820 1.611114 1.566294
v -2.146820 1.641421 1.541421
v -0.146820 1.641421 1.541421
v -2.146820 1.666294 1.511114
v -0.146820 1.666294 1.511114
v -2.146820 1.684776 1.476537
v -0.146820 1.684776 1.476537
v -2.146820 1.696157 1.439018
v -0.146820 1.696157 1.439018
v -2.146820 1.700000 1.400000
v -0.146820 1.700000 1.400000
v -2.146820 1.696157 1.360982
v -0.146820 1.696157 1.360982
v -2.146820 1.684776 1.323463
v -0.146820 1.684776 1.323463
v -2.146820 1.666294 1.288886
v -0.146820 1.666294 1.288886
v -2.146820 1.641421 1.258579
v -0.146820 1.641421 1.258579
v -2.146820 1.611114 1.233706
v -0.146820 1.611114 1.233706
v -2.146820 1.576537 1.215224
v -0.146820 1.576537 1.215224
v -2.146820 1.539018 1.203843
v -0.146820 1.539018 1.203843
vn -0.0000 -0.0980 -0.9952
vn -0.0000 -0.2903 -0.9569
vn -0.0000 -0.4714 -0.8819
vn -0.0000 -0.6344 -0.7730
vn -0.0000 -0.7730 -0.6344
vn -0.0000 -0.8819 -0.4714
vn -0.0000 -0.9569 -0.2903
vn -0.0000 -0.9952 -0.0980
vn -0.0000 -0.9952 0.0980
vn -0.0000 -0.9569 0.2903
vn -0.0000 -0.8819 0.4714
vn -0.0000 -0.7730 0.6344
vn -0.0000 -0.6344 0.7730
vn -0.0000 -0.4714 0.8819
vn -0.0000 -0.2903 0.9569
vn -0.0000 -0.0980 0.9952
vn -0.0000 0.0980 0.9952
vn -0.0000 0.2903 0.9569
vn -0.0000 0.4714 0.8819
vn -0.0000 0.6344 0.7730
vn -0.0000 0.7730 0.6344
vn -0.0000 0.8819 0.4714
vn -0.0000 0.9569 0.2903
vn -0.0000 0.9952 0.0980
vn -0.0000 0.9952 -0.0980
vn -0.0000 0.9569 -0.2903
vn -0.0000 0.8819 -0.4714
vn -0.0000 0.7730 -0.6344
vn -0.0000 0.6344 -0.7730
vn -0.0000 0.4714 -0.8819
vn 1.0000 -0.0000 -0.0000
vn -0.0000 0.2903 -0.9569
vn -0.0000 0.0980 -0.9952
vn -1.0000 -0.0000 -0.0000
vt 1.000000 0.500000
vt 1.000000 1.000000
vt 0.968750 1.000000
vt 0.968750 0.500000
vt 0.937500 1.000000
vt 0.937500 0.500000
vt 0.906250 1.000000
vt 0.906250 0.500000
vt 0.875000 1.000000
vt 0.875000 0.500000
vt 0.843750 1.000000
vt 0.843750 0.500000
vt 0.812500 1.000000
vt 0.812500 0.500000
vt 0.781250 1.000000
vt 0.781250 0.500000
vt 0.750000 1.000000
vt 0.750000 0.500000
vt 0.718750 1.000000
vt 0.718750 0.500000
vt 0.687500 1.000000
vt 0.687500 0.500000
vt 0.656250 1.000000
vt 0.656250 0.500000
vt 0.625000 1.000000
vt 0.625000 0.500000
vt 0.593750 1.000000
vt 0.593750 0.500000
vt 0.562500 1.000000
vt 0.562500 0.500000
vt 0.531250 1.000000
vt 0.531250 0.500000
vt 0.500000 1.000000
vt 0.500000 0.500000
vt 0.468750 1.000000
vt 0.468750 0.500000
vt 0.437500 1.000000
vt 0.437500 0.500000
vt 0.406250 1.000000
vt 0.406250 0.500000
vt 0.375000 1.000000
vt 0.375000 0.500000
vt 0.343750 1.000000
vt 0.343750 0.500000
vt 0.312500 1.000000
vt 0.312500 0.500000
vt 0.281250 1.000000
vt 0.281250 0.500000
vt 0.250000 1.000000
vt 0.250000 0.500000
vt 0.218750 1.000000
vt 0.218750 0.500000
vt 0.187500 1.000000
vt 0.187500 0.500000
vt 0.156250 1.000000
vt 0.156250 0.500000
vt 0.125000 1.000000
vt 0.125000 0.500000
vt 0.093750 1.000000
vt 0.093750 0.500000
vt 0.062500 1.000000
vt 0.062500 0.500000
vt 0.296822 0.485388
vt 0.250000 0.490000
vt 0.203178 0.485388
vt 0.158156 0.471731
vt 0.116663 0.449553
vt 0.080294 0.419706
vt 0.050447 0.383337
vt 0.028269 0.341844
vt 0.014612 0.296822
vt 0.010000 0.250000
vt 0.014612 0.203178
vt 0.028269 0.158156
vt 0.050447 0.116663
vt 0.080294 0.080294
vt 0.116663 0.050447
vt 0.158156 0.028269
vt 0.203178 0.014612
vt 0.250000 0.010000
vt 0.296822 0.014612
vt 0.341844 0.028269
vt 0.383337 0.050447
vt 0.419706 0.080294
vt 0.449553 0.116663
vt 0.471731 0.158156
vt 0.485388 0.203178
vt 0.490000 0.250000
vt 0.485388 0.296822
vt 0.471731 0.341844
vt 0.449553 0.383337
vt 0.419706 0.419706
vt 0.383337 0.449553
vt 0.341844 0.471731
vt 0.031250 1.000000
vt 0.031250 0.500000
vt 0.000000 1.000000
vt 0.000000 0.500000
vt 0.750000 0.490000
vt 0.796822 0.485388
vt 0.841844 0.471731
vt 0.883337 0.449553
vt 0.919706 0.419706
vt 0.949553 0.383337
vt 0.971731 0.341844
vt 0.985388 0.296822
vt 0.990000 0.250000
vt 0.985388 0.203178
vt 0.971731 0.158156
vt 0.949553 0.116663
vt 0.919706 0.080294
vt 0.883337 0.050447
vt 0.841844 0.028269
vt 0.796822 0.014612
vt 0.750000 0.010000
vt 0.703178 0.014612
vt 0.658156 0.028269
vt 0.616663 0.050447
vt 0.580294 0.080294
vt 0.550447 0.116663
vt 0.528269 0.158156
vt 0.514612 0.203178
vt 0.510000 0.250000
vt 0.514612 0.296822
vt 0.528269 0.341844
vt 0.550447 0.383337
vt 0.580294 0.419706
vt 0.616663 0.449553
vt 0.658156 0.471731
vt 0.703178 0.485388
s 0
usemtl Material.004
f 3159/3496/1990 3160/3497/1990 3162/3498/1990 3161/3499/1990
f 3161/3499/1991 3162/3498/1991 3164/3500/1991 3163/3501/1991
f 3163/3501/1992 3164/3500/1992 3166/3502/1992 3165/3503/1992
f 3165/3503/1993 3166/3502/1993 3168/3504/1993 3167/3505/1993
f 3167/3505/1994 3168/3504/1994 3170/3506/1994 3169/3507/1994
f 3169/3507/1995 3170/3506/1995 3172/3508/1995 3171/3509/1995
f 3171/3509/1996 3172/3508/1996 3174/3510/1996 3173/3511/1996
f 3173/3511/1997 3174/3510/1997 3176/3512/1997 3175/3513/1997
f 3175/3513/1998 3176/3512/1998 3178/3514/1998 3177/3515/1998
f 3177/3515/1999 3178/3514/1999 3180/3516/1999 3179/3517/1999
f 3179/3517/2000 3180/3516/2000 3182/3518/2000 3181/3519/2000
f 3181/3519/2001 3182/3518/2001 3184/3520/2001 3183/3521/2001
f 3183/3521/2002 3184/3520/2002 3186/3522/2002 3185/3523/2002
f 3185/3523/2003 3186/3522/2003 3188/3524/2003 3187/3525/2003
f 3187/3525/2004 3188/3524/2004 3190/3526/2004 3189/3527/2004
f 3189/3527/2005 3190/3526/2005 3192/3528/2005 3191/3529/2005
f 3191/3529/2006 3192/3528/2006 3194/3530/2006 3193/3531/2006
f 3193/3531/2007 3194/3530/2007 3196/3532/2007 3195/3533/2007
f 3195/3533/2008 3196/3532/2008 3198/3534/2008 3197/3535/2008
f 3197/3535/2009 3198/3534/2009 3200/3536/2009 3199/3537/2009
f 3199/3537/2010 3200/3536/2010 3202/3538/2010 3201/3539/2010
f 3201/3539/2011 3202/3538/2011 3204/3540/2011 3203/3541/2011
f 3203/3541/2012 3204/3540/2012 3206/3542/2012 3205/3543/2012
f 3205/3543/2013 3206/3542/2013 3208/3544/2013 3207/3545/2013
f 3207/3545/2014 3208/3544/2014 3210/3546/2014 3209/3547/2014
f 3209/3547/2015 3210/3546/2015 3212/3548/2015 3211/3549/2015
f 3211/3549/2016 3212/3548/2016 3214/3550/2016 3213/3551/2016
f 3213/3551/2017 3214/3550/2017 3216/3552/2017 3215/3553/2017
f 3215/3553/2018 3216/3552/2018 3218/3554/2018 3217/3555/2018
f 3217/3555/2019 3218/3554/2019 3220/3556/2019 3219/3557/2019
f 3162/3558/2020 3160/3559/2020 3222/3560/2020 3220/3561/2020 3218/3562/2020 3216/3563/2020 3214/3564/2020 3212/3565/2020 3210/3566/2020 3208/3567/2020 3206/3568/2020 3204/3569/2020 3202/3570/2020 3200/3571/2020 3198/3572/2020 3196/3573/2020 3194/3574/2020 3192/3575/2020 3190/3576/2020 3188/3577/2020 3186/3578/2020 3184/3579/2020 3182/3580/2020 3180/3581/2020 3178/3582/2020 3176/3583/2020 3174/3584/2020 3172/3585/2020 3170/3586/2020 3168/3587/2020 3166/3588/2020 3164/3589/2020
f 3219/3557/2021 3220/3556/2021 3222/3590/2021 3221/3591/2021
f 3221/3591/2022 3222/3590/2022 3160/3592/2022 3159/3593/2022
f 3159/3594/2023 3161/3595/2023 3163/3596/2023 3165/3597/2023 3167/3598/2023 3169/3599/2023 3171/3600/2023 3173/3601/2023 3175/3602/2023 3177/3603/2023 3179/3604/2023 3181/3605/2023 3183/3606/2023 3185/3607/2023 3187/3608/2023 3189/3609/2023 3191/3610/2023 3193/3611/2023 3195/3612/2023 3197/3613/2023 3199/3614/2023 3201/3615/2023 3203/3616/2023 3205/3617/2023 3207/3618/2023 3209/3619/2023 3211/3620/2023 3213/3621/2023 3215/3622/2023 3217/3623/2023 3219/3624/2023 3221/3625/2023
o Cube.003
v -1.945069 1.198290 1.293162
v -1.945069 1.796275 1.293162
v -1.945069 1.198290 -1.293162
v -1.945069 1.796275 -1.293162
v 0.054931 1.198290 1.293162
v 0.054931 1.796275 1.293162
v 0.054931 1.198290 -1.293162
v 0.054931 1.796275 -1.293162
vn -1.0000 -0.0000 -0.0000
vn -0.0000 -0.0000 -1.0000
vn 1.0000 -0.0000 -0.0000
vn -0.0000 -0.0000 1.0000
vn -0.0000 -1.0000 -0.0000
vn -0.0000 1.0000 -0.0000
vt 0.375000 0.000000
vt 0.625000 0.000000
vt 0.625000 0.250000
vt 0.375000 0.250000
vt 0.625000 0.500000
vt 0.375000 0.500000
vt 0.625000 0.750000
vt 0.375000 0.750000
vt 0.625000 1.000000
vt 0.375000 1.000000
vt 0.125000 0.500000
vt 0.125000 0.750000
vt 0.875000 0.500000
vt 0.875000 0.750000
s 0
usemtl Material.001
f 3223/3626/2024 3224/3627/2024 3226/3628/2024 3225/3629/2024
f 3225/3629/2025 3226/3628/2025 3230/3630/2025 3229/3631/2025
f 3229/3631/2026 3230/3630/2026 3228/3632/2026 3227/3633/2026
f 3227/3633/2027 3228/3632/2027 3224/3634/2027 3223/3635/2027
f 3225/3636/2028 3229/3631/2028 3227/3633/2028 3223/3637/2028
f 3230/3630/2029 3226/3638/2029 3224/3639/2029 3228/3632/2029
o Cylinder.002
v 1.000000 0.502240 -1.439710
v 1.000000 0.602240 -1.500000
v 1.000000 2.502240 -1.439710
v 1.000000 2.402240 -1.500000
v 1.105292 0.502240 -1.429339
v 1.117054 0.602240 -1.488471
v 1.105292 2.502240 -1.429339
v 1.117054 2.402240 -1.488471
v 1.206538 0.502240 -1.398627
v 1.229610 0.602240 -1.454328
v 1.206538 2.502240 -1.398627
v 1.229610 2.402240 -1.454328
v 1.299847 0.502240 -1.348752
v 1.333342 0.602240 -1.398882
v 1.299847 2.502240 -1.348752
v 1.333342 2.402240 -1.398882
v 1.381632 0.502240 -1.281632
v 1.424264 0.602240 -1.324264
v 1.381632 2.502240 -1.281632
v 1.424264 2.402240 -1.324264
v 1.448752 0.502240 -1.199847
v 1.498882 0.602240 -1.233342
v 1.448752 2.502240 -1.199847
v 1.498882 2.402240 -1.233342
v 1.498627 0.502240 -1.106538
v 1.554328 0.602240 -1.129610
v 1.498627 2.502240 -1.106538
v 1.554328 2.402240 -1.129610
v 1.529339 0.502240 -1.005292
v 1.588471 0.602240 -1.017054
v 1.529339 2.502240 -1.005292
v 1.588471 2.402240 -1.017054
v 1.539710 0.502240 -0.900000
v 1.600000 0.602240 -0.900000
v 1.539710 2.502240 -0.900000
v 1.600000 2.402240 -0.900000
v 1.529339 0.502240 -0.794708
v 1.588471 0.602240 -0.782946
v 1.529339 2.502240 -0.794708
v 1.588471 2.402240 -0.782946
v 1.498627 0.502240 -0.693462
v 1.554328 0.602240 -0.670390
v 1.498627 2.502240 -0.693462
v 1.554328 2.402240 -0.670390
v 1.448752 0.502240 -0.600153
v 1.498882 0.602240 -0.566658
v 1.448752 2.502240 -0.600153
v 1.498882 2.402240 -0.566658
v 1.381632 0.502240 -0.518368
v 1.424264 0.602240 -0.475736
v 1.381632 2.502240 -0.518368
v 1.424264 2.402240 -0.475736
v 1.299847 0.502240 -0.451248
v 1.333342 0.602240 -0.401118
v 1.299847 2.502240 -0.451248
v 1.333342 2.402240 -0.401118
v 1.206538 0.502240 -0.401373
v 1.229610 0.602240 -0.345672
v 1.206538 2.502240 -0.401373
v 1.229610 2.402240 -0.345672
v 1.105292 0.502240 -0.370661
v 1.117054 0.602240 -0.311529
v 1.105292 2.502240 -0.370661
v 1.117054 2.402240 -0.311529
v 1.000000 0.502240 -0.360290
v 1.000000 0.602240 -0.300000
v 1.000000 2.502240 -0.360290
v 1.000000 2.402240 -0.300000
v 0.894708 0.502240 -0.370661
v 0.882946 0.602240 -0.311529
v 0.894708 2.502240 -0.370661
v 0.882946 2.402240 -0.311529
v 0.793462 0.502240 -0.401373
v 0.770390 0.602240 -0.345672
v 0.793462 2.502240 -0.401373
v 0.770390 2.402240 -0.345672
v 0.700153 0.502240 -0.451248
v 0.666658 0.602240 -0.401118
v 0.700153 2.502240 -0.451248
v 0.666658 2.402240 -0.401118
v 0.618368 0.502240 -0.518368
v 0.575736 0.602240 -0.475736
v 0.618368 2.502240 -0.518368
v 0.575736 2.402240 -0.475736
v 0.551248 0.502240 -0.600153
v 0.501118 0.602240 -0.566658
v 0.551248 2.502240 -0.600153
v 0.501118 2.402240 -0.566658
v 0.501373 0.502240 -0.693462
v 0.445672 0.602240 -0.670390
v 0.501373 2.502240 -0.693462
v 0.445672 2.402240 -0.670390
v 0.470661 0.502240 -0.794708
v 0.411529 0.602240 -0.782946
v 0.470661 2.502240 -0.794708
v 0.411529 2.402240 -0.782946
v 0.460290 0.502240 -0.900000
v 0.400000 0.602240 -0.900000
v 0.460290 2.502240 -0.900000
v 0.400000 2.402240 -0.900000
v 0.470661 0.502240 -1.005292
v 0.411529 0.602240 -1.017054
v 0.470661 2.502240 -1.005292
v 0.411529 2.402240 -1.017054
v 0.501373 0.502240 -1.106538
v 0.445672 0.602240 -1.129610
v 0.501373 2.502240 -1.106538
v 0.445672 2.402240 -1.129610
v 0.551248 0.502240 -1.199847
v 0.501118 0.602240 -1.233342
v 0.551248 2.502240 -1.199847
v 0.501118 2.402240 -1.233342
v 0.618368 0.502240 -1.281632
v 0.575736 0.602240 -1.324264
v 0.618368 2.502240 -1.281632
v 0.575736 2.402240 -1.324264
v 0.700153 0.502240 -1.348752
v 0.666658 0.602240 -1.398882
v 0.700153 2.502240 -1.348752
v 0.666658 2.402240 -1.398882
v 0.793462 0.502240 -1.398627
v 0.770390 0.602240 -1.454328
v 0.793462 2.502240 -1.398627
v 0.770390 2.402240 -1.454328
v 0.894708 0.502240 -1.429339
v 0.882946 0.602240 -1.488471
v 0.894708 2.502240 -1.429339
v 0.882946 2.402240 -1.488471
vn -0.0980 -0.0000 -0.9952
vn 0.4714 -0.0000 -0.8819
vn 0.6344 -0.0000 -0.7730
vn 0.7730 -0.0000 -0.6344
vn 0.8819 -0.0000 -0.4714
vn 0.9569 -0.0000 -0.2903
vn 0.9952 -0.0000 -0.0980
vn 0.9952 -0.0000 0.0980
vn 0.9569 -0.0000 0.2903
vn 0.8819 -0.0000 0.4714
vn 0.7730 -0.0000 0.6344
vn 0.6344 -0.0000 0.7730
vn 0.4714 -0.0000 0.8819
vn 0.2903 -0.0000 0.9569
vn 0.0980 -0.0000 0.9952
vn -0.0980 -0.0000 0.9952
vn -0.2903 -0.0000 0.9569
vn -0.4714 -0.0000 0.8819
vn -0.6344 -0.0000 0.7730
vn -0.7730 -0.0000 0.6344
vn -0.8819 -0.0000 0.4714
vn -0.9569 -0.0000 0.2903
vn -0.9952 -0.0000 0.0980
vn -0.9952 -0.0000 -0.0980
vn -0.9569 -0.0000 -0.2903
vn -0.8819 -0.0000 -0.4714
vn -0.7730 -0.0000 -0.6344
vn -0.6344 -0.0000 -0.7730
vn -0.4714 -0.0000 -0.8819
vn -0.2903 -0.0000 -0.9569
vn 0.2903 -0.0000 -0.9569
vn -0.0000 1.0000 -0.0000
vn 0.0980 -0.0000 -0.9952
vn 0.0840 -0.5145 -0.8534
vn 0.0840 0.5145 -0.8534
vn 0.2489 -0.5145 -0.8206
vn 0.2489 0.5145 -0.8206
vn 0.4042 -0.5145 -0.7562
vn 0.4042 0.5145 -0.7562
vn 0.5440 -0.5145 -0.6629
vn 0.5440 0.5145 -0.6629
vn 0.6629 -0.5145 -0.5440
vn 0.6629 0.5145 -0.5440
vn 0.7562 -0.5145 -0.4042
vn 0.7562 0.5145 -0.4042
vn 0.8206 -0.5145 -0.2489
vn 0.8206 0.5145 -0.2489
vn 0.8534 -0.5145 -0.0840
vn 0.8534 0.5145 -0.0840
vn 0.8534 -0.5145 0.0840
vn 0.8534 0.5145 0.0840
vn 0.8206 -0.5145 0.2489
vn 0.8206 0.5145 0.2489
vn 0.7562 -0.5145 0.4042
vn 0.7562 0.5145 0.4042
vn 0.6629 -0.5145 0.5440
vn 0.6629 0.5145 0.5440
vn 0.5440 -0.5145 0.6629
vn 0.5440 0.5145 0.6629
vn 0.4042 -0.5145 0.7562
vn 0.4042 0.5145 0.7562
vn 0.2489 -0.5145 0.8206
vn 0.2489 0.5145 0.8206
vn 0.0840 -0.5145 0.8534
vn 0.0840 0.5145 0.8534
vn -0.0840 -0.5145 0.8534
vn -0.0840 0.5145 0.8534
vn -0.2489 -0.5145 0.8206
vn -0.2489 0.5145 0.8206
vn -0.4042 -0.5145 0.7562
vn -0.4042 0.5145 0.7562
vn -0.5440 -0.5145 0.6629
vn -0.5440 0.5145 0.6629
vn -0.6629 -0.5145 0.5440
vn -0.6629 0.5145 0.5440
vn -0.7562 -0.5145 0.4042
vn -0.7562 0.5145 0.4042
vn -0.8206 -0.5145 0.2489
vn -0.8206 0.5145 0.2489
vn -0.8534 -0.5145 0.0840
vn -0.8534 0.5145 0.0840
vn -0.8534 -0.5145 -0.0840
vn -0.8534 0.5145 -0.0840
vn -0.8206 -0.5145 -0.2489
vn -0.8206 0.5145 -0.2489
vn -0.7562 -0.5145 -0.4042
vn -0.7562 0.5145 -0.4042
vn -0.6629 -0.5145 -0.5440
vn -0.6629 0.5145 -0.5440
vn -0.5440 -0.5145 -0.6629
vn -0.5440 0.5145 -0.6629
vn -0.4042 -0.5145 -0.7562
vn -0.4042 0.5145 -0.7562
vn -0.2489 -0.5145 -0.8206
vn -0.2489 0.5145 -0.8206
vn -0.0840 -0.5145 -0.8534
vn -0.0840 0.5145 -0.8534
vn -0.0000 -1.0000 -0.0000
vt 0.031250 0.525000
vt 0.031250 0.975000
vt 0.000000 0.975000
vt 0.000000 0.525000
vt 0.937500 0.525000
vt 0.937500 0.975000
vt 0.906250 0.975000
vt 0.906250 0.525000
vt 0.875000 0.975000
vt 0.875000 0.525000
vt 0.875000 0.975000
vt 0.843750 0.975000
vt 0.843750 0.525000
vt 0.843750 0.975000
vt 0.812500 0.975000
vt 0.812500 0.525000
vt 0.781250 0.975000
vt 0.781250 0.525000
vt 0.750000 0.975000
vt 0.750000 0.525000
vt 0.718750 0.975000
vt 0.718750 0.525000
vt 0.687500 0.975000
vt 0.687500 0.525000
vt 0.656250 0.975000
vt 0.656250 0.525000
vt 0.625000 0.975000
vt 0.625000 0.525000
vt 0.625000 0.975000
vt 0.593750 0.975000
vt 0.593750 0.525000
vt 0.593750 0.975000
vt 0.562500 0.975000
vt 0.562500 0.525000
vt 0.531250 0.975000
vt 0.531250 0.525000
vt 0.500000 0.975000
vt 0.500000 0.525000
vt 0.468750 0.975000
vt 0.468750 0.525000
vt 0.437500 0.975000
vt 0.437500 0.525000
vt 0.406250 0.975000
vt 0.406250 0.525000
vt 0.375000 0.975000
vt 0.375000 0.525000
vt 0.375000 0.975000
vt 0.343750 0.975000
vt 0.343750 0.525000
vt 0.343750 0.975000
vt 0.312500 0.975000
vt 0.312500 0.525000
vt 0.281250 0.975000
vt 0.281250 0.525000
vt 0.250000 0.975000
vt 0.250000 0.525000
vt 0.218750 0.975000
vt 0.218750 0.525000
vt 0.187500 0.975000
vt 0.187500 0.525000
vt 0.156250 0.975000
vt 0.156250 0.525000
vt 0.125000 0.975000
vt 0.125000 0.525000
vt 0.125000 0.975000
vt 0.093750 0.975000
vt 0.093750 0.525000
vt 0.093750 0.975000
vt 0.062500 0.975000
vt 0.062500 0.525000
vt 0.968750 0.525000
vt 0.968750 0.975000
vt 0.292117 0.461736
vt 0.250000 0.465884
vt 0.207883 0.461736
vt 0.167385 0.449451
vt 0.130061 0.429501
vt 0.097347 0.402653
vt 0.070499 0.369939
vt 0.050549 0.332615
vt 0.038264 0.292117
vt 0.034116 0.250000
vt 0.038264 0.207883
vt 0.050549 0.167385
vt 0.070499 0.130061
vt 0.097347 0.097347
vt 0.130061 0.070499
vt 0.167385 0.050549
vt 0.207883 0.038264
vt 0.250000 0.034116
vt 0.292117 0.038264
vt 0.332615 0.050549
vt 0.369939 0.070499
vt 0.402653 0.097347
vt 0.429501 0.130061
vt 0.449451 0.167385
vt 0.461736 0.207883
vt 0.465884 0.250000
vt 0.461736 0.292117
vt 0.449451 0.332615
vt 0.429501 0.369939
vt 0.402653 0.402653
vt 0.369939 0.429501
vt 0.332615 0.449451
vt 1.000000 0.525000
vt 1.000000 0.975000
vt 0.750000 0.490000
vt 0.796822 0.485388
vt 0.792117 0.461736
vt 0.750000 0.465884
vt 0.296822 0.485388
vt 0.250000 0.490000
vt 0.841844 0.471731
vt 0.832615 0.449451
vt 0.341844 0.471731
vt 0.883337 0.449553
vt 0.869939 0.429501
vt 0.383337 0.449553
vt 0.919706 0.419706
vt 0.902653 0.402653
vt 0.419706 0.419706
vt 0.949553 0.383337
vt 0.929501 0.369939
vt 0.449553 0.383337
vt 0.971731 0.341844
vt 0.949451 0.332615
vt 0.471731 0.341844
vt 0.985388 0.296822
vt 0.961736 0.292117
vt 0.485388 0.296822
vt 0.990000 0.250000
vt 0.965884 0.250000
vt 0.490000 0.250000
vt 0.985388 0.203178
vt 0.961736 0.207883
vt 0.485388 0.203178
vt 0.971731 0.158156
vt 0.949451 0.167385
vt 0.471731 0.158156
vt 0.949553 0.116663
vt 0.929501 0.130061
vt 0.449553 0.116663
vt 0.919706 0.080294
vt 0.902653 0.097347
vt 0.419706 0.080294
vt 0.883337 0.050447
vt 0.869939 0.070499
vt 0.383337 0.050447
vt 0.841844 0.028269
vt 0.832615 0.050549
vt 0.341844 0.028269
vt 0.796822 0.014612
vt 0.792117 0.038264
vt 0.296822 0.014612
vt 0.750000 0.010000
vt 0.750000 0.034116
vt 0.250000 0.010000
vt 0.703178 0.014612
vt 0.707883 0.038264
vt 0.203178 0.014612
vt 0.658156 0.028269
vt 0.667385 0.050549
vt 0.158156 0.028269
vt 0.616663 0.050447
vt 0.630061 0.070499
vt 0.116663 0.050447
vt 0.580294 0.080294
vt 0.597347 0.097347
vt 0.080294 0.080294
vt 0.550447 0.116663
vt 0.570499 0.130061
vt 0.050447 0.116663
vt 0.528269 0.158156
vt 0.550549 0.167385
vt 0.028269 0.158156
vt 0.514612 0.203178
vt 0.538264 0.207883
vt 0.014612 0.203178
vt 0.510000 0.250000
vt 0.534116 0.250000
vt 0.010000 0.250000
vt 0.514612 0.296822
vt 0.538264 0.292117
vt 0.014612 0.296822
vt 0.528269 0.341844
vt 0.550549 0.332615
vt 0.028269 0.341844
vt 0.550447 0.383337
vt 0.570499 0.369939
vt 0.050447 0.383337
vt 0.580294 0.419706
vt 0.597347 0.402653
vt 0.080294 0.419706
vt 0.616663 0.449553
vt 0.630061 0.429501
vt 0.116663 0.449553
vt 0.658156 0.471731
vt 0.667385 0.449451
vt 0.158156 0.471731
vt 0.703178 0.485388
vt 0.707883 0.461736
vt 0.203178 0.485388
s 0
usemtl Material.005
f 3356/3640/2030 3358/3641/2030 3234/3642/2030 3232/3643/2030
f 3240/3644/2031 3242/3645/2031 3246/3646/2031 3244/3647/2031
f 3244/3647/2032 3246/3646/2032 3250/3648/2032 3248/3649/2032
f 3248/3649/2033 3250/3650/2033 3254/3651/2033 3252/3652/2033
f 3252/3652/2034 3254/3653/2034 3258/3654/2034 3256/3655/2034
f 3256/3655/2035 3258/3654/2035 3262/3656/2035 3260/3657/2035
f 3260/3657/2036 3262/3656/2036 3266/3658/2036 3264/3659/2036
f 3264/3659/2037 3266/3658/2037 3270/3660/2037 3268/3661/2037
f 3268/3661/2038 3270/3660/2038 3274/3662/2038 3272/3663/2038
f 3272/3663/2039 3274/3662/2039 3278/3664/2039 3276/3665/2039
f 3276/3665/2040 3278/3664/2040 3282/3666/2040 3280/3667/2040
f 3280/3667/2041 3282/3668/2041 3286/3669/2041 3284/3670/2041
f 3284/3670/2042 3286/3671/2042 3290/3672/2042 3288/3673/2042
f 3288/3673/2043 3290/3672/2043 3294/3674/2043 3292/3675/2043
f 3292/3675/2044 3294/3674/2044 3298/3676/2044 3296/3677/2044
f 3296/3677/2045 3298/3676/2045 3302/3678/2045 3300/3679/2045
f 3300/3679/2046 3302/3678/2046 3306/3680/2046 3304/3681/2046
f 3304/3681/2047 3306/3680/2047 3310/3682/2047 3308/3683/2047
f 3308/3683/2048 3310/3682/2048 3314/3684/2048 3312/3685/2048
f 3312/3685/2049 3314/3686/2049 3318/3687/2049 3316/3688/2049
f 3316/3688/2050 3318/3689/2050 3322/3690/2050 3320/3691/2050
f 3320/3691/2051 3322/3690/2051 3326/3692/2051 3324/3693/2051
f 3324/3693/2052 3326/3692/2052 3330/3694/2052 3328/3695/2052
f 3328/3695/2053 3330/3694/2053 3334/3696/2053 3332/3697/2053
f 3332/3697/2054 3334/3696/2054 3338/3698/2054 3336/3699/2054
f 3336/3699/2055 3338/3698/2055 3342/3700/2055 3340/3701/2055
f 3340/3701/2056 3342/3700/2056 3346/3702/2056 3344/3703/2056
f 3344/3703/2057 3346/3704/2057 3350/3705/2057 3348/3706/2057
f 3348/3706/2058 3350/3707/2058 3354/3708/2058 3352/3709/2058
f 3352/3709/2059 3354/3708/2059 3358/3641/2059 3356/3640/2059
f 3236/3710/2060 3238/3711/2060 3242/3645/2060 3240/3644/2060
f 3237/3712/2061 3233/3713/2061 3357/3714/2061 3353/3715/2061 3349/3716/2061 3345/3717/2061 3341/3718/2061 3337/3719/2061 3333/3720/2061 3329/3721/2061 3325/3722/2061 3321/3723/2061 3317/3724/2061 3313/3725/2061 3309/3726/2061 3305/3727/2061 3301/3728/2061 3297/3729/2061 3293/3730/2061 3289/3731/2061 3285/3732/2061 3281/3733/2061 3277/3734/2061 3273/3735/2061 3269/3736/2061 3265/3737/2061 3261/3738/2061 3257/3739/2061 3253/3740/2061 3249/3741/2061 3245/3742/2061 3241/3743/2061
f 3232/3744/2062 3234/3745/2062 3238/3711/2062 3236/3710/2062
f 3232/3746/2063 3236/3747/2063 3235/3748/2063 3231/3749/2063
f 3238/3750/2064 3234/3751/2064 3233/3713/2064 3237/3712/2064
f 3236/3747/2065 3240/3752/2065 3239/3753/2065 3235/3748/2065
f 3242/3754/2066 3238/3750/2066 3237/3712/2066 3241/3743/2066
f 3240/3752/2067 3244/3755/2067 3243/3756/2067 3239/3753/2067
f 3246/3757/2068 3242/3754/2068 3241/3743/2068 3245/3742/2068
f 3244/3755/2069 3248/3758/2069 3247/3759/2069 3243/3756/2069
f 3250/3760/2070 3246/3757/2070 3245/3742/2070 3249/3741/2070
f 3248/3758/2071 3252/3761/2071 3251/3762/2071 3247/3759/2071
f 3254/3763/2072 3250/3760/2072 3249/3741/2072 3253/3740/2072
f 3252/3761/2073 3256/3764/2073 3255/3765/2073 3251/3762/2073
f 3258/3766/2074 3254/3763/2074 3253/3740/2074 3257/3739/2074
f 3256/3764/2075 3260/3767/2075 3259/3768/2075 3255/3765/2075
f 3262/3769/2076 3258/3766/2076 3257/3739/2076 3261/3738/2076
f 3260/3767/2077 3264/3770/2077 3263/3771/2077 3259/3768/2077
f 3266/3772/2078 3262/3769/2078 3261/3738/2078 3265/3737/2078
f 3264/3770/2079 3268/3773/2079 3267/3774/2079 3263/3771/2079
f 3270/3775/2080 3266/3772/2080 3265/3737/2080 3269/3736/2080
f 3268/3773/2081 3272/3776/2081 3271/3777/2081 3267/3774/2081
f 3274/3778/2082 3270/3775/2082 3269/3736/2082 3273/3735/2082
f 3272/3776/2083 3276/3779/2083 3275/3780/2083 3271/3777/2083
f 3278/3781/2084 3274/3778/2084 3273/3735/2084 3277/3734/2084
f 3276/3779/2085 3280/3782/2085 3279/3783/2085 3275/3780/2085
f 3282/3784/2086 3278/3781/2086 3277/3734/2086 3281/3733/2086
f 3280/3782/2087 3284/3785/2087 3283/3786/2087 3279/3783/2087
f 3286/3787/2088 3282/3784/2088 3281/3733/2088 3285/3732/2088
f 3284/3785/2089 3288/3788/2089 3287/3789/2089 3283/3786/2089
f 3290/3790/2090 3286/3787/2090 3285/3732/2090 3289/3731/2090
f 3288/3788/2091 3292/3791/2091 3291/3792/2091 3287/3789/2091
f 3294/3793/2092 3290/3790/2092 3289/3731/2092 3293/3730/2092
f 3292/3791/2093 3296/3794/2093 3295/3795/2093 3291/3792/2093
f 3298/3796/2094 3294/3793/2094 3293/3730/2094 3297/3729/2094
f 3296/3794/2095 3300/3797/2095 3299/3798/2095 3295/3795/2095
f 3302/3799/2096 3298/3796/2096 3297/3729/2096 3301/3728/2096
f 3300/3797/2097 3304/3800/2097 3303/3801/2097 3299/3798/2097
f 3306/3802/2098 3302/3799/2098 3301/3728/2098 3305/3727/2098
f 3304/3800/2099 3308/3803/2099 3307/3804/2099 3303/3801/2099
f 3310/3805/2100 3306/3802/2100 3305/3727/2100 3309/3726/2100
f 3308/3803/2101 3312/3806/2101 3311/3807/2101 3307/3804/2101
f 3314/3808/2102 3310/3805/2102 3309/3726/2102 3313/3725/2102
f 3312/3806/2103 3316/3809/2103 3315/3810/2103 3311/3807/2103
f 3318/3811/2104 3314/3808/2104 3313/3725/2104 3317/3724/2104
f 3316/3809/2105 3320/3812/2105 3319/3813/2105 3315/3810/2105
f 3322/3814/2106 3318/3811/2106 3317/3724/2106 3321/3723/2106
f 3320/3812/2107 3324/3815/2107 3323/3816/2107 3319/3813/2107
f 3326/3817/2108 3322/3814/2108 3321/3723/2108 3325/3722/2108
f 3324/3815/2109 3328/3818/2109 3327/3819/2109 3323/3816/2109
f 3330/3820/2110 3326/3817/2110 3325/3722/2110 3329/3721/2110
f 3328/3818/2111 3332/3821/2111 3331/3822/2111 3327/3819/2111
f 3334/3823/2112 3330/3820/2112 3329/3721/2112 3333/3720/2112
f 3332/3821/2113 3336/3824/2113 3335/3825/2113 3331/3822/2113
f 3338/3826/2114 3334/3823/2114 3333/3720/2114 3337/3719/2114
f 3336/3824/2115 3340/3827/2115 3339/3828/2115 3335/3825/2115
f 3342/3829/2116 3338/3826/2116 3337/3719/2116 3341/3718/2116
f 3340/3827/2117 3344/3830/2117 3343/3831/2117 3339/3828/2117
f 3346/3832/2118 3342/3829/2118 3341/3718/2118 3345/3717/2118
f 3344/3830/2119 3348/3833/2119 3347/3834/2119 3343/3831/2119
f 3350/3835/2120 3346/3832/2120 3345/3717/2120 3349/3716/2120
f 3348/3833/2121 3352/3836/2121 3351/3837/2121 3347/3834/2121
f 3354/3838/2122 3350/3835/2122 3349/3716/2122 3353/3715/2122
f 3352/3836/2123 3356/3839/2123 3355/3840/2123 3351/3837/2123
f 3358/3841/2124 3354/3838/2124 3353/3715/2124 3357/3714/2124
f 3356/3839/2125 3232/3746/2125 3231/3749/2125 3355/3840/2125
f 3234/3751/2126 3358/3841/2126 3357/3714/2126 3233/3713/2126
f 3231/3749/2127 3235/3748/2127 3239/3753/2127 3243/3756/2127 3247/3759/2127 3251/3762/2127 3255/3765/2127 3259/3768/2127 3263/3771/2127 3267/3774/2127 3271/3777/2127 3275/3780/2127 3279/3783/2127 3283/3786/2127 3287/3789/2127 3291/3792/2127 3295/3795/2127 3299/3798/2127 3303/3801/2127 3307/3804/2127 3311/3807/2127 3315/3810/2127 3319/3813/2127 3323/3816/2127 3327/3819/2127 3331/3822/2127 3335/3825/2127 3339/3828/2127 3343/3831/2127 3347/3834/2127 3351/3837/2127 3355/3840/2127
o Cylinder.003
v -1.000000 0.502240 -1.529661
v -1.000000 0.602240 -1.600000
v -1.000000 2.502240 -1.529661
v -1.000000 2.402240 -1.600000
v -0.877159 0.502240 -1.517563
v -0.863437 0.602240 -1.586550
v -0.877159 2.502240 -1.517563
v -0.863437 2.402240 -1.586550
v -0.759039 0.502240 -1.481731
v -0.732122 0.602240 -1.546716
v -0.759039 2.502240 -1.481731
v -0.732122 2.402240 -1.546716
v -0.650179 0.502240 -1.423544
v -0.611101 0.602240 -1.482029
v -0.650179 2.502240 -1.423544
v -0.611101 2.402240 -1.482029
v -0.554762 0.502240 -1.345238
v -0.505025 0.602240 -1.394975
v -0.554762 2.502240 -1.345238
v -0.505025 2.402240 -1.394975
v -0.476456 0.502240 -1.249821
v -0.417971 0.602240 -1.288899
v -0.476456 2.502240 -1.249821
v -0.417971 2.402240 -1.288899
v -0.418269 0.502240 -1.140961
v -0.353284 0.602240 -1.167878
v -0.418269 2.502240 -1.140961
v -0.353284 2.402240 -1.167878
v -0.382437 0.502240 -1.022841
v -0.313450 0.602240 -1.036563
v -0.382437 2.502240 -1.022841
v -0.313450 2.402240 -1.036563
v -0.370339 0.502240 -0.900000
v -0.300000 0.602240 -0.900000
v -0.370339 2.502240 -0.900000
v -0.300000 2.402240 -0.900000
v -0.382437 0.502240 -0.777159
v -0.313450 0.602240 -0.763437
v -0.382437 2.502240 -0.777159
v -0.313450 2.402240 -0.763437
v -0.418269 0.502240 -0.659039
v -0.353284 0.602240 -0.632122
v -0.418269 2.502240 -0.659039
v -0.353284 2.402240 -0.632122
v -0.476456 0.502240 -0.550179
v -0.417971 0.602240 -0.511101
v -0.476456 2.502240 -0.550179
v -0.417971 2.402240 -0.511101
v -0.554762 0.502240 -0.454762
v -0.505025 0.602240 -0.405025
v -0.554762 2.502240 -0.454762
v -0.505025 2.402240 -0.405025
v -0.650179 0.502240 -0.376456
v -0.611101 0.602240 -0.317971
v -0.650179 2.502240 -0.376456
v -0.611101 2.402240 -0.317971
v -0.759039 0.502240 -0.318269
v -0.732122 0.602240 -0.253284
v -0.759039 2.502240 -0.318269
v -0.732122 2.402240 -0.253284
v -0.877159 0.502240 -0.282437
v -0.863437 0.602240 -0.213450
v -0.877159 2.502240 -0.282437
v -0.863437 2.402240 -0.213450
v -1.000000 0.502240 -0.270339
v -1.000000 0.602240 -0.200000
v -1.000000 2.502240 -0.270339
v -1.000000 2.402240 -0.200000
v -1.122841 0.502240 -0.282437
v -1.136563 0.602240 -0.213450
v -1.122841 2.502240 -0.282437
v -1.136563 2.402240 -0.213450
v -1.240961 0.502240 -0.318269
v -1.267878 0.602240 -0.253284
v -1.240961 2.502240 -0.318269
v -1.267878 2.402240 -0.253284
v -1.349821 0.502240 -0.376456
v -1.388899 0.602240 -0.317971
v -1.349821 2.502240 -0.376456
v -1.388899 2.402240 -0.317971
v -1.445238 0.502240 -0.454762
v -1.494975 0.602240 -0.405025
v -1.445238 2.502240 -0.454762
v -1.494975 2.402240 -0.405025
v -1.523544 0.502240 -0.550179
v -1.582029 0.602240 -0.511101
v -1.523544 2.502240 -0.550179
v -1.582029 2.402240 -0.511101
v -1.581731 0.502240 -0.659039
v -1.646716 0.602240 -0.632122
v -1.581731 2.502240 -0.659039
v -1.646716 2.402240 -0.632122
v -1.617563 0.502240 -0.777159
v -1.686550 0.602240 -0.763437
v -1.617563 2.502240 -0.777159
v -1.686550 2.402240 -0.763437
v -1.629661 0.502240 -0.900000
v -1.700000 0.602240 -0.900000
v -1.629661 2.502240 -0.900000
v -1.700000 2.402240 -0.900000
v -1.617563 0.502240 -1.022841
v -1.686550 0.602240 -1.036563
v -1.617563 2.502240 -1.022841
v -1.686550 2.402240 -1.036563
v -1.581731 0.502240 -1.140961
v -1.646716 0.602240 -1.167878
v -1.581731 2.502240 -1.140961
v -1.646716 2.402240 -1.167878
v -1.523544 0.502240 -1.249821
v -1.582029 0.602240 -1.288899
v -1.523544 2.502240 -1.249821
v -1.582029 2.402240 -1.288899
v -1.445238 0.502240 -1.345238
v -1.494975 0.602240 -1.394975
v -1.445238 2.502240 -1.345238
v -1.494975 2.402240 -1.394975
v -1.349821 0.502240 -1.423544
v -1.388899 0.602240 -1.482029
v -1.349821 2.502240 -1.423544
v -1.388899 2.402240 -1.482029
v -1.240961 0.502240 -1.481731
v -1.267878 0.602240 -1.546716
v -1.240961 2.502240 -1.481731
v -1.267878 2.402240 -1.546716
v -1.122841 0.502240 -1.517563
v -1.136563 0.602240 -1.586550
v -1.122841 2.502240 -1.517563
v -1.136563 2.402240 -1.586550
vn -0.0980 -0.0000 -0.9952
vn 0.4714 -0.0000 -0.8819
vn 0.6344 -0.0000 -0.7730
vn 0.7730 -0.0000 -0.6344
vn 0.8819 -0.0000 -0.4714
vn 0.9569 -0.0000 -0.2903
vn 0.9952 -0.0000 -0.0980
vn 0.9952 -0.0000 0.0980
vn 0.9569 -0.0000 0.2903
vn 0.8819 -0.0000 0.4714
vn 0.7730 -0.0000 0.6344
vn 0.6344 -0.0000 0.7730
vn 0.4714 -0.0000 0.8819
vn 0.2903 -0.0000 0.9569
vn 0.0980 -0.0000 0.9952
vn -0.0980 -0.0000 0.9952
vn -0.2903 -0.0000 0.9569
vn -0.4714 -0.0000 0.8819
vn -0.6344 -0.0000 0.7730
vn -0.7730 -0.0000 0.6344
vn -0.8819 -0.0000 0.4714
vn -0.9569 -0.0000 0.2903
vn -0.9952 -0.0000 0.0980
vn -0.9952 -0.0000 -0.0980
vn -0.9569 -0.0000 -0.2903
vn -0.8819 -0.0000 -0.4714
vn -0.7730 -0.0000 -0.6344
vn -0.6344 -0.0000 -0.7730
vn -0.4714 -0.0000 -0.8819
vn -0.2903 -0.0000 -0.9569
vn 0.2903 -0.0000 -0.9569
vn -0.0000 1.0000 -0.0000
vn 0.0980 -0.0000 -0.9952
vn 0.0803 -0.5735 -0.8153
vn 0.0803 0.5735 -0.8153
vn 0.2378 -0.5735 -0.7840
vn 0.2378 0.5735 -0.7840
vn 0.3862 -0.5735 -0.7225
vn 0.3862 0.5735 -0.7225
vn 0.5197 -0.5735 -0.6333
vn 0.5197 0.5735 -0.6333
vn 0.6333 -0.5735 -0.5197
vn 0.6333 0.5735 -0.5197
vn 0.7225 -0.5735 -0.3862
vn 0.7225 0.5735 -0.3862
vn 0.7840 -0.5735 -0.2378
vn 0.7840 0.5735 -0.2378
vn 0.8153 -0.5735 -0.0803
vn 0.8153 0.5735 -0.0803
vn 0.8153 -0.5735 0.0803
vn 0.8153 0.5735 0.0803
vn 0.7840 -0.5735 0.2378
vn 0.7840 0.5735 0.2378
vn 0.7225 -0.5735 0.3862
vn 0.7225 0.5735 0.3862
vn 0.6333 -0.5735 0.5197
vn 0.6333 0.5735 0.5197
vn 0.5197 -0.5735 0.6333
vn 0.5197 0.5735 0.6333
vn 0.3862 -0.5735 0.7225
vn 0.3862 0.5735 0.7225
vn 0.2378 -0.5735 0.7840
vn 0.2378 0.5735 0.7840
vn 0.0803 -0.5735 0.8153
vn 0.0803 0.5735 0.8153
vn -0.0803 -0.5735 0.8153
vn -0.0803 0.5735 0.8153
vn -0.2378 -0.5735 0.7840
vn -0.2378 0.5735 0.7840
vn -0.3862 -0.5735 0.7225
vn -0.3862 0.5735 0.7225
vn -0.5197 -0.5735 0.6333
vn -0.5197 0.5735 0.6333
vn -0.6333 -0.5735 0.5197
vn -0.6333 0.5735 0.5197
vn -0.7225 -0.5735 0.3862
vn -0.7225 0.5735 0.3862
vn -0.7840 -0.5735 0.2378
vn -0.7840 0.5735 0.2378
vn -0.8153 -0.5735 0.0803
vn -0.8153 0.5735 0.0803
vn -0.8153 -0.5735 -0.0803
vn -0.8153 0.5735 -0.0803
vn -0.7840 -0.5735 -0.2378
vn -0.7840 0.5735 -0.2378
vn -0.7225 -0.5735 -0.3862
vn -0.7225 0.5735 -0.3862
vn -0.6333 -0.5735 -0.5197
vn -0.6333 0.5735 -0.5197
vn -0.5197 -0.5735 -0.6333
vn -0.5197 0.5735 -0.6333
vn -0.3862 -0.5735 -0.7225
vn -0.3862 0.5735 -0.7225
vn -0.2378 -0.5735 -0.7840
vn -0.2378 0.5735 -0.7840
vn -0.0803 -0.5735 -0.8153
vn -0.0803 0.5735 -0.8153
vn -0.0000 -1.0000 -0.0000
vt 0.031250 0.525000
vt 0.031250 0.975000
vt 0.000000 0.975000
vt 0.000000 0.525000
vt 0.937500 0.525000
vt 0.937500 0.975000
vt 0.906250 0.975000
vt 0.906250 0.525000
vt 0.875000 0.975000
vt 0.875000 0.525000
vt 0.875000 0.975000
vt 0.843750 0.975000
vt 0.843750 0.525000
vt 0.843750 0.975000
vt 0.812500 0.975000
vt 0.812500 0.525000
vt 0.781250 0.975000
vt 0.781250 0.525000
vt 0.750000 0.975000
vt 0.750000 0.525000
vt 0.718750 0.975000
vt 0.718750 0.525000
vt 0.687500 0.975000
vt 0.687500 0.525000
vt 0.656250 0.975000
vt 0.656250 0.525000
vt 0.625000 0.975000
vt 0.625000 0.525000
vt 0.625000 0.975000
vt 0.593750 0.975000
vt 0.593750 0.525000
vt 0.593750 0.975000
vt 0.562500 0.975000
vt 0.562500 0.525000
vt 0.531250 0.975000
vt 0.531250 0.525000
vt 0.500000 0.975000
vt 0.500000 0.525000
vt 0.468750 0.975000
vt 0.468750 0.525000
vt 0.437500 0.975000
vt 0.437500 0.525000
vt 0.406250 0.975000
vt 0.406250 0.525000
vt 0.375000 0.975000
vt 0.375000 0.525000
vt 0.375000 0.975000
vt 0.343750 0.975000
vt 0.343750 0.525000
vt 0.343750 0.975000
vt 0.312500 0.975000
vt 0.312500 0.525000
vt 0.281250 0.975000
vt 0.281250 0.525000
vt 0.250000 0.975000
vt 0.250000 0.525000
vt 0.218750 0.975000
vt 0.218750 0.525000
vt 0.187500 0.975000
vt 0.187500 0.525000
vt 0.156250 0.975000
vt 0.156250 0.525000
vt 0.125000 0.975000
vt 0.125000 0.525000
vt 0.125000 0.975000
vt 0.093750 0.975000
vt 0.093750 0.525000
vt 0.093750 0.975000
vt 0.062500 0.975000
vt 0.062500 0.525000
vt 0.968750 0.525000
vt 0.968750 0.975000
vt 0.292117 0.461736
vt 0.250000 0.465884
vt 0.207883 0.461736
vt 0.167385 0.449451
vt 0.130061 0.429501
vt 0.097347 0.402653
vt 0.070499 0.369939
vt 0.050549 0.332615
vt 0.038264 0.292117
vt 0.034116 0.250000
vt 0.038264 0.207883
vt 0.050549 0.167385
vt 0.070499 0.130061
vt 0.097347 0.097347
vt 0.130061 0.070499
vt 0.167385 0.050549
vt 0.207883 0.038264
vt 0.250000 0.034116
vt 0.292117 0.038264
vt 0.332615 0.050549
vt 0.369939 0.070499
vt 0.402653 0.097347
vt 0.429501 0.130061
vt 0.449451 0.167385
vt 0.461736 0.207883
vt 0.465884 0.250000
vt 0.461736 0.292117
vt 0.449451 0.332615
vt 0.429501 0.369939
vt 0.402653 0.402653
vt 0.369939 0.429501
vt 0.332615 0.449451
vt 1.000000 0.525000
vt 1.000000 0.975000
vt 0.750000 0.490000
vt 0.796822 0.485388
vt 0.792117 0.461736
vt 0.750000 0.465884
vt 0.296822 0.485388
vt 0.250000 0.490000
vt 0.841844 0.471731
vt 0.832615 0.449451
vt 0.341844 0.471731
vt 0.883337 0.449553
vt 0.869939 0.429501
vt 0.383337 0.449553
vt 0.919706 0.419706
vt 0.902653 0.402653
vt 0.419706 0.419706
vt 0.949553 0.383337
vt 0.929501 0.369939
vt 0.449553 0.383337
vt 0.971731 0.341844
vt 0.949451 0.332615
vt 0.471731 0.341844
vt 0.985388 0.296822
vt 0.961736 0.292117
vt 0.485388 0.296822
vt 0.990000 0.250000
vt 0.965884 0.250000
vt 0.490000 0.250000
vt 0.985388 0.203178
vt 0.961736 0.207883
vt 0.485388 0.203178
vt 0.971731 0.158156
vt 0.949451 0.167385
vt 0.471731 0.158156
vt 0.949553 0.116663
vt 0.929501 0.130061
vt 0.449553 0.116663
vt 0.919706 0.080294
vt 0.902653 0.097347
vt 0.419706 0.080294
vt 0.883337 0.050447
vt 0.869939 0.070499
vt 0.383337 0.050447
vt 0.841844 0.028269
vt 0.832615 0.050549
vt 0.341844 0.028269
vt 0.796822 0.014612
vt 0.792117 0.038264
vt 0.296822 0.014612
vt 0.750000 0.010000
vt 0.750000 0.034116
vt 0.250000 0.010000
vt 0.703178 0.014612
vt 0.707883 0.038264
vt 0.203178 0.014612
vt 0.658156 0.028269
vt 0.667385 0.050549
vt 0.158156 0.028269
vt 0.616663 0.050447
vt 0.630061 0.070499
vt 0.116663 0.050447
vt 0.580294 0.080294
vt 0.597347 0.097347
vt 0.080294 0.080294
vt 0.550447 0.116663
vt 0.570499 0.130061
vt 0.050447 0.116663
vt 0.528269 0.158156
vt 0.550549 0.167385
vt 0.028269 0.158156
vt 0.514612 0.203178
vt 0.538264 0.207883
vt 0.014612 0.203178
vt 0.510000 0.250000
vt 0.534116 0.250000
vt 0.010000 0.250000
vt 0.514612 0.296822
vt 0.538264 0.292117
vt 0.014612 0.296822
vt 0.528269 0.341844
vt 0.550549 0.332615
vt 0.028269 0.341844
vt 0.550447 0.383337
vt 0.570499 0.369939
vt 0.050447 0.383337
vt 0.580294 0.419706
vt 0.597347 0.402653
vt 0.080294 0.419706
vt 0.616663 0.449553
vt 0.630061 0.429501
vt 0.116663 0.449553
vt 0.658156 0.471731
vt 0.667385 0.449451
vt 0.158156 0.471731
vt 0.703178 0.485388
vt 0.707883 0.461736
vt 0.203178 0.485388
s 0
usemtl Material.010
f 3484/3842/2128 3486/3843/2128 3362/3844/2128 3360/3845/2128
f 3368/3846/2129 3370/3847/2129 3374/3848/2129 3372/3849/2129
f 3372/3849/2130 3374/3848/2130 3378/3850/2130 3376/3851/2130
f 3376/3851/2131 3378/3852/2131 3382/3853/2131 3380/3854/2131
f 3380/3854/2132 3382/3855/2132 3386/3856/2132 3384/3857/2132
f 3384/3857/2133 3386/3856/2133 3390/3858/2133 3388/3859/2133
f 3388/3859/2134 3390/3858/2134 3394/3860/2134 3392/3861/2134
f 3392/3861/2135 3394/3860/2135 3398/3862/2135 3396/3863/2135
f 3396/3863/2136 3398/3862/2136 3402/3864/2136 3400/3865/2136
f 3400/3865/2137 3402/3864/2137 3406/3866/2137 3404/3867/2137
f 3404/3867/2138 3406/3866/2138 3410/3868/2138 3408/3869/2138
f 3408/3869/2139 3410/3870/2139 3414/3871/2139 3412/3872/2139
f 3412/3872/2140 3414/3873/2140 3418/3874/2140 3416/3875/2140
f 3416/3875/2141 3418/3874/2141 3422/3876/2141 3420/3877/2141
f 3420/3877/2142 3422/3876/2142 3426/3878/2142 3424/3879/2142
f 3424/3879/2143 3426/3878/2143 3430/3880/2143 3428/3881/2143
f 3428/3881/2144 3430/3880/2144 3434/3882/2144 3432/3883/2144
f 3432/3883/2145 3434/3882/2145 3438/3884/2145 3436/3885/2145
f 3436/3885/2146 3438/3884/2146 3442/3886/2146 3440/3887/2146
f 3440/3887/2147 3442/3888/2147 3446/3889/2147 3444/3890/2147
f 3444/3890/2148 3446/3891/2148 3450/3892/2148 3448/3893/2148
f 3448/3893/2149 3450/3892/2149 3454/3894/2149 3452/3895/2149
f 3452/3895/2150 3454/3894/2150 3458/3896/2150 3456/3897/2150
f 3456/3897/2151 3458/3896/2151 3462/3898/2151 3460/3899/2151
f 3460/3899/2152 3462/3898/2152 3466/3900/2152 3464/3901/2152
f 3464/3901/2153 3466/3900/2153 3470/3902/2153 3468/3903/2153
f 3468/3903/2154 3470/3902/2154 3474/3904/2154 3472/3905/2154
f 3472/3905/2155 3474/3906/2155 3478/3907/2155 3476/3908/2155
f 3476/3908/2156 3478/3909/2156 3482/3910/2156 3480/3911/2156
f 3480/3911/2157 3482/3910/2157 3486/3843/2157 3484/3842/2157
f 3364/3912/2158 3366/3913/2158 3370/3847/2158 3368/3846/2158
f 3365/3914/2159 3361/3915/2159 3485/3916/2159 3481/3917/2159 3477/3918/2159 3473/3919/2159 3469/3920/2159 3465/3921/2159 3461/3922/2159 3457/3923/2159 3453/3924/2159 3449/3925/2159 3445/3926/2159 3441/3927/2159 3437/3928/2159 3433/3929/2159 3429/3930/2159 3425/3931/2159 3421/3932/2159 3417/3933/2159 3413/3934/2159 3409/3935/2159 3405/3936/2159 3401/3937/2159 3397/3938/2159 3393/3939/2159 3389/3940/2159 3385/3941/2159 3381/3942/2159 3377/3943/2159 3373/3944/2159 3369/3945/2159
f 3360/3946/2160 3362/3947/2160 3366/3913/2160 3364/3912/2160
f 3360/3948/2161 3364/3949/2161 3363/3950/2161 3359/3951/2161
f 3366/3952/2162 3362/3953/2162 3361/3915/2162 3365/3914/2162
f 3364/3949/2163 3368/3954/2163 3367/3955/2163 3363/3950/2163
f 3370/3956/2164 3366/3952/2164 3365/3914/2164 3369/3945/2164
f 3368/3954/2165 3372/3957/2165 3371/3958/2165 3367/3955/2165
f 3374/3959/2166 3370/3956/2166 3369/3945/2166 3373/3944/2166
f 3372/3957/2167 3376/3960/2167 3375/3961/2167 3371/3958/2167
f 3378/3962/2168 3374/3959/2168 3373/3944/2168 3377/3943/2168
f 3376/3960/2169 3380/3963/2169 3379/3964/2169 3375/3961/2169
f 3382/3965/2170 3378/3962/2170 3377/3943/2170 3381/3942/2170
f 3380/3963/2171 3384/3966/2171 3383/3967/2171 3379/3964/2171
f 3386/3968/2172 3382/3965/2172 3381/3942/2172 3385/3941/2172
f 3384/3966/2173 3388/3969/2173 3387/3970/2173 3383/3967/2173
f 3390/3971/2174 3386/3968/2174 3385/3941/2174 3389/3940/2174
f 3388/3969/2175 3392/3972/2175 3391/3973/2175 3387/3970/2175
f 3394/3974/2176 3390/3971/2176 3389/3940/2176 3393/3939/2176
f 3392/3972/2177 3396/3975/2177 3395/3976/2177 3391/3973/2177
f 3398/3977/2178 3394/3974/2178 3393/3939/2178 3397/3938/2178
f 3396/3975/2179 3400/3978/2179 3399/3979/2179 3395/3976/2179
f 3402/3980/2180 3398/3977/2180 3397/3938/2180 3401/3937/2180
f 3400/3978/2181 3404/3981/2181 3403/3982/2181 3399/3979/2181
f 3406/3983/2182 3402/3980/2182 3401/3937/2182 3405/3936/2182
f 3404/3981/2183 3408/3984/2183 3407/3985/2183 3403/3982/2183
f 3410/3986/2184 3406/3983/2184 3405/3936/2184 3409/3935/2184
f 3408/3984/2185 3412/3987/2185 3411/3988/2185 3407/3985/2185
f 3414/3989/2186 3410/3986/2186 3409/3935/2186 3413/3934/2186
f 3412/3987/2187 3416/3990/2187 3415/3991/2187 3411/3988/2187
f 3418/3992/2188 3414/3989/2188 3413/3934/2188 3417/3933/2188
f 3416/3990/2189 3420/3993/2189 3419/3994/2189 3415/3991/2189
f 3422/3995/2190 3418/3992/2190 3417/3933/2190 3421/3932/2190
f 3420/3993/2191 3424/3996/2191 3423/3997/2191 3419/3994/2191
f 3426/3998/2192 3422/3995/2192 3421/3932/2192 3425/3931/2192
f 3424/3996/2193 3428/3999/2193 3427/4000/2193 3423/3997/2193
f 3430/4001/2194 3426/3998/2194 3425/3931/2194 3429/3930/2194
f 3428/3999/2195 3432/4002/2195 3431/4003/2195 3427/4000/2195
f 3434/4004/2196 3430/4001/2196 3429/3930/2196 3433/3929/2196
f 3432/4002/2197 3436/4005/2197 3435/4006/2197 3431/4003/2197
f 3438/4007/2198 3434/4004/2198 3433/3929/2198 3437/3928/2198
f 3436/4005/2199 3440/4008/2199 3439/4009/2199 3435/4006/2199
f 3442/4010/2200 3438/4007/2200 3437/3928/2200 3441/3927/2200
f 3440/4008/2201 3444/4011/2201 3443/4012/2201 3439/4009/2201
f 3446/4013/2202 3442/4010/2202 3441/3927/2202 3445/3926/2202
f 3444/4011/2203 3448/4014/2203 3447/4015/2203 3443/4012/2203
f 3450/4016/2204 3446/4013/2204 3445/3926/2204 3449/3925/2204
f 3448/4014/2205 3452/4017/2205 3451/4018/2205 3447/4015/2205
f 3454/4019/2206 3450/4016/2206 3449/3925/2206 3453/3924/2206
f 3452/4017/2207 3456/4020/2207 3455/4021/2207 3451/4018/2207
f 3458/4022/2208 3454/4019/2208 3453/3924/2208 3457/3923/2208
f 3456/4020/2209 3460/4023/2209 3459/4024/2209 3455/4021/2209
f 3462/4025/2210 3458/4022/2210 3457/3923/2210 3461/3922/2210
f 3460/4023/2211 3464/4026/2211 3463/4027/2211 3459/4024/2211
f 3466/4028/2212 3462/4025/2212 3461/3922/2212 3465/3921/2212
f 3464/4026/2213 3468/4029/2213 3467/4030/2213 3463/4027/2213
f 3470/4031/2214 3466/4028/2214 3465/3921/2214 3469/3920/2214
f 3468/4029/2215 3472/4032/2215 3471/4033/2215 3467/4030/2215
f 3474/4034/2216 3470/4031/2216 3469/3920/2216 3473/3919/2216
f 3472/4032/2217 3476/4035/2217 3475/4036/2217 3471/4033/2217
f 3478/4037/2218 3474/4034/2218 3473/3919/2218 3477/3918/2218
f 3476/4035/2219 3480/4038/2219 3479/4039/2219 3475/4036/2219
f 3482/4040/2220 3478/4037/2220 3477/3918/2220 3481/3917/2220
f 3480/4038/2221 3484/4041/2221 3483/4042/2221 3479/4039/2221
f 3486/4043/2222 3482/4040/2222 3481/3917/2222 3485/3916/2222
f 3484/4041/2223 3360/3948/2223 3359/3951/2223 3483/4042/2223
f 3362/3953/2224 3486/4043/2224 3485/3916/2224 3361/3915/2224
f 3359/3951/2225 3363/3950/2225 3367/3955/2225 3371/3958/2225 3375/3961/2225 3379/3964/2225 3383/3967/2225 3387/3970/2225 3391/3973/2225 3395/3976/2225 3399/3979/2225 3403/3982/2225 3407/3985/2225 3411/3988/2225 3415/3991/2225 3419/3994/2225 3423/3997/2225 3427/4000/2225 3431/4003/2225 3435/4006/2225 3439/4009/2225 3443/4012/2225 3447/4015/2225 3451/4018/2225 3455/4021/2225 3459/4024/2225 3463/4027/2225 3467/4030/2225 3471/4033/2225 3475/4036/2225 3479/4039/2225 3483/4042/2225
o Cylinder.004
v 1.000000 0.502240 0.450242
v 1.000000 0.602240 0.400000
v 1.000000 2.502240 0.450242
v 1.000000 2.402240 0.400000
v 1.087743 0.502240 0.458884
v 1.097545 0.602240 0.409607
v 1.087743 2.502240 0.458884
v 1.097545 2.402240 0.409607
v 1.172115 0.502240 0.484478
v 1.191342 0.602240 0.438060
v 1.172115 2.502240 0.484478
v 1.191342 2.402240 0.438060
v 1.249872 0.502240 0.526040
v 1.277785 0.602240 0.484265
v 1.249872 2.502240 0.526040
v 1.277785 2.402240 0.484265
v 1.318027 0.502240 0.581973
v 1.353553 0.602240 0.546447
v 1.318027 2.502240 0.581973
v 1.353553 2.402240 0.546447
v 1.373960 0.502240 0.650128
v 1.415735 0.602240 0.622215
v 1.373960 2.502240 0.650128
v 1.415735 2.402240 0.622215
v 1.415522 0.502240 0.727885
v 1.461940 0.602240 0.708658
v 1.415522 2.502240 0.727885
v 1.461940 2.402240 0.708658
v 1.441116 0.502240 0.812257
v 1.490393 0.602240 0.802455
v 1.441116 2.502240 0.812257
v 1.490393 2.402240 0.802455
v 1.449758 0.502240 0.900000
v 1.500000 0.602240 0.900000
v 1.449758 2.502240 0.900000
v 1.500000 2.402240 0.900000
v 1.441116 0.502240 0.987743
v 1.490393 0.602240 0.997545
v 1.441116 2.502240 0.987743
v 1.490393 2.402240 0.997545
v 1.415522 0.502240 1.072115
v 1.461940 0.602240 1.091342
v 1.415522 2.502240 1.072115
v 1.461940 2.402240 1.091342
v 1.373960 0.502240 1.149872
v 1.415735 0.602240 1.177785
v 1.373960 2.502240 1.149872
v 1.415735 2.402240 1.177785
v 1.318027 0.502240 1.218027
v 1.353553 0.602240 1.253553
v 1.318027 2.502240 1.218027
v 1.353553 2.402240 1.253553
v 1.249872 0.502240 1.273960
v 1.277785 0.602240 1.315735
v 1.249872 2.502240 1.273960
v 1.277785 2.402240 1.315735
v 1.172115 0.502240 1.315522
v 1.191342 0.602240 1.361940
v 1.172115 2.502240 1.315522
v 1.191342 2.402240 1.361940
v 1.087743 0.502240 1.341116
v 1.097545 0.602240 1.390393
v 1.087743 2.502240 1.341116
v 1.097545 2.402240 1.390393
v 1.000000 0.502240 1.349758
v 1.000000 0.602240 1.400000
v 1.000000 2.502240 1.349758
v 1.000000 2.402240 1.400000
v 0.912257 0.502240 1.341116
v 0.902455 0.602240 1.390393
v 0.912257 2.502240 1.341116
v 0.902455 2.402240 1.390393
v 0.827885 0.502240 1.315522
v 0.808658 0.602240 1.361940
v 0.827885 2.502240 1.315522
v 0.808658 2.402240 1.361940
v 0.750128 0.502240 1.273960
v 0.722215 0.602240 1.315735
v 0.750128 2.502240 1.273960
v 0.722215 2.402240 1.315735
v 0.681973 0.502240 1.218027
v 0.646447 0.602240 1.253553
v 0.681973 2.502240 1.218027
v 0.646447 2.402240 1.253553
v 0.626040 0.502240 1.149872
v 0.584265 0.602240 1.177785
v 0.626040 2.502240 1.149872
v 0.584265 2.402240 1.177785
v 0.584478 0.502240 1.072115
v 0.538060 0.602240 1.091342
v 0.584478 2.502240 1.072115
v 0.538060 2.402240 1.091342
v 0.558884 0.502240 0.987743
v 0.509607 0.602240 0.997545
v 0.558884 2.502240 0.987743
v 0.509607 2.402240 0.997545
v 0.550242 0.502240 0.900000
v 0.500000 0.602240 0.900000
v 0.550242 2.502240 0.900000
v 0.500000 2.402240 0.900000
v 0.558884 0.502240 0.812257
v 0.509607 0.602240 0.802455
v 0.558884 2.502240 0.812257
v 0.509607 2.402240 0.802455
v 0.584478 0.502240 0.727885
v 0.538060 0.602240 0.708658
v 0.584478 2.502240 0.727885
v 0.538060 2.402240 0.708658
v 0.626040 0.502240 0.650128
v 0.584265 0.602240 0.622215
v 0.626040 2.502240 0.650128
v 0.584265 2.402240 0.622215
v 0.681973 0.502240 0.581973
v 0.646447 0.602240 0.546447
v 0.681973 2.502240 0.581973
v 0.646447 2.402240 0.546447
v 0.750128 0.502240 0.526040
v 0.722215 0.602240 0.484265
v 0.750128 2.502240 0.526040
v 0.722215 2.402240 0.484265
v 0.827885 0.502240 0.484478
v 0.808658 0.602240 0.438060
v 0.827885 2.502240 0.484478
v 0.808658 2.402240 0.438060
v 0.912257 0.502240 0.458884
v 0.902455 0.602240 0.409607
v 0.912257 2.502240 0.458884
v 0.902455 2.402240 0.409607
vn -0.0980 -0.0000 -0.9952
vn 0.4714 -0.0000 -0.8819
vn 0.6344 -0.0000 -0.7730
vn 0.7730 -0.0000 -0.6344
vn 0.8819 -0.0000 -0.4714
vn 0.9569 -0.0000 -0.2903
vn 0.9952 -0.0000 -0.0980
vn 0.9952 -0.0000 0.0980
vn 0.9569 -0.0000 0.2903
vn 0.8819 -0.0000 0.4714
vn 0.7730 -0.0000 0.6344
vn 0.6344 -0.0000 0.7730
vn 0.4714 -0.0000 0.8819
vn 0.2903 -0.0000 0.9569
vn 0.0980 -0.0000 0.9952
vn -0.0980 -0.0000 0.9952
vn -0.2903 -0.0000 0.9569
vn -0.4714 -0.0000 0.8819
vn -0.6344 -0.0000 0.7730
vn -0.7730 -0.0000 0.6344
vn -0.8819 -0.0000 0.4714
vn -0.9569 -0.0000 0.2903
vn -0.9952 -0.0000 0.0980
vn -0.9952 -0.0000 -0.0980
vn -0.9569 -0.0000 -0.2903
vn -0.8819 -0.0000 -0.4714
vn -0.7730 -0.0000 -0.6344
vn -0.6344 -0.0000 -0.7730
vn -0.4714 -0.0000 -0.8819
vn -0.2903 -0.0000 -0.9569
vn 0.2903 -0.0000 -0.9569
vn -0.0000 1.0000 -0.0000
vn 0.0980 -0.0000 -0.9952
vn 0.0877 -0.4472 -0.8901
vn 0.0877 0.4472 -0.8901
vn 0.2596 -0.4472 -0.8559
vn 0.2596 0.4472 -0.8559
vn 0.4216 -0.4472 -0.7888
vn 0.4216 0.4472 -0.7888
vn 0.5674 -0.4472 -0.6914
vn 0.5674 0.4472 -0.6914
vn 0.6914 -0.4472 -0.5674
vn 0.6914 0.4472 -0.5674
vn 0.7888 -0.4472 -0.4216
vn 0.7888 0.4472 -0.4216
vn 0.8559 -0.4472 -0.2596
vn 0.8559 0.4472 -0.2596
vn 0.8901 -0.4472 -0.0877
vn 0.8901 0.4472 -0.0877
vn 0.8901 -0.4472 0.0877
vn 0.8901 0.4472 0.0877
vn 0.8559 -0.4472 0.2596
vn 0.8559 0.4472 0.2596
vn 0.7888 -0.4472 0.4216
vn 0.7888 0.4472 0.4216
vn 0.6914 -0.4472 0.5674
vn 0.6914 0.4472 0.5674
vn 0.5674 -0.4472 0.6914
vn 0.5674 0.4472 0.6914
vn 0.4216 -0.4472 0.7888
vn 0.4216 0.4472 0.7888
vn 0.2596 -0.4472 0.8559
vn 0.2596 0.4472 0.8559
vn 0.0877 -0.4472 0.8901
vn 0.0877 0.4472 0.8901
vn -0.0877 -0.4472 0.8901
vn -0.0877 0.4472 0.8901
vn -0.2596 -0.4472 0.8559
vn -0.2596 0.4472 0.8559
vn -0.4216 -0.4472 0.7888
vn -0.4216 0.4472 0.7888
vn -0.5674 -0.4472 0.6914
vn -0.5674 0.4472 0.6914
vn -0.6914 -0.4472 0.5674
vn -0.6914 0.4472 0.5674
vn -0.7888 -0.4472 0.4216
vn -0.7888 0.4472 0.4216
vn -0.8559 -0.4472 0.2596
vn -0.8559 0.4472 0.2596
vn -0.8901 -0.4472 0.0877
vn -0.8901 0.4472 0.0877
vn -0.8901 -0.4472 -0.0877
vn -0.8901 0.4472 -0.0877
vn -0.8559 -0.4472 -0.2596
vn -0.8559 0.4472 -0.2596
vn -0.7888 -0.4472 -0.4216
vn -0.7888 0.4472 -0.4216
vn -0.6914 -0.4472 -0.5674
vn -0.6914 0.4472 -0.5674
vn -0.5674 -0.4472 -0.6914
vn -0.5674 0.4472 -0.6914
vn -0.4216 -0.4472 -0.7888
vn -0.4216 0.4472 -0.7888
vn -0.2596 -0.4472 -0.8559
vn -0.2596 0.4472 -0.8559
vn -0.0877 -0.4472 -0.8901
vn -0.0877 0.4472 -0.8901
vn -0.0000 -1.0000 -0.0000
vt 0.031250 0.525000
vt 0.031250 0.975000
vt 0.000000 0.975000
vt 0.000000 0.525000
vt 0.937500 0.525000
vt 0.937500 0.975000
vt 0.906250 0.975000
vt 0.906250 0.525000
vt 0.875000 0.975000
vt 0.875000 0.525000
vt 0.875000 0.975000
vt 0.843750 0.975000
vt 0.843750 0.525000
vt 0.843750 0.975000
vt 0.812500 0.975000
vt 0.812500 0.525000
vt 0.781250 0.975000
vt 0.781250 0.525000
vt 0.750000 0.975000
vt 0.750000 0.525000
vt 0.718750 0.975000
vt 0.718750 0.525000
vt 0.687500 0.975000
vt 0.687500 0.525000
vt 0.656250 0.975000
vt 0.656250 0.525000
vt 0.625000 0.975000
vt 0.625000 0.525000
vt 0.625000 0.975000
vt 0.593750 0.975000
vt 0.593750 0.525000
vt 0.593750 0.975000
vt 0.562500 0.975000
vt 0.562500 0.525000
vt 0.531250 0.975000
vt 0.531250 0.525000
vt 0.500000 0.975000
vt 0.500000 0.525000
vt 0.468750 0.975000
vt 0.468750 0.525000
vt 0.437500 0.975000
vt 0.437500 0.525000
vt 0.406250 0.975000
vt 0.406250 0.525000
vt 0.375000 0.975000
vt 0.375000 0.525000
vt 0.375000 0.975000
vt 0.343750 0.975000
vt 0.343750 0.525000
vt 0.343750 0.975000
vt 0.312500 0.975000
vt 0.312500 0.525000
vt 0.281250 0.975000
vt 0.281250 0.525000
vt 0.250000 0.975000
vt 0.250000 0.525000
vt 0.218750 0.975000
vt 0.218750 0.525000
vt 0.187500 0.975000
vt 0.187500 0.525000
vt 0.156250 0.975000
vt 0.156250 0.525000
vt 0.125000 0.975000
vt 0.125000 0.525000
vt 0.125000 0.975000
vt 0.093750 0.975000
vt 0.093750 0.525000
vt 0.093750 0.975000
vt 0.062500 0.975000
vt 0.062500 0.525000
vt 0.968750 0.525000
vt 0.968750 0.975000
vt 0.292117 0.461736
vt 0.250000 0.465884
vt 0.207883 0.461736
vt 0.167385 0.449451
vt 0.130061 0.429501
vt 0.097347 0.402653
vt 0.070499 0.369939
vt 0.050549 0.332615
vt 0.038264 0.292117
vt 0.034116 0.250000
vt 0.038264 0.207883
vt 0.050549 0.167385
vt 0.070499 0.130061
vt 0.097347 0.097347
vt 0.130061 0.070499
vt 0.167385 0.050549
vt 0.207883 0.038264
vt 0.250000 0.034116
vt 0.292117 0.038264
vt 0.332615 0.050549
vt 0.369939 0.070499
vt 0.402653 0.097347
vt 0.429501 0.130061
vt 0.449451 0.167385
vt 0.461736 0.207883
vt 0.465884 0.250000
vt 0.461736 0.292117
vt 0.449451 0.332615
vt 0.429501 0.369939
vt 0.402653 0.402653
vt 0.369939 0.429501
vt 0.332615 0.449451
vt 1.000000 0.525000
vt 1.000000 0.975000
vt 0.750000 0.490000
vt 0.796822 0.485388
vt 0.792117 0.461736
vt 0.750000 0.465884
vt 0.296822 0.485388
vt 0.250000 0.490000
vt 0.841844 0.471731
vt 0.832615 0.449451
vt 0.341844 0.471731
vt 0.883337 0.449553
vt 0.869939 0.429501
vt 0.383337 0.449553
vt 0.919706 0.419706
vt 0.902653 0.402653
vt 0.419706 0.419706
vt 0.949553 0.383337
vt 0.929501 0.369939
vt 0.449553 0.383337
vt 0.971731 0.341844
vt 0.949451 0.332615
vt 0.471731 0.341844
vt 0.985388 0.296822
vt 0.961736 0.292117
vt 0.485388 0.296822
vt 0.990000 0.250000
vt 0.965884 0.250000
vt 0.490000 0.250000
vt 0.985388 0.203178
vt 0.961736 0.207883
vt 0.485388 0.203178
vt 0.971731 0.158156
vt 0.949451 0.167385
vt 0.471731 0.158156
vt 0.949553 0.116663
vt 0.929501 0.130061
vt 0.449553 0.116663
vt 0.919706 0.080294
vt 0.902653 0.097347
vt 0.419706 0.080294
vt 0.883337 0.050447
vt 0.869939 0.070499
vt 0.383337 0.050447
vt 0.841844 0.028269
vt 0.832615 0.050549
vt 0.341844 0.028269
vt 0.796822 0.014612
vt 0.792117 0.038264
vt 0.296822 0.014612
vt 0.750000 0.010000
vt 0.750000 0.034116
vt 0.250000 0.010000
vt 0.703178 0.014612
vt 0.707883 0.038264
vt 0.203178 0.014612
vt 0.658156 0.028269
vt 0.667385 0.050549
vt 0.158156 0.028269
vt 0.616663 0.050447
vt 0.630061 0.070499
vt 0.116663 0.050447
vt 0.580294 0.080294
vt 0.597347 0.097347
vt 0.080294 0.080294
vt 0.550447 0.116663
vt 0.570499 0.130061
vt 0.050447 0.116663
vt 0.528269 0.158156
vt 0.550549 0.167385
vt 0.028269 0.158156
vt 0.514612 0.203178
vt 0.538264 0.207883
vt 0.014612 0.203178
vt 0.510000 0.250000
vt 0.534116 0.250000
vt 0.010000 0.250000
vt 0.514612 0.296822
vt 0.538264 0.292117
vt 0.014612 0.296822
vt 0.528269 0.341844
vt 0.550549 0.332615
vt 0.028269 0.341844
vt 0.550447 0.383337
vt 0.570499 0.369939
vt 0.050447 0.383337
vt 0.580294 0.419706
vt 0.597347 0.402653
vt 0.080294 0.419706
vt 0.616663 0.449553
vt 0.630061 0.429501
vt 0.116663 0.449553
vt 0.658156 0.471731
vt 0.667385 0.449451
vt 0.158156 0.471731
vt 0.703178 0.485388
vt 0.707883 0.461736
vt 0.203178 0.485388
s 0
usemtl Material.006
f 3612/4044/2226 3614/4045/2226 3490/4046/2226 3488/4047/2226
f 3496/4048/2227 3498/4049/2227 3502/4050/2227 3500/4051/2227
f 3500/4051/2228 3502/4050/2228 3506/4052/2228 3504/4053/2228
f 3504/4053/2229 3506/4054/2229 3510/4055/2229 3508/4056/2229
f 3508/4056/2230 3510/4057/2230 3514/4058/2230 3512/4059/2230
f 3512/4059/2231 3514/4058/2231 3518/4060/2231 3516/4061/2231
f 3516/4061/2232 3518/4060/2232 3522/4062/2232 3520/4063/2232
f 3520/4063/2233 3522/4062/2233 3526/4064/2233 3524/4065/2233
f 3524/4065/2234 3526/4064/2234 3530/4066/2234 3528/4067/2234
f 3528/4067/2235 3530/4066/2235 3534/4068/2235 3532/4069/2235
f 3532/4069/2236 3534/4068/2236 3538/4070/2236 3536/4071/2236
f 3536/4071/2237 3538/4072/2237 3542/4073/2237 3540/4074/2237
f 3540/4074/2238 3542/4075/2238 3546/4076/2238 3544/4077/2238
f 3544/4077/2239 3546/4076/2239 3550/4078/2239 3548/4079/2239
f 3548/4079/2240 3550/4078/2240 3554/4080/2240 3552/4081/2240
f 3552/4081/2241 3554/4080/2241 3558/4082/2241 3556/4083/2241
f 3556/4083/2242 3558/4082/2242 3562/4084/2242 3560/4085/2242
f 3560/4085/2243 3562/4084/2243 3566/4086/2243 3564/4087/2243
f 3564/4087/2244 3566/4086/2244 3570/4088/2244 3568/4089/2244
f 3568/4089/2245 3570/4090/2245 3574/4091/2245 3572/4092/2245
f 3572/4092/2246 3574/4093/2246 3578/4094/2246 3576/4095/2246
f 3576/4095/2247 3578/4094/2247 3582/4096/2247 3580/4097/2247
f 3580/4097/2248 3582/4096/2248 3586/4098/2248 3584/4099/2248
f 3584/4099/2249 3586/4098/2249 3590/4100/2249 3588/4101/2249
f 3588/4101/2250 3590/4100/2250 3594/4102/2250 3592/4103/2250
f 3592/4103/2251 3594/4102/2251 3598/4104/2251 3596/4105/2251
f 3596/4105/2252 3598/4104/2252 3602/4106/2252 3600/4107/2252
f 3600/4107/2253 3602/4108/2253 3606/4109/2253 3604/4110/2253
f 3604/4110/2254 3606/4111/2254 3610/4112/2254 3608/4113/2254
f 3608/4113/2255 3610/4112/2255 3614/4045/2255 3612/4044/2255
f 3492/4114/2256 3494/4115/2256 3498/4049/2256 3496/4048/2256
f 3493/4116/2257 3489/4117/2257 3613/4118/2257 3609/4119/2257 3605/4120/2257 3601/4121/2257 3597/4122/2257 3593/4123/2257 3589/4124/2257 3585/4125/2257 3581/4126/2257 3577/4127/2257 3573/4128/2257 3569/4129/2257 3565/4130/2257 3561/4131/2257 3557/4132/2257 3553/4133/2257 3549/4134/2257 3545/4135/2257 3541/4136/2257 3537/4137/2257 3533/4138/2257 3529/4139/2257 3525/4140/2257 3521/4141/2257 3517/4142/2257 3513/4143/2257 3509/4144/2257 3505/4145/2257 3501/4146/2257 3497/4147/2257
f 3488/4148/2258 3490/4149/2258 3494/4115/2258 3492/4114/2258
f 3488/4150/2259 3492/4151/2259 3491/4152/2259 3487/4153/2259
f 3494/4154/2260 3490/4155/2260 3489/4117/2260 3493/4116/2260
f 3492/4151/2261 3496/4156/2261 3495/4157/2261 3491/4152/2261
f 3498/4158/2262 3494/4154/2262 3493/4116/2262 3497/4147/2262
f 3496/4156/2263 3500/4159/2263 3499/4160/2263 3495/4157/2263
f 3502/4161/2264 3498/4158/2264 3497/4147/2264 3501/4146/2264
f 3500/4159/2265 3504/4162/2265 3503/4163/2265 3499/4160/2265
f 3506/4164/2266 3502/4161/2266 3501/4146/2266 3505/4145/2266
f 3504/4162/2267 3508/4165/2267 3507/4166/2267 3503/4163/2267
f 3510/4167/2268 3506/4164/2268 3505/4145/2268 3509/4144/2268
f 3508/4165/2269 3512/4168/2269 3511/4169/2269 3507/4166/2269
f 3514/4170/2270 3510/4167/2270 3509/4144/2270 3513/4143/2270
f 3512/4168/2271 3516/4171/2271 3515/4172/2271 3511/4169/2271
f 3518/4173/2272 3514/4170/2272 3513/4143/2272 3517/4142/2272
f 3516/4171/2273 3520/4174/2273 3519/4175/2273 3515/4172/2273
f 3522/4176/2274 3518/4173/2274 3517/4142/2274 3521/4141/2274
f 3520/4174/2275 3524/4177/2275 3523/4178/2275 3519/4175/2275
f 3526/4179/2276 3522/4176/2276 3521/4141/2276 3525/4140/2276
f 3524/4177/2277 3528/4180/2277 3527/4181/2277 3523/4178/2277
f 3530/4182/2278 3526/4179/2278 3525/4140/2278 3529/4139/2278
f 3528/4180/2279 3532/4183/2279 3531/4184/2279 3527/4181/2279
f 3534/4185/2280 3530/4182/2280 3529/4139/2280 3533/4138/2280
f 3532/4183/2281 3536/4186/2281 3535/4187/2281 3531/4184/2281
f 3538/4188/2282 3534/4185/2282 3533/4138/2282 3537/4137/2282
f 3536/4186/2283 3540/4189/2283 3539/4190/2283 3535/4187/2283
f 3542/4191/2284 3538/4188/2284 3537/4137/2284 3541/4136/2284
f 3540/4189/2285 3544/4192/2285 3543/4193/2285 3539/4190/2285
f 3546/4194/2286 3542/4191/2286 3541/4136/2286 3545/4135/2286
f 3544/4192/2287 3548/4195/2287 3547/4196/2287 3543/4193/2287
f 3550/4197/2288 3546/4194/2288 3545/4135/2288 3549/4134/2288
f 3548/4195/2289 3552/4198/2289 3551/4199/2289 3547/4196/2289
f 3554/4200/2290 3550/4197/2290 3549/4134/2290 3553/4133/2290
f 3552/4198/2291 3556/4201/2291 3555/4202/2291 3551/4199/2291
f 3558/4203/2292 3554/4200/2292 3553/4133/2292 3557/4132/2292
f 3556/4201/2293 3560/4204/2293 3559/4205/2293 3555/4202/2293
f 3562/4206/2294 3558/4203/2294 3557/4132/2294 3561/4131/2294
f 3560/4204/2295 3564/4207/2295 3563/4208/2295 3559/4205/2295
f 3566/4209/2296 3562/4206/2296 3561/4131/2296 3565/4130/2296
f 3564/4207/2297 3568/4210/2297 3567/4211/2297 3563/4208/2297
f 3570/4212/2298 3566/4209/2298 3565/4130/2298 3569/4129/2298
f 3568/4210/2299 3572/4213/2299 3571/4214/2299 3567/4211/2299
f 3574/4215/2300 3570/4212/2300 3569/4129/2300 3573/4128/2300
f 3572/4213/2301 3576/4216/2301 3575/4217/2301 3571/4214/2301
f 3578/4218/2302 3574/4215/2302 3573/4128/2302 3577/4127/2302
f 3576/4216/2303 3580/4219/2303 3579/4220/2303 3575/4217/2303
f 3582/4221/2304 3578/4218/2304 3577/4127/2304 3581/4126/2304
f 3580/4219/2305 3584/4222/2305 3583/4223/2305 3579/4220/2305
f 3586/4224/2306 3582/4221/2306 3581/4126/2306 3585/4125/2306
f 3584/4222/2307 3588/4225/2307 3587/4226/2307 3583/4223/2307
f 3590/4227/2308 3586/4224/2308 3585/4125/2308 3589/4124/2308
f 3588/4225/2309 3592/4228/2309 3591/4229/2309 3587/4226/2309
f 3594/4230/2310 3590/4227/2310 3589/4124/2310 3593/4123/2310
f 3592/4228/2311 3596/4231/2311 3595/4232/2311 3591/4229/2311
f 3598/4233/2312 3594/4230/2312 3593/4123/2312 3597/4122/2312
f 3596/4231/2313 3600/4234/2313 3599/4235/2313 3595/4232/2313
f 3602/4236/2314 3598/4233/2314 3597/4122/2314 3601/4121/2314
f 3600/4234/2315 3604/4237/2315 3603/4238/2315 3599/4235/2315
f 3606/4239/2316 3602/4236/2316 3601/4121/2316 3605/4120/2316
f 3604/4237/2317 3608/4240/2317 3607/4241/2317 3603/4238/2317
f 3610/4242/2318 3606/4239/2318 3605/4120/2318 3609/4119/2318
f 3608/4240/2319 3612/4243/2319 3611/4244/2319 3607/4241/2319
f 3614/4245/2320 3610/4242/2320 3609/4119/2320 3613/4118/2320
f 3612/4243/2321 3488/4150/2321 3487/4153/2321 3611/4244/2321
f 3490/4155/2322 3614/4245/2322 3613/4118/2322 3489/4117/2322
f 3487/4153/2323 3491/4152/2323 3495/4157/2323 3499/4160/2323 3503/4163/2323 3507/4166/2323 3511/4169/2323 3515/4172/2323 3519/4175/2323 3523/4178/2323 3527/4181/2323 3531/4184/2323 3535/4187/2323 3539/4190/2323 3543/4193/2323 3547/4196/2323 3551/4199/2323 3555/4202/2323 3559/4205/2323 3563/4208/2323 3567/4211/2323 3571/4214/2323 3575/4217/2323 3579/4220/2323 3583/4223/2323 3587/4226/2323 3591/4229/2323 3595/4232/2323 3599/4235/2323 3603/4238/2323 3607/4241/2323 3611/4244/2323
o Cylinder.005
v -1.000000 0.502240 0.540194
v -1.000000 0.602240 0.500000
v -1.000000 2.502240 0.540194
v -1.000000 2.402240 0.500000
v -0.929805 0.502240 0.547107
v -0.921964 0.602240 0.507686
v -0.929805 2.502240 0.547107
v -0.921964 2.402240 0.507686
v -0.862308 0.502240 0.567582
v -0.846927 0.602240 0.530448
v -0.862308 2.502240 0.567582
v -0.846927 2.402240 0.530448
v -0.800102 0.502240 0.600832
v -0.777772 0.602240 0.567412
v -0.800102 2.502240 0.600832
v -0.777772 2.402240 0.567412
v -0.745578 0.502240 0.645578
v -0.717157 0.602240 0.617157
v -0.745578 2.502240 0.645578
v -0.717157 2.402240 0.617157
v -0.700832 0.502240 0.700102
v -0.667412 0.602240 0.677772
v -0.700832 2.502240 0.700102
v -0.667412 2.402240 0.677772
v -0.667582 0.502240 0.762308
v -0.630448 0.602240 0.746927
v -0.667582 2.502240 0.762308
v -0.630448 2.402240 0.746927
v -0.647107 0.502240 0.829805
v -0.607686 0.602240 0.821964
v -0.647107 2.502240 0.829805
v -0.607686 2.402240 0.821964
v -0.640194 0.502240 0.900000
v -0.600000 0.602240 0.900000
v -0.640194 2.502240 0.900000
v -0.600000 2.402240 0.900000
v -0.647107 0.502240 0.970195
v -0.607686 0.602240 0.978036
v -0.647107 2.502240 0.970195
v -0.607686 2.402240 0.978036
v -0.667582 0.502240 1.037692
v -0.630448 0.602240 1.053073
v -0.667582 2.502240 1.037692
v -0.630448 2.402240 1.053073
v -0.700832 0.502240 1.099898
v -0.667412 0.602240 1.122228
v -0.700832 2.502240 1.099898
v -0.667412 2.402240 1.122228
v -0.745578 0.502240 1.154422
v -0.717157 0.602240 1.182843
v -0.745578 2.502240 1.154422
v -0.717157 2.402240 1.182843
v -0.800102 0.502240 1.199168
v -0.777772 0.602240 1.232588
v -0.800102 2.502240 1.199168
v -0.777772 2.402240 1.232588
v -0.862308 0.502240 1.232418
v -0.846927 0.602240 1.269552
v -0.862308 2.502240 1.232418
v -0.846927 2.402240 1.269552
v -0.929805 0.502240 1.252893
v -0.921964 0.602240 1.292314
v -0.929805 2.502240 1.252893
v -0.921964 2.402240 1.292314
v -1.000000 0.502240 1.259806
v -1.000000 0.602240 1.300000
v -1.000000 2.502240 1.259806
v -1.000000 2.402240 1.300000
v -1.070195 0.502240 1.252893
v -1.078036 0.602240 1.292314
v -1.070195 2.502240 1.252893
v -1.078036 2.402240 1.292314
v -1.137692 0.502240 1.232418
v -1.153073 0.602240 1.269552
v -1.137692 2.502240 1.232418
v -1.153073 2.402240 1.269552
v -1.199898 0.502240 1.199168
v -1.222228 0.602240 1.232588
v -1.199898 2.502240 1.199168
v -1.222228 2.402240 1.232588
v -1.254422 0.502240 1.154422
v -1.282843 0.602240 1.182843
v -1.254422 2.502240 1.154422
v -1.282843 2.402240 1.182843
v -1.299168 0.502240 1.099898
v -1.332588 0.602240 1.122228
v -1.299168 2.502240 1.099898
v -1.332588 2.402240 1.122228
v -1.332418 0.502240 1.037692
v -1.369552 0.602240 1.053073
v -1.332418 2.502240 1.037692
v -1.369552 2.402240 1.053073
v -1.352893 0.502240 0.970195
v -1.392314 0.602240 0.978036
v -1.352893 2.502240 0.970195
v -1.392314 2.402240 0.978036
v -1.359806 0.502240 0.900000
v -1.400000 0.602240 0.900000
v -1.359806 2.502240 0.900000
v -1.400000 2.402240 0.900000
v -1.352893 0.502240 0.829805
v -1.392314 0.602240 0.821964
v -1.352893 2.502240 0.829805
v -1.392314 2.402240 0.821964
v -1.332418 0.502240 0.762308
v -1.369552 0.602240 0.746927
v -1.332418 2.502240 0.762308
v -1.369552 2.402240 0.746927
v -1.299168 0.502240 0.700102
v -1.332588 0.602240 0.677772
v -1.299168 2.502240 0.700102
v -1.332588 2.402240 0.677772
v -1.254422 0.502240 0.645578
v -1.282843 0.602240 0.617157
v -1.254422 2.502240 0.645578
v -1.282843 2.402240 0.617157
v -1.199898 0.502240 0.600832
v -1.222228 0.602240 0.567412
v -1.199898 2.502240 0.600832
v -1.222228 2.402240 0.567412
v -1.137692 0.502240 0.567582
v -1.153073 0.602240 0.530448
v -1.137692 2.502240 0.567582
v -1.153073 2.402240 0.530448
v -1.070195 0.502240 0.547107
v -1.078036 0.602240 0.507686
v -1.070195 2.502240 0.547107
v -1.078036 2.402240 0.507686
vn -0.0980 -0.0000 -0.9952
vn 0.4714 -0.0000 -0.8819
vn 0.6344 -0.0000 -0.7730
vn 0.7730 -0.0000 -0.6344
vn 0.8819 -0.0000 -0.4714
vn 0.9569 -0.0000 -0.2903
vn 0.9952 -0.0000 -0.0980
vn 0.9952 -0.0000 0.0980
vn 0.9569 -0.0000 0.2903
vn 0.8819 -0.0000 0.4714
vn 0.7730 -0.0000 0.6344
vn 0.6344 -0.0000 0.7730
vn 0.4714 -0.0000 0.8819
vn 0.2903 -0.0000 0.9569
vn 0.0980 -0.0000 0.9952
vn -0.0980 -0.0000 0.9952
vn -0.2903 -0.0000 0.9569
vn -0.4714 -0.0000 0.8819
vn -0.6344 -0.0000 0.7730
vn -0.7730 -0.0000 0.6344
vn -0.8819 -0.0000 0.4714
vn -0.9569 -0.0000 0.2903
vn -0.9952 -0.0000 0.0980
vn -0.9952 -0.0000 -0.0980
vn -0.9569 -0.0000 -0.2903
vn -0.8819 -0.0000 -0.4714
vn -0.7730 -0.0000 -0.6344
vn -0.6344 -0.0000 -0.7730
vn -0.4714 -0.0000 -0.8819
vn -0.2903 -0.0000 -0.9569
vn 0.2903 -0.0000 -0.9569
vn -0.0000 1.0000 -0.0000
vn 0.0980 -0.0000 -0.9952
vn 0.0910 -0.3714 -0.9240
vn 0.0910 0.3714 -0.9240
vn 0.2695 -0.3714 -0.8885
vn 0.2695 0.3714 -0.8885
vn 0.4377 -0.3714 -0.8188
vn 0.4377 0.3714 -0.8188
vn 0.5890 -0.3714 -0.7177
vn 0.5890 0.3714 -0.7177
vn 0.7177 -0.3714 -0.5890
vn 0.7177 0.3714 -0.5890
vn 0.8188 -0.3714 -0.4377
vn 0.8188 0.3714 -0.4377
vn 0.8885 -0.3714 -0.2695
vn 0.8885 0.3714 -0.2695
vn 0.9240 -0.3714 -0.0910
vn 0.9240 0.3714 -0.0910
vn 0.9240 -0.3714 0.0910
vn 0.9240 0.3714 0.0910
vn 0.8885 -0.3714 0.2695
vn 0.8885 0.3714 0.2695
vn 0.8188 -0.3714 0.4377
vn 0.8188 0.3714 0.4377
vn 0.7177 -0.3714 0.5890
vn 0.7177 0.3714 0.5890
vn 0.5890 -0.3714 0.7177
vn 0.5890 0.3714 0.7177
vn 0.4377 -0.3714 0.8188
vn 0.4377 0.3714 0.8188
vn 0.2695 -0.3714 0.8885
vn 0.2695 0.3714 0.8885
vn 0.0910 -0.3714 0.9240
vn 0.0910 0.3714 0.9240
vn -0.0910 -0.3714 0.9240
vn -0.0910 0.3714 0.9240
vn -0.2695 -0.3714 0.8885
vn -0.2695 0.3714 0.8885
vn -0.4377 -0.3714 0.8188
vn -0.4377 0.3714 0.8188
vn -0.5890 -0.3714 0.7177
vn -0.5890 0.3714 0.7177
vn -0.7177 -0.3714 0.5890
vn -0.7177 0.3714 0.5890
vn -0.8188 -0.3714 0.4377
vn -0.8188 0.3714 0.4377
vn -0.8885 -0.3714 0.2695
vn -0.8885 0.3714 0.2695
vn -0.9240 -0.3714 0.0910
vn -0.9240 0.3714 0.0910
vn -0.9240 -0.3714 -0.0910
vn -0.9240 0.3714 -0.0910
vn -0.8885 -0.3714 -0.2695
vn -0.8885 0.3714 -0.2695
vn -0.8188 -0.3714 -0.4377
vn -0.8188 0.3714 -0.4377
vn -0.7177 -0.3714 -0.5890
vn -0.7177 0.3714 -0.5890
vn -0.5890 -0.3714 -0.7177
vn -0.5890 0.3714 -0.7177
vn -0.4377 -0.3714 -0.8188
vn -0.4377 0.3714 -0.8188
vn -0.2695 -0.3714 -0.8885
vn -0.2695 0.3714 -0.8885
vn -0.0910 -0.3714 -0.9240
vn -0.0910 0.3714 -0.9240
vn -0.0000 -1.0000 -0.0000
vt 0.031250 0.525000
vt 0.031250 0.975000
vt 0.000000 0.975000
vt 0.000000 0.525000
vt 0.937500 0.525000
vt 0.937500 0.975000
vt 0.906250 0.975000
vt 0.906250 0.525000
vt 0.875000 0.975000
vt 0.875000 0.525000
vt 0.875000 0.975000
vt 0.843750 0.975000
vt 0.843750 0.525000
vt 0.843750 0.975000
vt 0.812500 0.975000
vt 0.812500 0.525000
vt 0.781250 0.975000
vt 0.781250 0.525000
vt 0.750000 0.975000
vt 0.750000 0.525000
vt 0.718750 0.975000
vt 0.718750 0.525000
vt 0.687500 0.975000
vt 0.687500 0.525000
vt 0.656250 0.975000
vt 0.656250 0.525000
vt 0.625000 0.975000
vt 0.625000 0.525000
vt 0.625000 0.975000
vt 0.593750 0.975000
vt 0.593750 0.525000
vt 0.593750 0.975000
vt 0.562500 0.975000
vt 0.562500 0.525000
vt 0.531250 0.975000
vt 0.531250 0.525000
vt 0.500000 0.975000
vt 0.500000 0.525000
vt 0.468750 0.975000
vt 0.468750 0.525000
vt 0.437500 0.975000
vt 0.437500 0.525000
vt 0.406250 0.975000
vt 0.406250 0.525000
vt 0.375000 0.975000
vt 0.375000 0.525000
vt 0.375000 0.975000
vt 0.343750 0.975000
vt 0.343750 0.525000
vt 0.343750 0.975000
vt 0.312500 0.975000
vt 0.312500 0.525000
vt 0.281250 0.975000
vt 0.281250 0.525000
vt 0.250000 0.975000
vt 0.250000 0.525000
vt 0.218750 0.975000
vt 0.218750 0.525000
vt 0.187500 0.975000
vt 0.187500 0.525000
vt 0.156250 0.975000
vt 0.156250 0.525000
vt 0.125000 0.975000
vt 0.125000 0.525000
vt 0.125000 0.975000
vt 0.093750 0.975000
vt 0.093750 0.525000
vt 0.093750 0.975000
vt 0.062500 0.975000
vt 0.062500 0.525000
vt 0.968750 0.525000
vt 0.968750 0.975000
vt 0.292117 0.461736
vt 0.250000 0.465884
vt 0.207883 0.461736
vt 0.167385 0.449451
vt 0.130061 0.429501
vt 0.097347 0.402653
vt 0.070499 0.369939
vt 0.050549 0.332615
vt 0.038264 0.292117
vt 0.034116 0.250000
vt 0.038264 0.207883
vt 0.050549 0.167385
vt 0.070499 0.130061
vt 0.097347 0.097347
vt 0.130061 0.070499
vt 0.167385 0.050549
vt 0.207883 0.038264
vt 0.250000 0.034116
vt 0.292117 0.038264
vt 0.332615 0.050549
vt 0.369939 0.070499
vt 0.402653 0.097347
vt 0.429501 0.130061
vt 0.449451 0.167385
vt 0.461736 0.207883
vt 0.465884 0.250000
vt 0.461736 0.292117
vt 0.449451 0.332615
vt 0.429501 0.369939
vt 0.402653 0.402653
vt 0.369939 0.429501
vt 0.332615 0.449451
vt 1.000000 0.525000
vt 1.000000 0.975000
vt 0.750000 0.490000
vt 0.796822 0.485388
vt 0.792117 0.461736
vt 0.750000 0.465884
vt 0.296822 0.485388
vt 0.250000 0.490000
vt 0.841844 0.471731
vt 0.832615 0.449451
vt 0.341844 0.471731
vt 0.883337 0.449553
vt 0.869939 0.429501
vt 0.383337 0.449553
vt 0.919706 0.419706
vt 0.902653 0.402653
vt 0.419706 0.419706
vt 0.949553 0.383337
vt 0.929501 0.369939
vt 0.449553 0.383337
vt 0.971731 0.341844
vt 0.949451 0.332615
vt 0.471731 0.341844
vt 0.985388 0.296822
vt 0.961736 0.292117
vt 0.485388 0.296822
vt 0.990000 0.250000
vt 0.965884 0.250000
vt 0.490000 0.250000
vt 0.985388 0.203178
vt 0.961736 0.207883
vt 0.485388 0.203178
vt 0.971731 0.158156
vt 0.949451 0.167385
vt 0.471731 0.158156
vt 0.949553 0.116663
vt 0.929501 0.130061
vt 0.449553 0.116663
vt 0.919706 0.080294
vt 0.902653 0.097347
vt 0.419706 0.080294
vt 0.883337 0.050447
vt 0.869939 0.070499
vt 0.383337 0.050447
vt 0.841844 0.028269
vt 0.832615 0.050549
vt 0.341844 0.028269
vt 0.796822 0.014612
vt 0.792117 0.038264
vt 0.296822 0.014612
vt 0.750000 0.010000
vt 0.750000 0.034116
vt 0.250000 0.010000
vt 0.703178 0.014612
vt 0.707883 0.038264
vt 0.203178 0.014612
vt 0.658156 0.028269
vt 0.667385 0.050549
vt 0.158156 0.028269
vt 0.616663 0.050447
vt 0.630061 0.070499
vt 0.116663 0.050447
vt 0.580294 0.080294
vt 0.597347 0.097347
vt 0.080294 0.080294
vt 0.550447 0.116663
vt 0.570499 0.130061
vt 0.050447 0.116663
vt 0.528269 0.158156
vt 0.550549 0.167385
vt 0.028269 0.158156
vt 0.514612 0.203178
vt 0.538264 0.207883
vt 0.014612 0.203178
vt 0.510000 0.250000
vt 0.534116 0.250000
vt 0.010000 0.250000
vt 0.514612 0.296822
vt 0.538264 0.292117
vt 0.014612 0.296822
vt 0.528269 0.341844
vt 0.550549 0.332615
vt 0.028269 0.341844
vt 0.550447 0.383337
vt 0.570499 0.369939
vt 0.050447 0.383337
vt 0.580294 0.419706
vt 0.597347 0.402653
vt 0.080294 0.419706
vt 0.616663 0.449553
vt 0.630061 0.429501
vt 0.116663 0.449553
vt 0.658156 0.471731
vt 0.667385 0.449451
vt 0.158156 0.471731
vt 0.703178 0.485388
vt 0.707883 0.461736
vt 0.203178 0.485388
s 0
usemtl Material.009
f 3740/4246/2324 3742/4247/2324 3618/4248/2324 3616/4249/2324
f 3624/4250/2325 3626/4251/2325 3630/4252/2325 3628/4253/2325
f 3628/4253/2326 3630/4252/2326 3634/4254/2326 3632/4255/2326
f 3632/4255/2327 3634/4256/2327 3638/4257/2327 3636/4258/2327
f 3636/4258/2328 3638/4259/2328 3642/4260/2328 3640/4261/2328
f 3640/4261/2329 3642/4260/2329 3646/4262/2329 3644/4263/2329
f 3644/4263/2330 3646/4262/2330 3650/4264/2330 3648/4265/2330
f 3648/4265/2331 3650/4264/2331 3654/4266/2331 3652/4267/2331
f 3652/4267/2332 3654/4266/2332 3658/4268/2332 3656/4269/2332
f 3656/4269/2333 3658/4268/2333 3662/4270/2333 3660/4271/2333
f 3660/4271/2334 3662/4270/2334 3666/4272/2334 3664/4273/2334
f 3664/4273/2335 3666/4274/2335 3670/4275/2335 3668/4276/2335
f 3668/4276/2336 3670/4277/2336 3674/4278/2336 3672/4279/2336
f 3672/4279/2337 3674/4278/2337 3678/4280/2337 3676/4281/2337
f 3676/4281/2338 3678/4280/2338 3682/4282/2338 3680/4283/2338
f 3680/4283/2339 3682/4282/2339 3686/4284/2339 3684/4285/2339
f 3684/4285/2340 3686/4284/2340 3690/4286/2340 3688/4287/2340
f 3688/4287/2341 3690/4286/2341 3694/4288/2341 3692/4289/2341
f 3692/4289/2342 3694/4288/2342 3698/4290/2342 3696/4291/2342
f 3696/4291/2343 3698/4292/2343 3702/4293/2343 3700/4294/2343
f 3700/4294/2344 3702/4295/2344 3706/4296/2344 3704/4297/2344
f 3704/4297/2345 3706/4296/2345 3710/4298/2345 3708/4299/2345
f 3708/4299/2346 3710/4298/2346 3714/4300/2346 3712/4301/2346
f 3712/4301/2347 3714/4300/2347 3718/4302/2347 3716/4303/2347
f 3716/4303/2348 3718/4302/2348 3722/4304/2348 3720/4305/2348
f 3720/4305/2349 3722/4304/2349 3726/4306/2349 3724/4307/2349
f 3724/4307/2350 3726/4306/2350 3730/4308/2350 3728/4309/2350
f 3728/4309/2351 3730/4310/2351 3734/4311/2351 3732/4312/2351
f 3732/4312/2352 3734/4313/2352 3738/4314/2352 3736/4315/2352
f 3736/4315/2353 3738/4314/2353 3742/4247/2353 3740/4246/2353
f 3620/4316/2354 3622/4317/2354 3626/4251/2354 3624/4250/2354
f 3621/4318/2355 3617/4319/2355 3741/4320/2355 3737/4321/2355 3733/4322/2355 3729/4323/2355 3725/4324/2355 3721/4325/2355 3717/4326/2355 3713/4327/2355 3709/4328/2355 3705/4329/2355 3701/4330/2355 3697/4331/2355 3693/4332/2355 3689/4333/2355 3685/4334/2355 3681/4335/2355 3677/4336/2355 3673/4337/2355 3669/4338/2355 3665/4339/2355 3661/4340/2355 3657/4341/2355 3653/4342/2355 3649/4343/2355 3645/4344/2355 3641/4345/2355 3637/4346/2355 3633/4347/2355 3629/4348/2355 3625/4349/2355
f 3616/4350/2356 3618/4351/2356 3622/4317/2356 3620/4316/2356
f 3616/4352/2357 3620/4353/2357 3619/4354/2357 3615/4355/2357
f 3622/4356/2358 3618/4357/2358 3617/4319/2358 3621/4318/2358
f 3620/4353/2359 3624/4358/2359 3623/4359/2359 3619/4354/2359
f 3626/4360/2360 3622/4356/2360 3621/4318/2360 3625/4349/2360
f 3624/4358/2361 3628/4361/2361 3627/4362/2361 3623/4359/2361
f 3630/4363/2362 3626/4360/2362 3625/4349/2362 3629/4348/2362
f 3628/4361/2363 3632/4364/2363 3631/4365/2363 3627/4362/2363
f 3634/4366/2364 3630/4363/2364 3629/4348/2364 3633/4347/2364
f 3632/4364/2365 3636/4367/2365 3635/4368/2365 3631/4365/2365
f 3638/4369/2366 3634/4366/2366 3633/4347/2366 3637/4346/2366
f 3636/4367/2367 3640/4370/2367 3639/4371/2367 3635/4368/2367
f 3642/4372/2368 3638/4369/2368 3637/4346/2368 3641/4345/2368
f 3640/4370/2369 3644/4373/2369 3643/4374/2369 3639/4371/2369
f 3646/4375/2370 3642/4372/2370 3641/4345/2370 3645/4344/2370
f 3644/4373/2371 3648/4376/2371 3647/4377/2371 3643/4374/2371
f 3650/4378/2372 3646/4375/2372 3645/4344/2372 3649/4343/2372
f 3648/4376/2373 3652/4379/2373 3651/4380/2373 3647/4377/2373
f 3654/4381/2374 3650/4378/2374 3649/4343/2374 3653/4342/2374
f 3652/4379/2375 3656/4382/2375 3655/4383/2375 3651/4380/2375
f 3658/4384/2376 3654/4381/2376 3653/4342/2376 3657/4341/2376
f 3656/4382/2377 3660/4385/2377 3659/4386/2377 3655/4383/2377
f 3662/4387/2378 3658/4384/2378 3657/4341/2378 3661/4340/2378
f 3660/4385/2379 3664/4388/2379 3663/4389/2379 3659/4386/2379
f 3666/4390/2380 3662/4387/2380 3661/4340/2380 3665/4339/2380
f 3664/4388/2381 3668/4391/2381 3667/4392/2381 3663/4389/2381
f 3670/4393/2382 3666/4390/2382 3665/4339/2382 3669/4338/2382
f 3668/4391/2383 3672/4394/2383 3671/4395/2383 3667/4392/2383
f 3674/4396/2384 3670/4393/2384 3669/4338/2384 3673/4337/2384
f 3672/4394/2385 3676/4397/2385 3675/4398/2385 3671/4395/2385
f 3678/4399/2386 3674/4396/2386 3673/4337/2386 3677/4336/2386
f 3676/4397/2387 3680/4400/2387 3679/4401/2387 3675/4398/2387
f 3682/4402/2388 3678/4399/2388 3677/4336/2388 3681/4335/2388
f 3680/4400/2389 3684/4403/2389 3683/4404/2389 3679/4401/2389
f 3686/4405/2390 3682/4402/2390 3681/4335/2390 3685/4334/2390
f 3684/4403/2391 3688/4406/2391 3687/4407/2391 3683/4404/2391
f 3690/4408/2392 3686/4405/2392 3685/4334/2392 3689/4333/2392
f 3688/4406/2393 3692/4409/2393 3691/4410/2393 3687/4407/2393
f 3694/4411/2394 3690/4408/2394 3689/4333/2394 3693/4332/2394
f 3692/4409/2395 3696/4412/2395 3695/4413/2395 3691/4410/2395
f 3698/4414/2396 3694/4411/2396 3693/4332/2396 3697/4331/2396
f 3696/4412/2397 3700/4415/2397 3699/4416/2397 3695/4413/2397
f 3702/4417/2398 3698/4414/2398 3697/4331/2398 3701/4330/2398
f 3700/4415/2399 3704/4418/2399 3703/4419/2399 3699/4416/2399
f 3706/4420/2400 3702/4417/2400 3701/4330/2400 3705/4329/2400
f 3704/4418/2401 3708/4421/2401 3707/4422/2401 3703/4419/2401
f 3710/4423/2402 3706/4420/2402 3705/4329/2402 3709/4328/2402
f 3708/4421/2403 3712/4424/2403 3711/4425/2403 3707/4422/2403
f 3714/4426/2404 3710/4423/2404 3709/4328/2404 3713/4327/2404
f 3712/4424/2405 3716/4427/2405 3715/4428/2405 3711/4425/2405
f 3718/4429/2406 3714/4426/2406 3713/4327/2406 3717/4326/2406
f 3716/4427/2407 3720/4430/2407 3719/4431/2407 3715/4428/2407
f 3722/4432/2408 3718/4429/2408 3717/4326/2408 3721/4325/2408
f 3720/4430/2409 3724/4433/2409 3723/4434/2409 3719/4431/2409
f 3726/4435/2410 3722/4432/2410 3721/4325/2410 3725/4324/2410
f 3724/4433/2411 3728/4436/2411 3727/4437/2411 3723/4434/2411
f 3730/4438/2412 3726/4435/2412 3725/4324/2412 3729/4323/2412
f 3728/4436/2413 3732/4439/2413 3731/4440/2413 3727/4437/2413
f 3734/4441/2414 3730/4438/2414 3729/4323/2414 3733/4322/2414
f 3732/4439/2415 3736/4442/2415 3735/4443/2415 3731/4440/2415
f 3738/4444/2416 3734/4441/2416 3733/4322/2416 3737/4321/2416
f 3736/4442/2417 3740/4445/2417 3739/4446/2417 3735/4443/2417
f 3742/4447/2418 3738/4444/2418 3737/4321/2418 3741/4320/2418
f 3740/4445/2419 3616/4352/2419 3615/4355/2419 3739/4446/2419
f 3618/4357/2420 3742/4447/2420 3741/4320/2420 3617/4319/2420
f 3615/4355/2421 3619/4354/2421 3623/4359/2421 3627/4362/2421 3631/4365/2421 3635/4368/2421 3639/4371/2421 3643/4374/2421 3647/4377/2421 3651/4380/2421 3655/4383/2421 3659/4386/2421 3663/4389/2421 3667/4392/2421 3671/4395/2421 3675/4398/2421 3679/4401/2421 3683/4404/2421 3687/4407/2421 3691/4410/2421 3695/4413/2421 3699/4416/2421 3703/4419/2421 3707/4422/2421 3711/4425/2421 3715/4428/2421 3719/4431/2421 3723/4434/2421 3727/4437/2421 3731/4440/2421 3735/4443/2421 3739/4446/2421
o Cube.004
v 1.811891 -2.314612 1.910400
v 1.811891 -2.210612 1.990000
v 1.807891 -2.210612 1.910400
v 1.811891 -2.313332 1.922853
v 1.811891 -2.309523 1.934997
v 1.811891 -2.303276 1.946539
v 1.811891 -2.294750 1.957187
v 1.811891 -2.284152 1.966686
v 1.811265 -2.313332 1.910400
v 1.811252 -2.311899 1.923236
v 1.811249 -2.307789 1.935710
v 1.811250 -2.301390 1.947087
v 1.811253 -2.293120 1.957166
v 1.811255 -2.283257 1.965939
v 1.810655 -2.309523 1.910400
v 1.810624 -2.307799 1.923333
v 1.810623 -2.303506 1.935780
v 1.810641 -2.297251 1.946737
v 1.810663 -2.289577 1.956068
v 1.810674 -2.280695 1.963993
v 1.810075 -2.303276 1.910400
v 1.810047 -2.301360 1.923267
v 1.810067 -2.297210 1.935392
v 1.810117 -2.291563 1.945757
v 1.810167 -2.284898 1.954290
v 1.810193 -2.277207 1.961357
v 1.809540 -2.294750 1.910400
v 1.809538 -2.293045 1.923153
v 1.809595 -2.289506 1.934914
v 1.809686 -2.284875 1.944733
v 1.809775 -2.279626 1.952508
v 1.809826 -2.273591 1.958602
v 1.809582 -2.270657 1.956357
v 1.811265 -2.210612 1.989020
v 1.810655 -2.210612 1.986105
v 1.810075 -2.210612 1.981324
v 1.809540 -2.210612 1.974798
v 1.809063 -2.210612 1.966686
v 1.811891 -2.226882 1.989020
v 1.811246 -2.227221 1.987923
v 1.810619 -2.227319 1.984778
v 1.810048 -2.227282 1.979880
v 1.809541 -2.227198 1.973550
v 1.809100 -2.227144 1.966001
v 1.811891 -2.242748 1.986105
v 1.811241 -2.243555 1.984785
v 1.810616 -2.243586 1.981499
v 1.810065 -2.243108 1.976712
v 1.809596 -2.242558 1.970839
v 1.809198 -2.242259 1.964040
v 1.811891 -2.257829 1.981324
v 1.811245 -2.258552 1.979857
v 1.810635 -2.258054 1.976681
v 1.810115 -2.256755 1.972358
v 1.809686 -2.255439 1.967257
v 1.809331 -2.254755 1.961371
v 1.811891 -2.271741 1.974798
v 1.811250 -2.271794 1.973493
v 1.810659 -2.270328 1.970784
v 1.810166 -2.267961 1.967240
v 1.809775 -2.265625 1.963222
v 1.809469 -2.264311 1.958603
v 1.807940 -2.226882 1.910400
v 1.808087 -2.242748 1.910400
v 1.808327 -2.257829 1.910400
v 1.808655 -2.271741 1.910400
v 1.809063 -2.284152 1.910400
v 1.807940 -2.210612 1.922853
v 1.807996 -2.227382 1.923112
v 1.808154 -2.243680 1.923187
v 1.808400 -2.258545 1.923159
v 1.808718 -2.271713 1.923095
v 1.809097 -2.283176 1.923053
v 1.808087 -2.210612 1.934997
v 1.808153 -2.227509 1.935614
v 1.808318 -2.243773 1.935637
v 1.808559 -2.258087 1.935272
v 1.808854 -2.270278 1.934851
v 1.809196 -2.280633 1.934622
v 1.808327 -2.210612 1.946539
v 1.808401 -2.227423 1.947093
v 1.808561 -2.243265 1.946711
v 1.808778 -2.256807 1.945717
v 1.809034 -2.267956 1.944710
v 1.809330 -2.277190 1.944186
v 1.808655 -2.210612 1.957187
v 1.808721 -2.227275 1.957228
v 1.808857 -2.242641 1.956105
v 1.809035 -2.255470 1.954294
v 1.809237 -2.265628 1.952506
v 1.809469 -2.273589 1.951500
v 1.811891 2.781388 1.990000
v 1.811891 2.885388 1.910400
v 1.807891 2.781388 1.910400
v 1.811891 2.797658 1.989020
v 1.811891 2.813524 1.986105
v 1.811891 2.828604 1.981324
v 1.811891 2.842517 1.974798
v 1.811891 2.854927 1.966686
v 1.811265 2.781388 1.989020
v 1.811252 2.798158 1.987923
v 1.811249 2.814456 1.984778
v 1.811250 2.829320 1.979880
v 1.811253 2.842489 1.973550
v 1.811255 2.853951 1.966001
v 1.810655 2.781388 1.986105
v 1.810624 2.798285 1.984785
v 1.810623 2.814548 1.981499
v 1.810641 2.828862 1.976712
v 1.810663 2.841054 1.970839
v 1.810674 2.851408 1.964040
v 1.810075 2.781388 1.981324
v 1.810047 2.798198 1.979857
v 1.810067 2.814040 1.976681
v 1.810117 2.827582 1.972358
v 1.810167 2.838732 1.967257
v 1.810193 2.847965 1.961371
v 1.809540 2.781388 1.974798
v 1.809538 2.798050 1.973493
v 1.809595 2.813416 1.970784
v 1.809686 2.826245 1.967240
v 1.809775 2.836403 1.963222
v 1.809826 2.844365 1.958603
v 1.809582 2.841432 1.956357
v 1.811265 2.884107 1.910400
v 1.810655 2.880298 1.910400
v 1.810075 2.874052 1.910400
v 1.809540 2.865526 1.910400
v 1.809063 2.854927 1.910400
v 1.811891 2.884107 1.922853
v 1.811246 2.882674 1.923112
v 1.810619 2.878565 1.923187
v 1.810048 2.872165 1.923159
v 1.809541 2.863896 1.923095
v 1.809100 2.854033 1.923053
v 1.811891 2.880298 1.934997
v 1.811241 2.878574 1.935614
v 1.810616 2.874281 1.935637
v 1.810065 2.868026 1.935272
v 1.809596 2.860353 1.934851
v 1.809198 2.851471 1.934622
v 1.811891 2.874052 1.946539
v 1.811245 2.872136 1.947093
v 1.810635 2.867985 1.946711
v 1.810115 2.862338 1.945717
v 1.809686 2.855673 1.944710
v 1.809331 2.847983 1.944186
v 1.811891 2.865526 1.957187
v 1.811250 2.863821 1.957228
v 1.810659 2.860282 1.956105
v 1.810166 2.855650 1.954294
v 1.809775 2.850401 1.952506
v 1.809469 2.844367 1.951500
v 1.807940 2.781388 1.922853
v 1.808087 2.781388 1.934997
v 1.808327 2.781388 1.946539
v 1.808655 2.781388 1.957187
v 1.809063 2.781388 1.966686
v 1.807940 2.797658 1.910400
v 1.807996 2.797996 1.923236
v 1.808154 2.798095 1.935710
v 1.808400 2.798058 1.947087
v 1.808718 2.797974 1.957166
v 1.809097 2.797920 1.965939
v 1.808087 2.813524 1.910400
v 1.808153 2.814331 1.923333
v 1.808318 2.814361 1.935780
v 1.808559 2.813884 1.946737
v 1.808854 2.813333 1.956068
v 1.809196 2.813034 1.963993
v 1.808327 2.828604 1.910400
v 1.808401 2.829328 1.923267
v 1.808561 2.828829 1.935392
v 1.808778 2.827530 1.945757
v 1.809034 2.826214 1.954290
v 1.809330 2.825531 1.961357
v 1.808655 2.842517 1.910400
v 1.808721 2.842570 1.923153
v 1.808857 2.841103 1.934914
v 1.809035 2.838737 1.944733
v 1.809237 2.836400 1.952508
v 1.809469 2.835087 1.958602
v 1.811891 -2.314612 -1.910400
v 1.807891 -2.210612 -1.910400
v 1.811891 -2.210612 -1.990000
v 1.811265 -2.313332 -1.910400
v 1.810655 -2.309523 -1.910400
v 1.810075 -2.303276 -1.910400
v 1.809540 -2.294750 -1.910400
v 1.809063 -2.284152 -1.910400
v 1.811891 -2.313332 -1.922853
v 1.811246 -2.311899 -1.923112
v 1.810619 -2.307789 -1.923187
v 1.810048 -2.301390 -1.923159
v 1.809541 -2.293120 -1.923095
v 1.809100 -2.283257 -1.923053
v 1.811891 -2.309523 -1.934997
v 1.811241 -2.307799 -1.935614
v 1.810616 -2.303506 -1.935637
v 1.810065 -2.297251 -1.935272
v 1.809596 -2.289577 -1.934851
v 1.809198 -2.280695 -1.934622
v 1.811891 -2.303276 -1.946539
v 1.811245 -2.301360 -1.947093
v 1.810635 -2.297210 -1.946711
v 1.810115 -2.291563 -1.945717
v 1.809686 -2.284898 -1.944710
v 1.809331 -2.277207 -1.944186
v 1.811891 -2.294750 -1.957187
v 1.811250 -2.293045 -1.957228
v 1.810659 -2.289506 -1.956105
v 1.810166 -2.284875 -1.954294
v 1.809775 -2.279626 -1.952506
v 1.809469 -2.273591 -1.951500
v 1.809582 -2.270657 -1.956357
v 1.807940 -2.210612 -1.922853
v 1.808087 -2.210612 -1.934997
v 1.808327 -2.210612 -1.946539
v 1.808655 -2.210612 -1.957187
v 1.809063 -2.210612 -1.966686
v 1.807940 -2.226882 -1.910400
v 1.807996 -2.227221 -1.923236
v 1.808154 -2.227319 -1.935710
v 1.808400 -2.227282 -1.947087
v 1.808718 -2.227198 -1.957166
v 1.809097 -2.227144 -1.965939
v 1.808087 -2.242748 -1.910400
v 1.808153 -2.243555 -1.923333
v 1.808318 -2.243586 -1.935780
v 1.808559 -2.243108 -1.946737
v 1.808854 -2.242558 -1.956068
v 1.809196 -2.242259 -1.963993
v 1.808327 -2.257829 -1.910400
v 1.808401 -2.258552 -1.923267
v 1.808561 -2.258054 -1.935392
v 1.808778 -2.256755 -1.945757
v 1.809034 -2.255439 -1.954290
v 1.809330 -2.254755 -1.961357
v 1.808655 -2.271741 -1.910400
v 1.808721 -2.271794 -1.923153
v 1.808857 -2.270328 -1.934914
v 1.809035 -2.267961 -1.944733
v 1.809237 -2.265625 -1.952508
v 1.809469 -2.264311 -1.958602
v 1.811891 -2.226882 -1.989020
v 1.811891 -2.242748 -1.986105
v 1.811891 -2.257829 -1.981324
v 1.811891 -2.271741 -1.974798
v 1.811891 -2.284152 -1.966686
v 1.811265 -2.210612 -1.989020
v 1.811252 -2.227382 -1.987923
v 1.811249 -2.243680 -1.984778
v 1.811250 -2.258545 -1.979880
v 1.811253 -2.271713 -1.973550
v 1.811255 -2.283176 -1.966001
v 1.810655 -2.210612 -1.986105
v 1.810624 -2.227509 -1.984785
v 1.810623 -2.243773 -1.981499
v 1.810641 -2.258087 -1.976712
v 1.810663 -2.270278 -1.970839
v 1.810674 -2.280633 -1.964040
v 1.810075 -2.210612 -1.981324
v 1.810047 -2.227423 -1.979857
v 1.810067 -2.243265 -1.976681
v 1.810117 -2.256807 -1.972358
v 1.810167 -2.267956 -1.967257
v 1.810193 -2.277190 -1.961371
v 1.809540 -2.210612 -1.974798
v 1.809538 -2.227275 -1.973493
v 1.809595 -2.242641 -1.970784
v 1.809686 -2.255470 -1.967240
v 1.809775 -2.265628 -1.963222
v 1.809826 -2.273589 -1.958603
v 1.811891 2.885388 -1.910400
v 1.811891 2.781388 -1.990000
v 1.807891 2.781388 -1.910400
v 1.811891 2.884107 -1.922853
v 1.811891 2.880298 -1.934997
v 1.811891 2.874052 -1.946539
v 1.811891 2.865526 -1.957187
v 1.811891 2.854927 -1.966686
v 1.811265 2.884107 -1.910400
v 1.811252 2.882674 -1.923236
v 1.811249 2.878565 -1.935710
v 1.811250 2.872165 -1.947087
v 1.811253 2.863896 -1.957166
v 1.811255 2.854033 -1.965939
v 1.810655 2.880298 -1.910400
v 1.810624 2.878574 -1.923333
v 1.810623 2.874281 -1.935780
v 1.810641 2.868026 -1.946737
v 1.810663 2.860353 -1.956068
v 1.810674 2.851471 -1.963993
v 1.810075 2.874052 -1.910400
v 1.810047 2.872136 -1.923267
v 1.810067 2.867985 -1.935392
v 1.810117 2.862338 -1.945757
v 1.810167 2.855673 -1.954290
v 1.810193 2.847983 -1.961357
v 1.809540 2.865526 -1.910400
v 1.809538 2.863821 -1.923153
v 1.809595 2.860282 -1.934914
v 1.809686 2.855650 -1.944733
v 1.809775 2.850401 -1.952508
v 1.809826 2.844367 -1.958602
v 1.809582 2.841432 -1.956357
v 1.811265 2.781388 -1.989020
v 1.810655 2.781388 -1.986105
v 1.810075 2.781388 -1.981324
v 1.809540 2.781388 -1.974798
v 1.809063 2.781388 -1.966686
v 1.811891 2.797658 -1.989020
v 1.811246 2.797996 -1.987923
v 1.810619 2.798095 -1.984778
v 1.810048 2.798058 -1.979880
v 1.809541 2.797974 -1.973550
v 1.809100 2.797920 -1.966001
v 1.811891 2.813524 -1.986105
v 1.811241 2.814331 -1.984785
v 1.810616 2.814361 -1.981499
v 1.810065 2.813884 -1.976712
v 1.809596 2.813333 -1.970839
v 1.809198 2.813034 -1.964040
v 1.811891 2.828604 -1.981324
v 1.811245 2.829328 -1.979857
v 1.810635 2.828829 -1.976681
v 1.810115 2.827530 -1.972358
v 1.809686 2.826214 -1.967257
v 1.809331 2.825531 -1.961371
v 1.811891 2.842517 -1.974798
v 1.811250 2.842570 -1.973493
v 1.810659 2.841103 -1.970784
v 1.810166 2.838737 -1.967240
v 1.809775 2.836400 -1.963222
v 1.809469 2.835087 -1.958603
v 1.807940 2.797658 -1.910400
v 1.808087 2.813524 -1.910400
v 1.808327 2.828604 -1.910400
v 1.808655 2.842517 -1.910400
v 1.809063 2.854927 -1.910400
v 1.807940 2.781388 -1.922853
v 1.807996 2.798158 -1.923112
v 1.808154 2.814456 -1.923187
v 1.808400 2.829320 -1.923159
v 1.808718 2.842489 -1.923095
v 1.809097 2.853951 -1.923053
v 1.808087 2.781388 -1.934997
v 1.808153 2.798285 -1.935614
v 1.808318 2.814548 -1.935637
v 1.808559 2.828862 -1.935272
v 1.808854 2.841054 -1.934851
v 1.809196 2.851408 -1.934622
v 1.808327 2.781388 -1.946539
v 1.808401 2.798198 -1.947093
v 1.808561 2.814040 -1.946711
v 1.808778 2.827582 -1.945717
v 1.809034 2.838732 -1.944710
v 1.809330 2.847965 -1.944186
v 1.808655 2.781388 -1.957187
v 1.808721 2.798050 -1.957228
v 1.808857 2.813416 -1.956105
v 1.809035 2.826245 -1.954294
v 1.809237 2.836403 -1.952506
v 1.809469 2.844365 -1.951500
v 2.003891 -2.314612 1.910400
v 2.007891 -2.210612 1.910400
v 2.003891 -2.210612 1.990000
v 2.004517 -2.313332 1.910400
v 2.005127 -2.309523 1.910400
v 2.005707 -2.303276 1.910400
v 2.006242 -2.294750 1.910400
v 2.006720 -2.284152 1.910400
v 2.003891 -2.313332 1.922853
v 2.004536 -2.311899 1.923112
v 2.005163 -2.307789 1.923187
v 2.005735 -2.301390 1.923159
v 2.006241 -2.293120 1.923095
v 2.006682 -2.283257 1.923053
v 2.003891 -2.309523 1.934997
v 2.004541 -2.307799 1.935614
v 2.005167 -2.303506 1.935637
v 2.005717 -2.297251 1.935272
v 2.006186 -2.289577 1.934851
v 2.006584 -2.280695 1.934622
v 2.003891 -2.303276 1.946539
v 2.004538 -2.301360 1.947093
v 2.005147 -2.297210 1.946711
v 2.005668 -2.291563 1.945717
v 2.006097 -2.284898 1.944710
v 2.006452 -2.277207 1.944186
v 2.003891 -2.294750 1.957187
v 2.004532 -2.293045 1.957228
v 2.005123 -2.289506 1.956105
v 2.005617 -2.284875 1.954294
v 2.006007 -2.279626 1.952506
v 2.006314 -2.273591 1.951500
v 2.006201 -2.270657 1.956357
v 2.007842 -2.210612 1.922853
v 2.007695 -2.210612 1.934997
v 2.007455 -2.210612 1.946539
v 2.007127 -2.210612 1.957187
v 2.006720 -2.210612 1.966686
v 2.007842 -2.226882 1.910400
v 2.007787 -2.227221 1.923236
v 2.007629 -2.227319 1.935710
v 2.007383 -2.227282 1.947087
v 2.007065 -2.227198 1.957166
v 2.006685 -2.227144 1.965939
v 2.007695 -2.242748 1.910400
v 2.007629 -2.243555 1.923333
v 2.007464 -2.243586 1.935780
v 2.007224 -2.243108 1.946737
v 2.006928 -2.242558 1.956068
v 2.006587 -2.242259 1.963993
v 2.007455 -2.257829 1.910400
v 2.007382 -2.258552 1.923267
v 2.007222 -2.258054 1.935392
v 2.007005 -2.256755 1.945757
v 2.006748 -2.255439 1.954290
v 2.006453 -2.254755 1.961357
v 2.007127 -2.271741 1.910400
v 2.007062 -2.271794 1.923153
v 2.006926 -2.270328 1.934914
v 2.006747 -2.267961 1.944733
v 2.006546 -2.265625 1.952508
v 2.006314 -2.264311 1.958602
v 2.003891 -2.226882 1.989020
v 2.003891 -2.242748 1.986105
v 2.003891 -2.257829 1.981324
v 2.003891 -2.271741 1.974798
v 2.003891 -2.284152 1.966686
v 2.004517 -2.210612 1.989020
v 2.004530 -2.227382 1.987923
v 2.004534 -2.243680 1.984778
v 2.004532 -2.258545 1.979880
v 2.004529 -2.271713 1.973550
v 2.004527 -2.283176 1.966001
v 2.005127 -2.210612 1.986105
v 2.005158 -2.227509 1.984785
v 2.005159 -2.243773 1.981499
v 2.005141 -2.258087 1.976712
v 2.005120 -2.270278 1.970839
v 2.005108 -2.280633 1.964040
v 2.005707 -2.210612 1.981324
v 2.005735 -2.227423 1.979857
v 2.005716 -2.243265 1.976681
v 2.005666 -2.256807 1.972358
v 2.005615 -2.267956 1.967257
v 2.005589 -2.277190 1.961371
v 2.006242 -2.210612 1.974798
v 2.006244 -2.227275 1.973493
v 2.006188 -2.242641 1.970784
v 2.006097 -2.255470 1.967240
v 2.006007 -2.265628 1.963222
v 2.005957 -2.273589 1.958603
v 2.003891 2.885388 1.910400
v 2.003891 2.781388 1.990000
v 2.007891 2.781388 1.910400
v 2.003891 2.884107 1.922853
v 2.003891 2.880298 1.934997
v 2.003891 2.874052 1.946539
v 2.003891 2.865526 1.957187
v 2.003891 2.854927 1.966686
v 2.004517 2.884107 1.910400
v 2.004530 2.882674 1.923236
v 2.004534 2.878565 1.935710
v 2.004532 2.872165 1.947087
v 2.004529 2.863896 1.957166
v 2.004527 2.854033 1.965939
v 2.005127 2.880298 1.910400
v 2.005158 2.878574 1.923333
v 2.005159 2.874281 1.935780
v 2.005141 2.868026 1.946737
v 2.005120 2.860353 1.956068
v 2.005108 2.851471 1.963993
v 2.005707 2.874052 1.910400
v 2.005735 2.872136 1.923267
v 2.005716 2.867985 1.935392
v 2.005666 2.862338 1.945757
v 2.005615 2.855673 1.954290
v 2.005589 2.847983 1.961357
v 2.006242 2.865526 1.910400
v 2.006244 2.863821 1.923153
v 2.006188 2.860282 1.934914
v 2.006097 2.855650 1.944733
v 2.006007 2.850401 1.952508
v 2.005957 2.844367 1.958602
v 2.006201 2.841432 1.956357
v 2.004517 2.781388 1.989020
v 2.005127 2.781388 1.986105
v 2.005707 2.781388 1.981324
v 2.006242 2.781388 1.974798
v 2.006720 2.781388 1.966686
v 2.003891 2.797658 1.989020
v 2.004536 2.797996 1.987923
v 2.005163 2.798095 1.984778
v 2.005735 2.798058 1.979880
v 2.006241 2.797974 1.973550
v 2.006682 2.797920 1.966001
v 2.003891 2.813524 1.986105
v 2.004541 2.814331 1.984785
v 2.005167 2.814361 1.981499
v 2.005717 2.813884 1.976712
v 2.006186 2.813333 1.970839
v 2.006584 2.813034 1.964040
v 2.003891 2.828604 1.981324
v 2.004538 2.829328 1.979857
v 2.005147 2.828829 1.976681
v 2.005668 2.827530 1.972358
v 2.006097 2.826214 1.967257
v 2.006452 2.825531 1.961371
v 2.003891 2.842517 1.974798
v 2.004532 2.842570 1.973493
v 2.005123 2.841103 1.970784
v 2.005617 2.838737 1.967240
v 2.006007 2.836400 1.963222
v 2.006314 2.835087 1.958603
v 2.007842 2.797658 1.910400
v 2.007695 2.813524 1.910400
v 2.007455 2.828604 1.910400
v 2.007127 2.842517 1.910400
v 2.006720 2.854927 1.910400
v 2.007842 2.781388 1.922853
v 2.007787 2.798158 1.923112
v 2.007629 2.814456 1.923187
v 2.007383 2.829320 1.923159
v 2.007065 2.842489 1.923095
v 2.006685 2.853951 1.923053
v 2.007695 2.781388 1.934997
v 2.007629 2.798285 1.935614
v 2.007464 2.814548 1.935637
v 2.007224 2.828862 1.935272
v 2.006928 2.841054 1.934851
v 2.006587 2.851408 1.934622
v 2.007455 2.781388 1.946539
v 2.007382 2.798198 1.947093
v 2.007222 2.814040 1.946711
v 2.007005 2.827582 1.945717
v 2.006748 2.838732 1.944710
v 2.006453 2.847965 1.944186
v 2.007127 2.781388 1.957187
v 2.007062 2.798050 1.957228
v 2.006926 2.813416 1.956105
v 2.006747 2.826245 1.954294
v 2.006546 2.836403 1.952506
v 2.006314 2.844365 1.951500
v 2.003891 -2.314612 -1.910400
v 2.003891 -2.210612 -1.990000
v 2.007891 -2.210612 -1.910400
v 2.003891 -2.313332 -1.922853
v 2.003891 -2.309523 -1.934997
v 2.003891 -2.303276 -1.946539
v 2.003891 -2.294750 -1.957187
v 2.003891 -2.284152 -1.966686
v 2.004517 -2.313332 -1.910400
v 2.004530 -2.311899 -1.923236
v 2.004534 -2.307789 -1.935710
v 2.004532 -2.301390 -1.947087
v 2.004529 -2.293120 -1.957166
v 2.004527 -2.283257 -1.965939
v 2.005127 -2.309523 -1.910400
v 2.005158 -2.307799 -1.923333
v 2.005159 -2.303506 -1.935780
v 2.005141 -2.297251 -1.946737
v 2.005120 -2.289577 -1.956068
v 2.005108 -2.280695 -1.963993
v 2.005707 -2.303276 -1.910400
v 2.005735 -2.301360 -1.923267
v 2.005716 -2.297210 -1.935392
v 2.005666 -2.291563 -1.945757
v 2.005615 -2.284898 -1.954290
v 2.005589 -2.277207 -1.961357
v 2.006242 -2.294750 -1.910400
v 2.006244 -2.293045 -1.923153
v 2.006188 -2.289506 -1.934914
v 2.006097 -2.284875 -1.944733
v 2.006007 -2.279626 -1.952508
v 2.005957 -2.273591 -1.958602
v 2.006201 -2.270657 -1.956357
v 2.004517 -2.210612 -1.989020
v 2.005127 -2.210612 -1.986105
v 2.005707 -2.210612 -1.981324
v 2.006242 -2.210612 -1.974798
v 2.006720 -2.210612 -1.966686
v 2.003891 -2.226882 -1.989020
v 2.004536 -2.227221 -1.987923
v 2.005163 -2.227319 -1.984778
v 2.005735 -2.227282 -1.979880
v 2.006241 -2.227198 -1.973550
v 2.006682 -2.227144 -1.966001
v 2.003891 -2.242748 -1.986105
v 2.004541 -2.243555 -1.984785
v 2.005167 -2.243586 -1.981499
v 2.005717 -2.243108 -1.976712
v 2.006186 -2.242558 -1.970839
v 2.006584 -2.242259 -1.964040
v 2.003891 -2.257829 -1.981324
v 2.004538 -2.258552 -1.979857
v 2.005147 -2.258054 -1.976681
v 2.005668 -2.256755 -1.972358
v 2.006097 -2.255439 -1.967257
v 2.006452 -2.254755 -1.961371
v 2.003891 -2.271741 -1.974798
v 2.004532 -2.271794 -1.973493
v 2.005123 -2.270328 -1.970784
v 2.005617 -2.267961 -1.967240
v 2.006007 -2.265625 -1.963222
v 2.006314 -2.264311 -1.958603
v 2.007842 -2.226882 -1.910400
v 2.007695 -2.242748 -1.910400
v 2.007455 -2.257829 -1.910400
v 2.007127 -2.271741 -1.910400
v 2.006720 -2.284152 -1.910400
v 2.007842 -2.210612 -1.922853
v 2.007787 -2.227382 -1.923112
v 2.007629 -2.243680 -1.923187
v 2.007383 -2.258545 -1.923159
v 2.007065 -2.271713 -1.923095
v 2.006685 -2.283176 -1.923053
v 2.007695 -2.210612 -1.934997
v 2.007629 -2.227509 -1.935614
v 2.007464 -2.243773 -1.935637
v 2.007224 -2.258087 -1.935272
v 2.006928 -2.270278 -1.934851
v 2.006587 -2.280633 -1.934622
v 2.007455 -2.210612 -1.946539
v 2.007382 -2.227423 -1.947093
v 2.007222 -2.243265 -1.946711
v 2.007005 -2.256807 -1.945717
v 2.006748 -2.267956 -1.944710
v 2.006453 -2.277190 -1.944186
v 2.007127 -2.210612 -1.957187
v 2.007062 -2.227275 -1.957228
v 2.006926 -2.242641 -1.956105
v 2.006747 -2.255470 -1.954294
v 2.006546 -2.265628 -1.952506
v 2.006314 -2.273589 -1.951500
v 2.003891 2.885388 -1.910400
v 2.007891 2.781388 -1.910400
v 2.003891 2.781388 -1.990000
v 2.004517 2.884107 -1.910400
v 2.005127 2.880298 -1.910400
v 2.005707 2.874052 -1.910400
v 2.006242 2.865526 -1.910400
v 2.006720 2.854927 -1.910400
v 2.003891 2.884107 -1.922853
v 2.004536 2.882674 -1.923112
v 2.005163 2.878565 -1.923187
v 2.005735 2.872165 -1.923159
v 2.006241 2.863896 -1.923095
v 2.006682 2.854033 -1.923053
v 2.003891 2.880298 -1.934997
v 2.004541 2.878574 -1.935614
v 2.005167 2.874281 -1.935637
v 2.005717 2.868026 -1.935272
v 2.006186 2.860353 -1.934851
v 2.006584 2.851471 -1.934622
v 2.003891 2.874052 -1.946539
v 2.004538 2.872136 -1.947093
v 2.005147 2.867985 -1.946711
v 2.005668 2.862338 -1.945717
v 2.006097 2.855673 -1.944710
v 2.006452 2.847983 -1.944186
v 2.003891 2.865526 -1.957187
v 2.004532 2.863821 -1.957228
v 2.005123 2.860282 -1.956105
v 2.005617 2.855650 -1.954294
v 2.006007 2.850401 -1.952506
v 2.006314 2.844367 -1.951500
v 2.006201 2.841432 -1.956357
v 2.007842 2.781388 -1.922853
v 2.007695 2.781388 -1.934997
v 2.007455 2.781388 -1.946539
v 2.007127 2.781388 -1.957187
v 2.006720 2.781388 -1.966686
v 2.007842 2.797658 -1.910400
v 2.007787 2.797996 -1.923236
v 2.007629 2.798095 -1.935710
v 2.007383 2.798058 -1.947087
v 2.007065 2.797974 -1.957166
v 2.006685 2.797920 -1.965939
v 2.007695 2.813524 -1.910400
v 2.007629 2.814331 -1.923333
v 2.007464 2.814361 -1.935780
v 2.007224 2.813884 -1.946737
v 2.006928 2.813333 -1.956068
v 2.006587 2.813034 -1.963993
v 2.007455 2.828604 -1.910400
v 2.007382 2.829328 -1.923267
v 2.007222 2.828829 -1.935392
v 2.007005 2.827530 -1.945757
v 2.006748 2.826214 -1.954290
v 2.006453 2.825531 -1.961357
v 2.007127 2.842517 -1.910400
v 2.007062 2.842570 -1.923153
v 2.006926 2.841103 -1.934914
v 2.006747 2.838737 -1.944733
v 2.006546 2.836400 -1.952508
v 2.006314 2.835087 -1.958602
v 2.003891 2.797658 -1.989020
v 2.003891 2.813524 -1.986105
v 2.003891 2.828604 -1.981324
v 2.003891 2.842517 -1.974798
v 2.003891 2.854927 -1.966686
v 2.004517 2.781388 -1.989020
v 2.004530 2.798158 -1.987923
v 2.004534 2.814456 -1.984778
v 2.004532 2.829320 -1.979880
v 2.004529 2.842489 -1.973550
v 2.004527 2.853951 -1.966001
v 2.005127 2.781388 -1.986105
v 2.005158 2.798285 -1.984785
v 2.005159 2.814548 -1.981499
v 2.005141 2.828862 -1.976712
v 2.005120 2.841054 -1.970839
v 2.005108 2.851408 -1.964040
v 2.005707 2.781388 -1.981324
v 2.005735 2.798198 -1.979857
v 2.005716 2.814040 -1.976681
v 2.005666 2.827582 -1.972358
v 2.005615 2.838732 -1.967257
v 2.005589 2.847965 -1.961371
v 2.006242 2.781388 -1.974798
v 2.006244 2.798050 -1.973493
v 2.006188 2.813416 -1.970784
v 2.006097 2.826245 -1.967240
v 2.006007 2.836403 -1.963222
v 2.005957 2.844365 -1.958603
vn -0.0000 -0.0000 1.0000
vn 1.0000 -0.0000 -0.0000
vn -0.0000 1.0000 -0.0000
vn -1.0000 -0.0000 -0.0000
vn -0.0000 -0.0000 -1.0000
vn -0.9030 -0.4272 0.0454
vn -0.9021 -0.4108 0.1320
vn -0.8939 -0.3925 0.2166
vn -0.8825 -0.3654 0.2962
vn -0.8706 -0.3276 0.3670
vn -0.9878 -0.1549 0.0173
vn -0.9876 -0.1487 0.0499
vn -0.9865 -0.1419 0.0813
vn -0.9849 -0.1330 0.1104
vn -0.9833 -0.1208 0.1364
vn -0.9958 -0.0908 0.0105
vn -0.9957 -0.0875 0.0308
vn -0.9952 -0.0841 0.0501
vn -0.9945 -0.0798 0.0680
vn -0.9938 -0.0735 0.0838
vn -0.9981 -0.0618 0.0076
vn -0.9979 -0.0603 0.0226
vn -0.9976 -0.0588 0.0369
vn -0.9971 -0.0568 0.0501
vn -0.9967 -0.0536 0.0617
vn -0.9990 -0.0448 0.0060
vn -0.9988 -0.0444 0.0182
vn -0.9986 -0.0440 0.0299
vn -0.9982 -0.0435 0.0407
vn -0.9978 -0.0430 0.0501
vn -0.8502 -0.0327 0.5255
vn -0.9797 -0.0129 0.2002
vn -0.9930 -0.0079 0.1181
vn -0.9967 -0.0057 0.0807
vn -0.9983 -0.0046 0.0585
vn -0.8581 -0.0947 0.5047
vn -0.9807 -0.0375 0.1917
vn -0.9932 -0.0233 0.1138
vn -0.9967 -0.0172 0.0788
vn -0.9982 -0.0139 0.0580
vn -0.8596 -0.1571 0.4863
vn -0.9812 -0.0613 0.1830
vn -0.9933 -0.0381 0.1094
vn -0.9967 -0.0282 0.0767
vn -0.9981 -0.0229 0.0575
vn -0.8601 -0.2189 0.4608
vn -0.9815 -0.0839 0.1722
vn -0.9932 -0.0519 0.1039
vn -0.9965 -0.0383 0.0742
vn -0.9979 -0.0311 0.0569
vn -0.8627 -0.2776 0.4228
vn -0.9821 -0.1042 0.1572
vn -0.9933 -0.0641 0.0959
vn -0.9964 -0.0473 0.0700
vn -0.9977 -0.0384 0.0562
vn -1.0000 -0.0031 0.0041
vn -0.9999 -0.0095 0.0042
vn -0.9999 -0.0162 0.0044
vn -0.9997 -0.0239 0.0047
vn -0.9994 -0.0330 0.0051
vn -0.9999 -0.0033 0.0123
vn -0.9999 -0.0099 0.0128
vn -0.9998 -0.0169 0.0134
vn -0.9996 -0.0244 0.0143
vn -0.9993 -0.0332 0.0157
vn -0.9998 -0.0034 0.0212
vn -0.9997 -0.0104 0.0220
vn -0.9996 -0.0175 0.0229
vn -0.9994 -0.0251 0.0241
vn -0.9991 -0.0335 0.0261
vn -0.9995 -0.0036 0.0312
vn -0.9994 -0.0110 0.0320
vn -0.9993 -0.0185 0.0328
vn -0.9991 -0.0259 0.0339
vn -0.9988 -0.0339 0.0359
vn -0.9991 -0.0039 0.0431
vn -0.9990 -0.0121 0.0435
vn -0.9988 -0.0200 0.0438
vn -0.9986 -0.0275 0.0442
vn -0.9984 -0.0342 0.0447
vn -0.8502 0.0327 0.5255
vn -0.8555 0.0958 0.5089
vn -0.8564 0.1588 0.4913
vn -0.8579 0.2204 0.4641
vn -0.8620 0.2781 0.4238
vn -0.9796 0.0131 0.2007
vn -0.9805 0.0379 0.1929
vn -0.9809 0.0618 0.1843
vn -0.9813 0.0842 0.1731
vn -0.9820 0.1042 0.1576
vn -0.9930 0.0080 0.1182
vn -0.9932 0.0235 0.1140
vn -0.9932 0.0383 0.1096
vn -0.9932 0.0520 0.1041
vn -0.9933 0.0641 0.0960
vn -0.9967 0.0058 0.0807
vn -0.9967 0.0173 0.0787
vn -0.9967 0.0282 0.0767
vn -0.9965 0.0383 0.0742
vn -0.9964 0.0472 0.0701
vn -0.9983 0.0046 0.0585
vn -0.9982 0.0139 0.0579
vn -0.9981 0.0229 0.0574
vn -0.9979 0.0311 0.0569
vn -0.9977 0.0384 0.0562
vn -0.9030 0.4272 0.0454
vn -0.9878 0.1545 0.0171
vn -0.9958 0.0907 0.0104
vn -0.9981 0.0619 0.0075
vn -0.9990 0.0448 0.0060
vn -0.9041 0.4070 0.1304
vn -0.9878 0.1478 0.0493
vn -0.9957 0.0874 0.0305
vn -0.9979 0.0604 0.0225
vn -0.9988 0.0445 0.0182
vn -0.8964 0.3881 0.2140
vn -0.9867 0.1409 0.0806
vn -0.9952 0.0839 0.0499
vn -0.9976 0.0588 0.0368
vn -0.9986 0.0440 0.0299
vn -0.8843 0.3626 0.2941
vn -0.9851 0.1323 0.1100
vn -0.9945 0.0796 0.0679
vn -0.9971 0.0568 0.0501
vn -0.9982 0.0436 0.0407
vn -0.8712 0.3268 0.3664
vn -0.9833 0.1205 0.1363
vn -0.9938 0.0734 0.0838
vn -0.9967 0.0536 0.0618
vn -0.9978 0.0430 0.0501
vn -1.0000 0.0031 0.0041
vn -0.9999 0.0032 0.0124
vn -0.9998 0.0034 0.0212
vn -0.9995 0.0036 0.0312
vn -0.9991 0.0039 0.0430
vn -0.9999 0.0094 0.0043
vn -0.9999 0.0098 0.0129
vn -0.9997 0.0103 0.0220
vn -0.9994 0.0110 0.0319
vn -0.9990 0.0120 0.0434
vn -0.9999 0.0162 0.0045
vn -0.9998 0.0168 0.0135
vn -0.9996 0.0175 0.0229
vn -0.9993 0.0184 0.0328
vn -0.9988 0.0200 0.0438
vn -0.9997 0.0239 0.0047
vn -0.9996 0.0245 0.0144
vn -0.9994 0.0251 0.0241
vn -0.9991 0.0259 0.0339
vn -0.9986 0.0275 0.0442
vn -0.9994 0.0330 0.0051
vn -0.9993 0.0333 0.0158
vn -0.9991 0.0336 0.0261
vn -0.9988 0.0339 0.0359
vn -0.9984 0.0342 0.0447
vn -0.9030 -0.4272 -0.0454
vn -0.9878 -0.1545 -0.0171
vn -0.9958 -0.0907 -0.0104
vn -0.9981 -0.0619 -0.0075
vn -0.9990 -0.0448 -0.0060
vn -0.9041 -0.4070 -0.1304
vn -0.9878 -0.1478 -0.0493
vn -0.9957 -0.0874 -0.0305
vn -0.9979 -0.0604 -0.0225
vn -0.9988 -0.0445 -0.0182
vn -0.8964 -0.3881 -0.2140
vn -0.9867 -0.1409 -0.0806
vn -0.9952 -0.0839 -0.0499
vn -0.9976 -0.0588 -0.0368
vn -0.9986 -0.0440 -0.0299
vn -0.8843 -0.3626 -0.2941
vn -0.9851 -0.1323 -0.1100
vn -0.9945 -0.0796 -0.0679
vn -0.9971 -0.0568 -0.0501
vn -0.9982 -0.0436 -0.0407
vn -0.8712 -0.3268 -0.3664
vn -0.9833 -0.1205 -0.1363
vn -0.9938 -0.0734 -0.0838
vn -0.9967 -0.0536 -0.0618
vn -0.9978 -0.0430 -0.0501
vn -1.0000 -0.0031 -0.0041
vn -0.9999 -0.0032 -0.0124
vn -0.9998 -0.0034 -0.0212
vn -0.9995 -0.0036 -0.0312
vn -0.9991 -0.0039 -0.0430
vn -0.9999 -0.0094 -0.0043
vn -0.9999 -0.0098 -0.0129
vn -0.9997 -0.0103 -0.0220
vn -0.9994 -0.0110 -0.0319
vn -0.9990 -0.0120 -0.0434
vn -0.9999 -0.0162 -0.0045
vn -0.9998 -0.0168 -0.0135
vn -0.9996 -0.0175 -0.0229
vn -0.9993 -0.0184 -0.0328
vn -0.9988 -0.0200 -0.0438
vn -0.9997 -0.0239 -0.0047
vn -0.9996 -0.0245 -0.0144
vn -0.9994 -0.0251 -0.0241
vn -0.9991 -0.0259 -0.0339
vn -0.9986 -0.0275 -0.0442
vn -0.9994 -0.0330 -0.0051
vn -0.9993 -0.0333 -0.0158
vn -0.9991 -0.0336 -0.0261
vn -0.9988 -0.0339 -0.0359
vn -0.9984 -0.0342 -0.0447
vn -0.8502 -0.0327 -0.5255
vn -0.8555 -0.0958 -0.5089
vn -0.8564 -0.1588 -0.4913
vn -0.8579 -0.2204 -0.4641
vn -0.8620 -0.2781 -0.4238
vn -0.9796 -0.0131 -0.2007
vn -0.9805 -0.0380 -0.1929
vn -0.9809 -0.0618 -0.1843
vn -0.9813 -0.0842 -0.1731
vn -0.9820 -0.1042 -0.1576
vn -0.9930 -0.0080 -0.1182
vn -0.9932 -0.0235 -0.1140
vn -0.9932 -0.0383 -0.1096
vn -0.9932 -0.0520 -0.1041
vn -0.9933 -0.0641 -0.0960
vn -0.9967 -0.0058 -0.0807
vn -0.9967 -0.0173 -0.0787
vn -0.9967 -0.0282 -0.0767
vn -0.9965 -0.0383 -0.0742
vn -0.9964 -0.0472 -0.0701
vn -0.9983 -0.0046 -0.0585
vn -0.9982 -0.0139 -0.0579
vn -0.9981 -0.0229 -0.0574
vn -0.9979 -0.0311 -0.0569
vn -0.9977 -0.0384 -0.0562
vn -0.9030 0.4272 -0.0454
vn -0.9021 0.4108 -0.1320
vn -0.8939 0.3925 -0.2166
vn -0.8825 0.3654 -0.2962
vn -0.8706 0.3276 -0.3670
vn -0.9878 0.1549 -0.0173
vn -0.9876 0.1487 -0.0499
vn -0.9865 0.1419 -0.0813
vn -0.9849 0.1330 -0.1104
vn -0.9833 0.1208 -0.1364
vn -0.9958 0.0908 -0.0105
vn -0.9957 0.0875 -0.0308
vn -0.9952 0.0841 -0.0501
vn -0.9945 0.0798 -0.0680
vn -0.9938 0.0735 -0.0838
vn -0.9981 0.0618 -0.0076
vn -0.9979 0.0603 -0.0226
vn -0.9976 0.0588 -0.0369
vn -0.9971 0.0568 -0.0501
vn -0.9967 0.0536 -0.0617
vn -0.9990 0.0448 -0.0060
vn -0.9988 0.0444 -0.0182
vn -0.9986 0.0440 -0.0299
vn -0.9982 0.0435 -0.0407
vn -0.9978 0.0430 -0.0501
vn -0.8502 0.0327 -0.5255
vn -0.9797 0.0129 -0.2002
vn -0.9930 0.0079 -0.1181
vn -0.9967 0.0057 -0.0807
vn -0.9983 0.0046 -0.0585
vn -0.8581 0.0947 -0.5047
vn -0.9807 0.0375 -0.1917
vn -0.9932 0.0233 -0.1138
vn -0.9967 0.0172 -0.0788
vn -0.9982 0.0139 -0.0580
vn -0.8596 0.1571 -0.4863
vn -0.9812 0.0613 -0.1830
vn -0.9933 0.0381 -0.1094
vn -0.9967 0.0282 -0.0767
vn -0.9981 0.0229 -0.0575
vn -0.8601 0.2189 -0.4608
vn -0.9815 0.0839 -0.1722
vn -0.9932 0.0519 -0.1039
vn -0.9965 0.0383 -0.0742
vn -0.9979 0.0311 -0.0569
vn -0.8627 0.2776 -0.4228
vn -0.9821 0.1042 -0.1572
vn -0.9933 0.0641 -0.0959
vn -0.9964 0.0473 -0.0700
vn -0.9977 0.0384 -0.0562
vn -1.0000 0.0031 -0.0041
vn -0.9999 0.0095 -0.0042
vn -0.9999 0.0162 -0.0044
vn -0.9997 0.0239 -0.0047
vn -0.9994 0.0330 -0.0051
vn -0.9999 0.0033 -0.0123
vn -0.9999 0.0099 -0.0128
vn -0.9998 0.0169 -0.0134
vn -0.9996 0.0244 -0.0143
vn -0.9993 0.0332 -0.0157
vn -0.9998 0.0034 -0.0212
vn -0.9997 0.0104 -0.0220
vn -0.9996 0.0175 -0.0229
vn -0.9994 0.0251 -0.0241
vn -0.9991 0.0335 -0.0261
vn -0.9995 0.0036 -0.0312
vn -0.9994 0.0110 -0.0320
vn -0.9993 0.0185 -0.0328
vn -0.9991 0.0259 -0.0339
vn -0.9988 0.0339 -0.0359
vn -0.9991 0.0039 -0.0431
vn -0.9990 0.0121 -0.0435
vn -0.9988 0.0200 -0.0438
vn -0.9986 0.0275 -0.0442
vn -0.9984 0.0342 -0.0447
vn 0.9030 -0.4272 0.0454
vn 0.9878 -0.1545 0.0171
vn 0.9958 -0.0907 0.0104
vn 0.9981 -0.0619 0.0075
vn 0.9990 -0.0448 0.0060
vn 0.9041 -0.4070 0.1304
vn 0.9878 -0.1478 0.0493
vn 0.9957 -0.0874 0.0305
vn 0.9979 -0.0604 0.0225
vn 0.9988 -0.0445 0.0182
vn 0.8964 -0.3881 0.2140
vn 0.9867 -0.1409 0.0806
vn 0.9952 -0.0839 0.0499
vn 0.9976 -0.0588 0.0368
vn 0.9986 -0.0440 0.0299
vn 0.8843 -0.3626 0.2941
vn 0.9851 -0.1323 0.1100
vn 0.9945 -0.0796 0.0679
vn 0.9971 -0.0568 0.0501
vn 0.9982 -0.0436 0.0407
vn 0.8712 -0.3268 0.3664
vn 0.9833 -0.1205 0.1363
vn 0.9938 -0.0734 0.0838
vn 0.9967 -0.0536 0.0618
vn 0.9978 -0.0430 0.0501
vn 1.0000 -0.0031 0.0041
vn 0.9999 -0.0032 0.0124
vn 0.9998 -0.0034 0.0212
vn 0.9995 -0.0036 0.0312
vn 0.9991 -0.0039 0.0430
vn 0.9999 -0.0094 0.0043
vn 0.9999 -0.0098 0.0129
vn 0.9997 -0.0103 0.0220
vn 0.9994 -0.0110 0.0319
vn 0.9990 -0.0120 0.0434
vn 0.9999 -0.0162 0.0045
vn 0.9998 -0.0168 0.0135
vn 0.9996 -0.0175 0.0229
vn 0.9993 -0.0184 0.0328
vn 0.9988 -0.0200 0.0438
vn 0.9997 -0.0239 0.0047
vn 0.9996 -0.0245 0.0144
vn 0.9994 -0.0251 0.0241
vn 0.9991 -0.0259 0.0339
vn 0.9986 -0.0275 0.0442
vn 0.9994 -0.0330 0.0051
vn 0.9993 -0.0333 0.0158
vn 0.9991 -0.0336 0.0261
vn 0.9988 -0.0339 0.0359
vn 0.9984 -0.0342 0.0447
vn 0.8502 -0.0327 0.5255
vn 0.8555 -0.0958 0.5089
vn 0.8564 -0.1588 0.4913
vn 0.8579 -0.2204 0.4641
vn 0.8620 -0.2781 0.4238
vn 0.9796 -0.0131 0.2007
vn 0.9805 -0.0380 0.1929
vn 0.9809 -0.0618 0.1843
vn 0.9813 -0.0842 0.1731
vn 0.9820 -0.1042 0.1576
vn 0.9930 -0.0080 0.1182
vn 0.9932 -0.0235 0.1140
vn 0.9932 -0.0383 0.1096
vn 0.9932 -0.0520 0.1041
vn 0.9933 -0.0641 0.0960
vn 0.9967 -0.0058 0.0807
vn 0.9967 -0.0173 0.0787
vn 0.9967 -0.0282 0.0767
vn 0.9965 -0.0383 0.0742
vn 0.9964 -0.0472 0.0701
vn 0.9983 -0.0046 0.0585
vn 0.9982 -0.0139 0.0579
vn 0.9981 -0.0229 0.0574
vn 0.9979 -0.0311 0.0569
vn 0.9977 -0.0384 0.0562
vn 0.9030 0.4272 0.0454
vn 0.9021 0.4108 0.1320
vn 0.8939 0.3925 0.2166
vn 0.8825 0.3654 0.2962
vn 0.8706 0.3276 0.3670
vn 0.9878 0.1549 0.0173
vn 0.9876 0.1487 0.0499
vn 0.9865 0.1419 0.0813
vn 0.9849 0.1330 0.1104
vn 0.9833 0.1208 0.1364
vn 0.9958 0.0908 0.0105
vn 0.9957 0.0875 0.0308
vn 0.9952 0.0841 0.0501
vn 0.9945 0.0798 0.0680
vn 0.9938 0.0735 0.0838
vn 0.9981 0.0618 0.0076
vn 0.9979 0.0603 0.0226
vn 0.9976 0.0588 0.0369
vn 0.9971 0.0568 0.0501
vn 0.9967 0.0536 0.0617
vn 0.9990 0.0448 0.0060
vn 0.9988 0.0444 0.0182
vn 0.9986 0.0440 0.0299
vn 0.9982 0.0435 0.0407
vn 0.9978 0.0430 0.0501
vn 0.8502 0.0327 0.5255
vn 0.9797 0.0129 0.2002
vn 0.9930 0.0079 0.1181
vn 0.9967 0.0057 0.0807
vn 0.9983 0.0046 0.0585
vn 0.8581 0.0947 0.5047
vn 0.9807 0.0375 0.1917
vn 0.9932 0.0233 0.1138
vn 0.9967 0.0172 0.0788
vn 0.9982 0.0139 0.0580
vn 0.8596 0.1571 0.4863
vn 0.9812 0.0613 0.1830
vn 0.9933 0.0381 0.1094
vn 0.9967 0.0282 0.0767
vn 0.9981 0.0229 0.0575
vn 0.8601 0.2189 0.4608
vn 0.9815 0.0839 0.1722
vn 0.9932 0.0519 0.1039
vn 0.9965 0.0383 0.0742
vn 0.9979 0.0311 0.0569
vn 0.8627 0.2776 0.4228
vn 0.9821 0.1042 0.1572
vn 0.9933 0.0641 0.0959
vn 0.9964 0.0473 0.0700
vn 0.9977 0.0384 0.0562
vn 1.0000 0.0031 0.0041
vn 0.9999 0.0095 0.0042
vn 0.9999 0.0162 0.0044
vn 0.9997 0.0239 0.0047
vn 0.9994 0.0330 0.0051
vn 0.9999 0.0033 0.0123
vn 0.9999 0.0099 0.0128
vn 0.9998 0.0169 0.0134
vn 0.9996 0.0244 0.0143
vn 0.9993 0.0332 0.0157
vn 0.9998 0.0034 0.0212
vn 0.9997 0.0104 0.0220
vn 0.9996 0.0175 0.0229
vn 0.9994 0.0251 0.0241
vn 0.9991 0.0335 0.0261
vn 0.9995 0.0036 0.0312
vn 0.9994 0.0110 0.0320
vn 0.9993 0.0185 0.0328
vn 0.9991 0.0259 0.0339
vn 0.9988 0.0339 0.0359
vn 0.9991 0.0039 0.0431
vn 0.9990 0.0121 0.0435
vn 0.9988 0.0200 0.0438
vn 0.9986 0.0275 0.0442
vn 0.9984 0.0342 0.0447
vn 0.9030 -0.4272 -0.0454
vn 0.9021 -0.4108 -0.1320
vn 0.8939 -0.3925 -0.2166
vn 0.8825 -0.3654 -0.2962
vn 0.8706 -0.3276 -0.3670
vn 0.9878 -0.1549 -0.0173
vn 0.9876 -0.1487 -0.0499
vn 0.9865 -0.1419 -0.0813
vn 0.9849 -0.1330 -0.1104
vn 0.9833 -0.1208 -0.1364
vn 0.9958 -0.0908 -0.0105
vn 0.9957 -0.0875 -0.0308
vn 0.9952 -0.0841 -0.0501
vn 0.9945 -0.0798 -0.0680
vn 0.9938 -0.0735 -0.0838
vn 0.9981 -0.0618 -0.0076
vn 0.9979 -0.0603 -0.0226
vn 0.9976 -0.0588 -0.0369
vn 0.9971 -0.0568 -0.0501
vn 0.9967 -0.0536 -0.0617
vn 0.9990 -0.0448 -0.0060
vn 0.9988 -0.0444 -0.0182
vn 0.9986 -0.0440 -0.0299
vn 0.9982 -0.0435 -0.0407
vn 0.9978 -0.0430 -0.0501
vn 0.8502 -0.0327 -0.5255
vn 0.9797 -0.0129 -0.2002
vn 0.9930 -0.0079 -0.1181
vn 0.9967 -0.0057 -0.0807
vn 0.9983 -0.0046 -0.0585
vn 0.8581 -0.0947 -0.5047
vn 0.9807 -0.0375 -0.1917
vn 0.9932 -0.0233 -0.1138
vn 0.9967 -0.0172 -0.0788
vn 0.9982 -0.0139 -0.0580
vn 0.8596 -0.1571 -0.4863
vn 0.9812 -0.0613 -0.1830
vn 0.9933 -0.0381 -0.1094
vn 0.9967 -0.0282 -0.0767
vn 0.9981 -0.0229 -0.0575
vn 0.8601 -0.2189 -0.4608
vn 0.9815 -0.0839 -0.1722
vn 0.9932 -0.0519 -0.1039
vn 0.9965 -0.0383 -0.0742
vn 0.9979 -0.0311 -0.0569
vn 0.8627 -0.2776 -0.4228
vn 0.9821 -0.1042 -0.1572
vn 0.9933 -0.0641 -0.0959
vn 0.9964 -0.0473 -0.0700
vn 0.9977 -0.0384 -0.0562
vn 1.0000 -0.0031 -0.0041
vn 0.9999 -0.0095 -0.0042
vn 0.9999 -0.0162 -0.0044
vn 0.9997 -0.0239 -0.0047
vn 0.9994 -0.0330 -0.0051
vn 0.9999 -0.0033 -0.0123
vn 0.9999 -0.0099 -0.0128
vn 0.9998 -0.0169 -0.0134
vn 0.9996 -0.0244 -0.0143
vn 0.9993 -0.0332 -0.0157
vn 0.9998 -0.0034 -0.0212
vn 0.9997 -0.0104 -0.0220
vn 0.9996 -0.0175 -0.0229
vn 0.9994 -0.0251 -0.0241
vn 0.9991 -0.0335 -0.0261
vn 0.9995 -0.0036 -0.0312
vn 0.9994 -0.0110 -0.0320
vn 0.9993 -0.0185 -0.0328
vn 0.9991 -0.0259 -0.0339
vn 0.9988 -0.0339 -0.0359
vn 0.9991 -0.0039 -0.0431
vn 0.9990 -0.0121 -0.0435
vn 0.9988 -0.0200 -0.0438
vn 0.9986 -0.0275 -0.0442
vn 0.9984 -0.0342 -0.0447
vn 0.9030 0.4272 -0.0454
vn 0.9878 0.1545 -0.0171
vn 0.9958 0.0907 -0.0104
vn 0.9981 0.0619 -0.0075
vn 0.9990 0.0448 -0.0060
vn 0.9041 0.4070 -0.1304
vn 0.9878 0.1478 -0.0493
vn 0.9957 0.0874 -0.0305
vn 0.9979 0.0604 -0.0225
vn 0.9988 0.0445 -0.0182
vn 0.8964 0.3881 -0.2140
vn 0.9867 0.1409 -0.0806
vn 0.9952 0.0839 -0.0499
vn 0.9976 0.0588 -0.0368
vn 0.9986 0.0440 -0.0299
vn 0.8843 0.3626 -0.2941
vn 0.9851 0.1323 -0.1100
vn 0.9945 0.0796 -0.0679
vn 0.9971 0.0568 -0.0501
vn 0.9982 0.0436 -0.0407
vn 0.8712 0.3268 -0.3664
vn 0.9833 0.1205 -0.1363
vn 0.9938 0.0734 -0.0838
vn 0.9967 0.0536 -0.0618
vn 0.9978 0.0430 -0.0501
vn 1.0000 0.0031 -0.0041
vn 0.9999 0.0032 -0.0124
vn 0.9998 0.0034 -0.0212
vn 0.9995 0.0036 -0.0312
vn 0.9991 0.0039 -0.0430
vn 0.9999 0.0094 -0.0043
vn 0.9999 0.0098 -0.0129
vn 0.9997 0.0103 -0.0220
vn 0.9994 0.0110 -0.0319
vn 0.9990 0.0120 -0.0434
vn 0.9999 0.0162 -0.0045
vn 0.9998 0.0168 -0.0135
vn 0.9996 0.0175 -0.0229
vn 0.9993 0.0184 -0.0328
vn 0.9988 0.0200 -0.0438
vn 0.9997 0.0239 -0.0047
vn 0.9996 0.0245 -0.0144
vn 0.9994 0.0251 -0.0241
vn 0.9991 0.0259 -0.0339
vn 0.9986 0.0275 -0.0442
vn 0.9994 0.0330 -0.0051
vn 0.9993 0.0333 -0.0158
vn 0.9991 0.0336 -0.0261
vn 0.9988 0.0339 -0.0359
vn 0.9984 0.0342 -0.0447
vn 0.8502 0.0327 -0.5255
vn 0.8555 0.0958 -0.5089
vn 0.8564 0.1588 -0.4913
vn 0.8579 0.2204 -0.4641
vn 0.8620 0.2781 -0.4238
vn 0.9796 0.0131 -0.2007
vn 0.9805 0.0380 -0.1929
vn 0.9809 0.0618 -0.1843
vn 0.9813 0.0842 -0.1731
vn 0.9820 0.1042 -0.1576
vn 0.9930 0.0080 -0.1182
vn 0.9932 0.0235 -0.1140
vn 0.9932 0.0383 -0.1096
vn 0.9932 0.0520 -0.1041
vn 0.9933 0.0641 -0.0960
vn 0.9967 0.0058 -0.0807
vn 0.9967 0.0173 -0.0787
vn 0.9967 0.0282 -0.0767
vn 0.9965 0.0383 -0.0742
vn 0.9964 0.0472 -0.0701
vn 0.9983 0.0046 -0.0585
vn 0.9982 0.0139 -0.0579
vn 0.9981 0.0229 -0.0574
vn 0.9979 0.0311 -0.0569
vn 0.9977 0.0384 -0.0562
vn -0.8984 -0.4391 -0.0000
vn -0.9874 -0.1582 -0.0000
vn -0.9957 -0.0925 -0.0000
vn -0.9980 -0.0626 -0.0000
vn -0.9990 -0.0450 -0.0000
vn -0.9995 -0.0328 -0.0000
vn -0.9997 -0.0236 -0.0000
vn -0.9999 -0.0159 -0.0000
vn -1.0000 -0.0092 -0.0000
vn -1.0000 -0.0030 -0.0000
vn -0.8428 -0.0000 0.5382
vn -0.9788 -0.0000 0.2049
vn -0.9927 -0.0000 0.1204
vn -0.9967 -0.0000 0.0817
vn -0.9983 -0.0000 0.0587
vn -0.9991 -0.0000 0.0429
vn -0.9995 -0.0000 0.0308
vn -0.9998 -0.0000 0.0208
vn -0.9999 -0.0000 0.0121
vn -1.0000 -0.0000 0.0040
vn -0.8984 0.4391 -0.0000
vn -0.9874 0.1582 -0.0000
vn -0.9957 0.0925 -0.0000
vn -0.9980 0.0626 -0.0000
vn -0.9990 0.0450 -0.0000
vn -0.9995 0.0328 -0.0000
vn -0.9997 0.0236 -0.0000
vn -0.9999 0.0159 -0.0000
vn -1.0000 0.0092 -0.0000
vn -1.0000 0.0030 -0.0000
vn -0.8428 -0.0000 -0.5382
vn -0.9788 -0.0000 -0.2049
vn -0.9927 -0.0000 -0.1204
vn -0.9967 -0.0000 -0.0817
vn -0.9983 -0.0000 -0.0587
vn -0.9991 -0.0000 -0.0429
vn -0.9995 -0.0000 -0.0308
vn -0.9998 -0.0000 -0.0208
vn -0.9999 -0.0000 -0.0121
vn -1.0000 -0.0000 -0.0040
vn -0.0000 -0.9948 -0.1023
vn -0.0000 -0.9542 -0.2993
vn -0.0000 -0.8795 -0.4760
vn -0.0000 -0.7806 -0.6250
vn -0.0000 -0.6674 -0.7447
vn -0.0000 -0.5472 -0.8370
vn -0.0000 -0.4246 -0.9054
vn -0.0000 -0.3022 -0.9532
vn -0.0000 -0.1807 -0.9835
vn -0.0000 -0.0601 -0.9982
vn -0.0000 0.9948 -0.1023
vn -0.0000 0.9542 -0.2993
vn -0.0000 0.8795 -0.4760
vn -0.0000 0.7806 -0.6250
vn -0.0000 0.6674 -0.7447
vn -0.0000 0.5472 -0.8370
vn -0.0000 0.4246 -0.9054
vn -0.0000 0.3022 -0.9532
vn -0.0000 0.1807 -0.9835
vn -0.0000 0.0601 -0.9982
vn 1.0000 -0.0000 -0.0040
vn 0.9999 -0.0000 -0.0121
vn 0.9998 -0.0000 -0.0208
vn 0.9995 -0.0000 -0.0308
vn 0.9991 -0.0000 -0.0429
vn 0.9983 -0.0000 -0.0587
vn 0.9967 -0.0000 -0.0817
vn 0.9927 -0.0000 -0.1204
vn 0.9788 -0.0000 -0.2049
vn 0.8428 -0.0000 -0.5382
vn 0.8984 -0.4391 -0.0000
vn 0.9874 -0.1582 -0.0000
vn 0.9957 -0.0925 -0.0000
vn 0.9980 -0.0626 -0.0000
vn 0.9990 -0.0450 -0.0000
vn 0.9995 -0.0328 -0.0000
vn 0.9997 -0.0236 -0.0000
vn 0.9999 -0.0159 -0.0000
vn 1.0000 -0.0092 -0.0000
vn 1.0000 -0.0030 -0.0000
vn 0.8984 0.4391 -0.0000
vn 0.9874 0.1582 -0.0000
vn 0.9957 0.0925 -0.0000
vn 0.9980 0.0626 -0.0000
vn 0.9990 0.0450 -0.0000
vn 0.9995 0.0328 -0.0000
vn 0.9997 0.0236 -0.0000
vn 0.9999 0.0159 -0.0000
vn 1.0000 0.0092 -0.0000
vn 1.0000 0.0030 -0.0000
vn 0.8428 -0.0000 0.5382
vn 0.9788 -0.0000 0.2049
vn 0.9927 -0.0000 0.1204
vn 0.9967 -0.0000 0.0817
vn 0.9983 -0.0000 0.0587
vn 0.9991 -0.0000 0.0429
vn 0.9995 -0.0000 0.0308
vn 0.9998 -0.0000 0.0208
vn 0.9999 -0.0000 0.0121
vn 1.0000 -0.0000 0.0040
vn -0.0000 -0.9948 0.1023
vn -0.0000 -0.9542 0.2993
vn -0.0000 -0.8795 0.4760
vn -0.0000 -0.7806 0.6250
vn -0.0000 -0.6674 0.7447
vn -0.0000 -0.5472 0.8370
vn -0.0000 -0.4246 0.9054
vn -0.0000 -0.3022 0.9532
vn -0.0000 -0.1807 0.9835
vn -0.0000 -0.0601 0.9982
vn -0.0000 0.9948 0.1023
vn -0.0000 0.9542 0.2993
vn -0.0000 0.8795 0.4760
vn -0.0000 0.7806 0.6250
vn -0.0000 0.6674 0.7447
vn -0.0000 0.5472 0.8370
vn -0.0000 0.4246 0.9054
vn -0.0000 0.3022 0.9532
vn -0.0000 0.1807 0.9835
vn -0.0000 0.0601 0.9982
vn -0.0000 -1.0000 -0.0000
vt 0.380000 0.755000
vt 0.620000 0.755000
vt 0.620000 0.995000
vt 0.380000 0.995000
vt 0.380000 0.505000
vt 0.620000 0.505000
vt 0.620000 0.745000
vt 0.380000 0.745000
vt 0.630000 0.505000
vt 0.870000 0.505000
vt 0.870000 0.745000
vt 0.630000 0.745000
vt 0.380000 0.005000
vt 0.620000 0.005000
vt 0.620000 0.245000
vt 0.380000 0.245000
vt 0.380000 0.255000
vt 0.620000 0.255000
vt 0.620000 0.495000
vt 0.380000 0.495000
vt 0.130000 0.745000
vt 0.130000 0.745782
vt 0.129202 0.745806
vt 0.129218 0.745000
vt 0.130000 0.746545
vt 0.129197 0.746590
vt 0.130000 0.747270
vt 0.129199 0.747304
vt 0.130000 0.747939
vt 0.129203 0.747938
vt 0.130000 0.750000
vt 0.129205 0.750000
vt 0.128416 0.745812
vt 0.128455 0.745000
vt 0.128415 0.746594
vt 0.128438 0.747282
vt 0.128464 0.747869
vt 0.128479 0.750000
vt 0.127695 0.745808
vt 0.127730 0.745000
vt 0.127719 0.746570
vt 0.127782 0.747221
vt 0.127845 0.747757
vt 0.127878 0.750000
vt 0.127059 0.745801
vt 0.127061 0.745000
vt 0.127129 0.746540
vt 0.127243 0.747157
vt 0.127355 0.747645
vt 0.127418 0.750000
vt 0.125000 0.745795
vt 0.125000 0.745000
vt 0.125000 0.746521
vt 0.125000 0.747122
vt 0.125000 0.747582
vt 0.127113 0.750000
vt 0.380000 0.995782
vt 0.379202 0.995806
vt 0.379218 0.995000
vt 0.380000 0.996545
vt 0.379197 0.996590
vt 0.380000 0.997270
vt 0.379199 0.997304
vt 0.380000 0.997939
vt 0.379203 0.997938
vt 0.380000 1.000000
vt 0.379205 1.000000
vt 0.378416 0.995812
vt 0.378455 0.995000
vt 0.378415 0.996594
vt 0.378438 0.997282
vt 0.378464 0.997869
vt 0.378479 1.000000
vt 0.377695 0.995808
vt 0.377730 0.995000
vt 0.377719 0.996570
vt 0.377782 0.997221
vt 0.377845 0.997757
vt 0.377878 1.000000
vt 0.377059 0.995801
vt 0.377061 0.995000
vt 0.377129 0.996540
vt 0.377243 0.997157
vt 0.377355 0.997645
vt 0.377418 1.000000
vt 0.375000 0.995795
vt 0.375000 0.995000
vt 0.375000 0.996521
vt 0.375000 0.997122
vt 0.375000 0.997582
vt 0.377113 1.000000
vt 0.379218 0.005000
vt 0.379194 0.004202
vt 0.380000 0.004218
vt 0.378455 0.005000
vt 0.378410 0.004197
vt 0.377730 0.005000
vt 0.377696 0.004199
vt 0.377061 0.005000
vt 0.377062 0.004203
vt 0.375000 0.005000
vt 0.375000 0.004205
vt 0.379188 0.003416
vt 0.380000 0.003455
vt 0.378406 0.003415
vt 0.377718 0.003438
vt 0.377131 0.003464
vt 0.375000 0.003479
vt 0.379192 0.002695
vt 0.380000 0.002730
vt 0.378430 0.002719
vt 0.377779 0.002782
vt 0.377243 0.002845
vt 0.375000 0.002878
vt 0.379199 0.002059
vt 0.380000 0.002061
vt 0.378460 0.002129
vt 0.377843 0.002243
vt 0.377355 0.002355
vt 0.375000 0.002418
vt 0.379205 0.000000
vt 0.380000 0.000000
vt 0.378479 0.000000
vt 0.377878 0.000000
vt 0.377418 0.000000
vt 0.375000 0.002113
vt 0.620782 0.995000
vt 0.620806 0.995799
vt 0.620000 0.995782
vt 0.621545 0.995000
vt 0.621590 0.995803
vt 0.622270 0.995000
vt 0.622304 0.995802
vt 0.622939 0.995000
vt 0.622938 0.995797
vt 0.625000 0.995000
vt 0.625000 0.995795
vt 0.620812 0.996584
vt 0.620000 0.996545
vt 0.621594 0.996585
vt 0.622282 0.996562
vt 0.622869 0.996536
vt 0.625000 0.996521
vt 0.620808 0.997305
vt 0.620000 0.997270
vt 0.621570 0.997281
vt 0.622221 0.997218
vt 0.622757 0.997155
vt 0.625000 0.997122
vt 0.620801 0.997941
vt 0.620000 0.997939
vt 0.621540 0.997871
vt 0.622157 0.997757
vt 0.622645 0.997645
vt 0.625000 0.997582
vt 0.620795 1.000000
vt 0.620000 1.000000
vt 0.621521 1.000000
vt 0.622122 1.000000
vt 0.622582 1.000000
vt 0.625000 0.997887
vt 0.870782 0.745000
vt 0.870806 0.745798
vt 0.870000 0.745782
vt 0.871545 0.745000
vt 0.871590 0.745803
vt 0.872270 0.745000
vt 0.872304 0.745801
vt 0.872939 0.745000
vt 0.872938 0.745797
vt 0.875000 0.745000
vt 0.875000 0.745795
vt 0.870812 0.746584
vt 0.870000 0.746545
vt 0.871594 0.746585
vt 0.872282 0.746562
vt 0.872869 0.746536
vt 0.875000 0.746521
vt 0.870808 0.747305
vt 0.870000 0.747270
vt 0.871570 0.747281
vt 0.872221 0.747218
vt 0.872757 0.747155
vt 0.875000 0.747122
vt 0.870801 0.747941
vt 0.870000 0.747939
vt 0.871540 0.747871
vt 0.872157 0.747757
vt 0.872645 0.747645
vt 0.875000 0.747582
vt 0.870795 0.750000
vt 0.870000 0.750000
vt 0.871521 0.750000
vt 0.872122 0.750000
vt 0.872582 0.750000
vt 0.875000 0.747887
vt 0.620000 0.004218
vt 0.620798 0.004194
vt 0.620782 0.005000
vt 0.620000 0.003455
vt 0.620803 0.003410
vt 0.620000 0.002730
vt 0.620801 0.002696
vt 0.620000 0.002061
vt 0.620797 0.002062
vt 0.620000 0.000000
vt 0.620795 0.000000
vt 0.621584 0.004188
vt 0.621545 0.005000
vt 0.621585 0.003406
vt 0.621562 0.002718
vt 0.621536 0.002131
vt 0.621521 0.000000
vt 0.622305 0.004192
vt 0.622270 0.005000
vt 0.622281 0.003430
vt 0.622218 0.002779
vt 0.622155 0.002243
vt 0.622122 0.000000
vt 0.622941 0.004199
vt 0.622939 0.005000
vt 0.622871 0.003460
vt 0.622757 0.002843
vt 0.622645 0.002355
vt 0.622582 0.000000
vt 0.625000 0.004205
vt 0.625000 0.005000
vt 0.625000 0.003479
vt 0.625000 0.002878
vt 0.625000 0.002418
vt 0.622887 0.000000
vt 0.130000 0.505000
vt 0.129218 0.505000
vt 0.129194 0.504202
vt 0.130000 0.504218
vt 0.128455 0.505000
vt 0.128410 0.504197
vt 0.127730 0.505000
vt 0.127696 0.504199
vt 0.127061 0.505000
vt 0.127062 0.504203
vt 0.125000 0.505000
vt 0.125000 0.504205
vt 0.129188 0.503416
vt 0.130000 0.503455
vt 0.128406 0.503415
vt 0.127718 0.503438
vt 0.127131 0.503464
vt 0.125000 0.503479
vt 0.129192 0.502695
vt 0.130000 0.502730
vt 0.128430 0.502719
vt 0.127779 0.502782
vt 0.127243 0.502845
vt 0.125000 0.502878
vt 0.129199 0.502059
vt 0.130000 0.502061
vt 0.128460 0.502129
vt 0.127843 0.502243
vt 0.127355 0.502355
vt 0.125000 0.502418
vt 0.129205 0.500000
vt 0.130000 0.500000
vt 0.128479 0.500000
vt 0.127878 0.500000
vt 0.127418 0.500000
vt 0.125000 0.502113
vt 0.380000 0.245782
vt 0.379202 0.245806
vt 0.379218 0.245000
vt 0.380000 0.246545
vt 0.379197 0.246590
vt 0.380000 0.247270
vt 0.379199 0.247304
vt 0.380000 0.247939
vt 0.379203 0.247938
vt 0.380000 0.250000
vt 0.379205 0.250000
vt 0.378416 0.245812
vt 0.378455 0.245000
vt 0.378415 0.246594
vt 0.378438 0.247282
vt 0.378464 0.247869
vt 0.378479 0.250000
vt 0.377695 0.245808
vt 0.377730 0.245000
vt 0.377719 0.246570
vt 0.377782 0.247221
vt 0.377845 0.247757
vt 0.377878 0.250000
vt 0.377059 0.245801
vt 0.377061 0.245000
vt 0.377129 0.246540
vt 0.377243 0.247157
vt 0.377355 0.247645
vt 0.377418 0.250000
vt 0.375000 0.245795
vt 0.375000 0.245000
vt 0.375000 0.246521
vt 0.375000 0.247122
vt 0.375000 0.247582
vt 0.377113 0.250000
vt 0.379218 0.255000
vt 0.379194 0.254202
vt 0.380000 0.254218
vt 0.378455 0.255000
vt 0.378410 0.254197
vt 0.377730 0.255000
vt 0.377696 0.254199
vt 0.377061 0.255000
vt 0.377062 0.254203
vt 0.375000 0.255000
vt 0.375000 0.254205
vt 0.379188 0.253416
vt 0.380000 0.253455
vt 0.378406 0.253415
vt 0.377718 0.253438
vt 0.377131 0.253464
vt 0.375000 0.253479
vt 0.379192 0.252695
vt 0.380000 0.252730
vt 0.378430 0.252719
vt 0.377779 0.252782
vt 0.377243 0.252845
vt 0.375000 0.252878
vt 0.379199 0.252059
vt 0.380000 0.252061
vt 0.378460 0.252129
vt 0.377843 0.252243
vt 0.377355 0.252355
vt 0.375000 0.252418
vt 0.375000 0.252113
vt 0.870000 0.504218
vt 0.870799 0.504194
vt 0.870782 0.505000
vt 0.870000 0.503455
vt 0.870803 0.503410
vt 0.870000 0.502730
vt 0.870802 0.502696
vt 0.870000 0.502061
vt 0.870797 0.502062
vt 0.870000 0.500000
vt 0.870795 0.500000
vt 0.871584 0.504188
vt 0.871545 0.505000
vt 0.871585 0.503406
vt 0.871562 0.502718
vt 0.871536 0.502131
vt 0.871521 0.500000
vt 0.872305 0.504192
vt 0.872270 0.505000
vt 0.872281 0.503430
vt 0.872218 0.502779
vt 0.872155 0.502243
vt 0.872122 0.500000
vt 0.872941 0.504199
vt 0.872939 0.505000
vt 0.872871 0.503460
vt 0.872757 0.502843
vt 0.872645 0.502355
vt 0.872582 0.500000
vt 0.875000 0.504205
vt 0.875000 0.505000
vt 0.875000 0.503479
vt 0.875000 0.502878
vt 0.875000 0.502418
vt 0.872887 0.500000
vt 0.620000 0.254218
vt 0.620798 0.254194
vt 0.620782 0.255000
vt 0.620000 0.253455
vt 0.620803 0.253410
vt 0.620000 0.252730
vt 0.620801 0.252696
vt 0.620000 0.252061
vt 0.620797 0.252062
vt 0.620000 0.250000
vt 0.620795 0.250000
vt 0.621584 0.254188
vt 0.621545 0.255000
vt 0.621585 0.253406
vt 0.621562 0.252718
vt 0.621536 0.252131
vt 0.621521 0.250000
vt 0.622305 0.254192
vt 0.622270 0.255000
vt 0.622281 0.253430
vt 0.622218 0.252779
vt 0.622155 0.252243
vt 0.622122 0.250000
vt 0.622941 0.254199
vt 0.622939 0.255000
vt 0.622871 0.253460
vt 0.622757 0.252843
vt 0.622645 0.252355
vt 0.622582 0.250000
vt 0.625000 0.254205
vt 0.625000 0.255000
vt 0.625000 0.253479
vt 0.625000 0.252878
vt 0.625000 0.252418
vt 0.622887 0.250000
vt 0.620782 0.245000
vt 0.620806 0.245798
vt 0.620000 0.245782
vt 0.621545 0.245000
vt 0.621590 0.245803
vt 0.622270 0.245000
vt 0.622304 0.245801
vt 0.622939 0.245000
vt 0.622938 0.245797
vt 0.625000 0.245000
vt 0.625000 0.245795
vt 0.620812 0.246584
vt 0.620000 0.246545
vt 0.621594 0.246585
vt 0.622282 0.246562
vt 0.622869 0.246536
vt 0.625000 0.246521
vt 0.620808 0.247305
vt 0.620000 0.247270
vt 0.621570 0.247281
vt 0.622221 0.247218
vt 0.622757 0.247155
vt 0.625000 0.247122
vt 0.620801 0.247941
vt 0.620000 0.247939
vt 0.621540 0.247871
vt 0.622157 0.247757
vt 0.622645 0.247645
vt 0.625000 0.247582
vt 0.625000 0.247887
vt 0.370000 0.745000
vt 0.370782 0.745000
vt 0.370806 0.745798
vt 0.370000 0.745782
vt 0.371545 0.745000
vt 0.371590 0.745803
vt 0.372270 0.745000
vt 0.372304 0.745801
vt 0.372939 0.745000
vt 0.372938 0.745797
vt 0.375000 0.745000
vt 0.375000 0.745795
vt 0.370812 0.746584
vt 0.370000 0.746545
vt 0.371594 0.746585
vt 0.372282 0.746562
vt 0.372869 0.746536
vt 0.375000 0.746521
vt 0.370808 0.747305
vt 0.370000 0.747270
vt 0.371570 0.747281
vt 0.372221 0.747218
vt 0.372757 0.747155
vt 0.375000 0.747122
vt 0.370801 0.747941
vt 0.370000 0.747939
vt 0.371540 0.747871
vt 0.372157 0.747757
vt 0.372645 0.747645
vt 0.375000 0.747582
vt 0.370795 0.750000
vt 0.370000 0.750000
vt 0.371521 0.750000
vt 0.372122 0.750000
vt 0.372582 0.750000
vt 0.375704 0.750000
vt 0.380000 0.745782
vt 0.379202 0.745806
vt 0.379218 0.745000
vt 0.380000 0.746545
vt 0.379197 0.746590
vt 0.380000 0.747270
vt 0.379199 0.747304
vt 0.380000 0.747939
vt 0.379203 0.747938
vt 0.380000 0.750000
vt 0.379205 0.750000
vt 0.378416 0.745812
vt 0.378455 0.745000
vt 0.378415 0.746594
vt 0.378438 0.747282
vt 0.378464 0.747869
vt 0.378479 0.750000
vt 0.377695 0.745808
vt 0.377730 0.745000
vt 0.377719 0.746570
vt 0.377782 0.747221
vt 0.377845 0.747757
vt 0.377878 0.750000
vt 0.377059 0.745801
vt 0.377061 0.745000
vt 0.377129 0.746540
vt 0.377243 0.747157
vt 0.377355 0.747645
vt 0.377418 0.750000
vt 0.375000 0.745795
vt 0.379218 0.755000
vt 0.379194 0.754201
vt 0.380000 0.754218
vt 0.378455 0.755000
vt 0.378410 0.754197
vt 0.377730 0.755000
vt 0.377696 0.754199
vt 0.377061 0.755000
vt 0.377062 0.754203
vt 0.375000 0.755000
vt 0.375000 0.754205
vt 0.379188 0.753416
vt 0.380000 0.753455
vt 0.378406 0.753415
vt 0.377718 0.753438
vt 0.377131 0.753464
vt 0.375000 0.753479
vt 0.379192 0.752695
vt 0.380000 0.752730
vt 0.378430 0.752719
vt 0.377779 0.752782
vt 0.377243 0.752845
vt 0.375000 0.752878
vt 0.379199 0.752059
vt 0.380000 0.752061
vt 0.378460 0.752129
vt 0.377843 0.752243
vt 0.377355 0.752355
vt 0.375000 0.752418
vt 0.630000 0.745782
vt 0.629202 0.745806
vt 0.629218 0.745000
vt 0.630000 0.746545
vt 0.629197 0.746590
vt 0.630000 0.747270
vt 0.629199 0.747304
vt 0.630000 0.747939
vt 0.629203 0.747938
vt 0.630000 0.750000
vt 0.629205 0.750000
vt 0.628416 0.745812
vt 0.628455 0.745000
vt 0.628415 0.746594
vt 0.628438 0.747282
vt 0.628464 0.747869
vt 0.628479 0.750000
vt 0.627695 0.745808
vt 0.627730 0.745000
vt 0.627719 0.746570
vt 0.627782 0.747221
vt 0.627845 0.747757
vt 0.627878 0.750000
vt 0.627059 0.745801
vt 0.627061 0.745000
vt 0.627129 0.746540
vt 0.627243 0.747157
vt 0.627355 0.747645
vt 0.627418 0.750000
vt 0.625000 0.745795
vt 0.625000 0.745000
vt 0.625000 0.746521
vt 0.625000 0.747122
vt 0.625000 0.747582
vt 0.625000 0.749296
vt 0.620000 0.754218
vt 0.620798 0.754194
vt 0.620782 0.755000
vt 0.620000 0.753455
vt 0.620803 0.753410
vt 0.620000 0.752730
vt 0.620801 0.752696
vt 0.620000 0.752061
vt 0.620797 0.752062
vt 0.620000 0.750000
vt 0.620795 0.750000
vt 0.621584 0.754188
vt 0.621545 0.755000
vt 0.621585 0.753406
vt 0.621562 0.752718
vt 0.621536 0.752131
vt 0.621521 0.750000
vt 0.622305 0.754192
vt 0.622270 0.755000
vt 0.622281 0.753430
vt 0.622218 0.752779
vt 0.622155 0.752243
vt 0.622122 0.750000
vt 0.622941 0.754199
vt 0.622939 0.755000
vt 0.622871 0.753460
vt 0.622757 0.752843
vt 0.622645 0.752355
vt 0.622582 0.750000
vt 0.625000 0.754205
vt 0.625000 0.755000
vt 0.625000 0.753479
vt 0.625000 0.752878
vt 0.625000 0.752418
vt 0.620782 0.745000
vt 0.620806 0.745798
vt 0.620000 0.745782
vt 0.621545 0.745000
vt 0.621590 0.745803
vt 0.622270 0.745000
vt 0.622304 0.745801
vt 0.622939 0.745000
vt 0.622938 0.745797
vt 0.620812 0.746584
vt 0.620000 0.746545
vt 0.621594 0.746585
vt 0.622282 0.746562
vt 0.622869 0.746536
vt 0.620808 0.747305
vt 0.620000 0.747270
vt 0.621570 0.747281
vt 0.622221 0.747218
vt 0.622757 0.747155
vt 0.620801 0.747941
vt 0.620000 0.747939
vt 0.621540 0.747871
vt 0.622157 0.747757
vt 0.622645 0.747645
vt 0.620795 0.750000
vt 0.370000 0.505000
vt 0.370000 0.504218
vt 0.370798 0.504194
vt 0.370782 0.505000
vt 0.370000 0.503455
vt 0.370803 0.503410
vt 0.370000 0.502730
vt 0.370801 0.502696
vt 0.370000 0.502061
vt 0.370797 0.502062
vt 0.370000 0.500000
vt 0.370795 0.500000
vt 0.371584 0.504188
vt 0.371545 0.505000
vt 0.371585 0.503406
vt 0.371562 0.502718
vt 0.371536 0.502131
vt 0.371521 0.500000
vt 0.372305 0.504192
vt 0.372270 0.505000
vt 0.372281 0.503430
vt 0.372218 0.502779
vt 0.372155 0.502243
vt 0.372122 0.500000
vt 0.372941 0.504199
vt 0.372939 0.505000
vt 0.372871 0.503460
vt 0.372757 0.502843
vt 0.372645 0.502355
vt 0.372582 0.500000
vt 0.375000 0.504205
vt 0.375000 0.505000
vt 0.375000 0.503479
vt 0.375000 0.502878
vt 0.375000 0.502418
vt 0.375000 0.500704
vt 0.380000 0.495782
vt 0.379202 0.495806
vt 0.379218 0.495000
vt 0.380000 0.496545
vt 0.379197 0.496590
vt 0.380000 0.497270
vt 0.379199 0.497304
vt 0.380000 0.497939
vt 0.379203 0.497938
vt 0.380000 0.500000
vt 0.379205 0.500000
vt 0.378416 0.495812
vt 0.378455 0.495000
vt 0.378415 0.496594
vt 0.378438 0.497282
vt 0.378464 0.497869
vt 0.378479 0.500000
vt 0.377695 0.495808
vt 0.377730 0.495000
vt 0.377719 0.496570
vt 0.377782 0.497221
vt 0.377845 0.497757
vt 0.377878 0.500000
vt 0.377059 0.495801
vt 0.377061 0.495000
vt 0.377129 0.496540
vt 0.377243 0.497157
vt 0.377355 0.497645
vt 0.377418 0.500000
vt 0.375000 0.495795
vt 0.375000 0.495000
vt 0.375000 0.496521
vt 0.375000 0.497122
vt 0.375000 0.497582
vt 0.379218 0.505000
vt 0.379194 0.504202
vt 0.380000 0.504218
vt 0.378455 0.505000
vt 0.378410 0.504197
vt 0.377730 0.505000
vt 0.377696 0.504199
vt 0.377061 0.505000
vt 0.377062 0.504203
vt 0.379188 0.503416
vt 0.380000 0.503455
vt 0.378406 0.503415
vt 0.377718 0.503438
vt 0.377131 0.503464
vt 0.379192 0.502695
vt 0.380000 0.502730
vt 0.378430 0.502719
vt 0.377779 0.502782
vt 0.377243 0.502845
vt 0.379199 0.502059
vt 0.380000 0.502061
vt 0.378460 0.502129
vt 0.377843 0.502243
vt 0.377355 0.502355
vt 0.629218 0.505000
vt 0.629194 0.504202
vt 0.630000 0.504218
vt 0.628455 0.505000
vt 0.628410 0.504197
vt 0.627730 0.505000
vt 0.627696 0.504199
vt 0.627061 0.505000
vt 0.627062 0.504203
vt 0.625000 0.505000
vt 0.625000 0.504205
vt 0.629188 0.503416
vt 0.630000 0.503455
vt 0.628406 0.503415
vt 0.627717 0.503438
vt 0.627131 0.503464
vt 0.625000 0.503479
vt 0.629192 0.502695
vt 0.630000 0.502730
vt 0.628430 0.502719
vt 0.627779 0.502782
vt 0.627243 0.502845
vt 0.625000 0.502878
vt 0.629199 0.502059
vt 0.630000 0.502061
vt 0.628460 0.502129
vt 0.627843 0.502243
vt 0.627355 0.502355
vt 0.625000 0.502418
vt 0.629205 0.500000
vt 0.630000 0.500000
vt 0.628479 0.500000
vt 0.627878 0.500000
vt 0.627418 0.500000
vt 0.624296 0.500000
vt 0.620000 0.504218
vt 0.620798 0.504194
vt 0.620782 0.505000
vt 0.620000 0.503455
vt 0.620803 0.503410
vt 0.620000 0.502730
vt 0.620801 0.502696
vt 0.620000 0.502061
vt 0.620797 0.502062
vt 0.620000 0.500000
vt 0.620795 0.500000
vt 0.621584 0.504188
vt 0.621545 0.505000
vt 0.621585 0.503406
vt 0.621562 0.502718
vt 0.621536 0.502131
vt 0.621521 0.500000
vt 0.622305 0.504192
vt 0.622270 0.505000
vt 0.622281 0.503430
vt 0.622218 0.502779
vt 0.622155 0.502243
vt 0.622122 0.500000
vt 0.622941 0.504199
vt 0.622939 0.505000
vt 0.622871 0.503460
vt 0.622757 0.502843
vt 0.622645 0.502355
vt 0.622582 0.500000
vt 0.625000 0.502878
vt 0.625000 0.502418
vt 0.620782 0.495000
vt 0.620806 0.495798
vt 0.620000 0.495782
vt 0.621545 0.495000
vt 0.621590 0.495803
vt 0.622270 0.495000
vt 0.622304 0.495801
vt 0.622939 0.495000
vt 0.622938 0.495797
vt 0.625000 0.495000
vt 0.625000 0.495795
vt 0.620812 0.496584
vt 0.620000 0.496545
vt 0.621594 0.496585
vt 0.622282 0.496562
vt 0.622869 0.496536
vt 0.625000 0.496521
vt 0.620808 0.497305
vt 0.620000 0.497270
vt 0.621570 0.497281
vt 0.622221 0.497218
vt 0.622757 0.497155
vt 0.625000 0.497122
vt 0.620801 0.497941
vt 0.620000 0.497939
vt 0.621540 0.497871
vt 0.622157 0.497757
vt 0.622645 0.497645
vt 0.625000 0.497582
s 0
usemtl Material.011
f 4109/4448/2422 4199/4449/2422 3834/4450/2422 3744/4451/2422
f 4291/4452/2423 4381/4453/2423 4200/4454/2423 4108/4455/2423
f 4380/4456/2424 4016/4457/2424 3835/4458/2424 4198/4459/2424
f 3745/4460/2425 3836/4461/2425 4018/4462/2425 3926/4463/2425
f 3927/4464/2426 4017/4465/2426 4382/4466/2426 4290/4467/2426
f 3743/4468/2427 3746/4469/2427 3752/4470/2427 3751/4471/2427
f 3746/4469/2428 3747/4472/2428 3753/4473/2428 3752/4470/2428
f 3747/4472/2429 3748/4474/2429 3754/4475/2429 3753/4473/2429
f 3748/4474/2430 3749/4476/2430 3755/4477/2430 3754/4475/2430
f 3749/4476/2431 3750/4478/2431 3756/4479/2431 3755/4477/2431
f 3751/4471/2432 3752/4470/2432 3758/4480/2432 3757/4481/2432
f 3752/4470/2433 3753/4473/2433 3759/4482/2433 3758/4480/2433
f 3753/4473/2434 3754/4475/2434 3760/4483/2434 3759/4482/2434
f 3754/4475/2435 3755/4477/2435 3761/4484/2435 3760/4483/2435
f 3755/4477/2436 3756/4479/2436 3762/4485/2436 3761/4484/2436
f 3757/4481/2437 3758/4480/2437 3764/4486/2437 3763/4487/2437
f 3758/4480/2438 3759/4482/2438 3765/4488/2438 3764/4486/2438
f 3759/4482/2439 3760/4483/2439 3766/4489/2439 3765/4488/2439
f 3760/4483/2440 3761/4484/2440 3767/4490/2440 3766/4489/2440
f 3761/4484/2441 3762/4485/2441 3768/4491/2441 3767/4490/2441
f 3763/4487/2442 3764/4486/2442 3770/4492/2442 3769/4493/2442
f 3764/4486/2443 3765/4488/2443 3771/4494/2443 3770/4492/2443
f 3765/4488/2444 3766/4489/2444 3772/4495/2444 3771/4494/2444
f 3766/4489/2445 3767/4490/2445 3773/4496/2445 3772/4495/2445
f 3767/4490/2446 3768/4491/2446 3774/4497/2446 3773/4496/2446
f 3769/4493/2447 3770/4492/2447 3815/4498/2447 3809/4499/2447
f 3770/4492/2448 3771/4494/2448 3821/4500/2448 3815/4498/2448
f 3771/4494/2449 3772/4495/2449 3827/4501/2449 3821/4500/2449
f 3772/4495/2450 3773/4496/2450 3833/4502/2450 3827/4501/2450
f 3773/4496/2451 3774/4497/2451 3775/4503/2451 3833/4502/2451
f 3744/4451/2452 3776/4504/2452 3782/4505/2452 3781/4506/2452
f 3776/4504/2453 3777/4507/2453 3783/4508/2453 3782/4505/2453
f 3777/4507/2454 3778/4509/2454 3784/4510/2454 3783/4508/2454
f 3778/4509/2455 3779/4511/2455 3785/4512/2455 3784/4510/2455
f 3779/4511/2456 3780/4513/2456 3786/4514/2456 3785/4512/2456
f 3781/4506/2457 3782/4505/2457 3788/4515/2457 3787/4516/2457
f 3782/4505/2458 3783/4508/2458 3789/4517/2458 3788/4515/2458
f 3783/4508/2459 3784/4510/2459 3790/4518/2459 3789/4517/2459
f 3784/4510/2460 3785/4512/2460 3791/4519/2460 3790/4518/2460
f 3785/4512/2461 3786/4514/2461 3792/4520/2461 3791/4519/2461
f 3787/4516/2462 3788/4515/2462 3794/4521/2462 3793/4522/2462
f 3788/4515/2463 3789/4517/2463 3795/4523/2463 3794/4521/2463
f 3789/4517/2464 3790/4518/2464 3796/4524/2464 3795/4523/2464
f 3790/4518/2465 3791/4519/2465 3797/4525/2465 3796/4524/2465
f 3791/4519/2466 3792/4520/2466 3798/4526/2466 3797/4525/2466
f 3793/4522/2467 3794/4521/2467 3800/4527/2467 3799/4528/2467
f 3794/4521/2468 3795/4523/2468 3801/4529/2468 3800/4527/2468
f 3795/4523/2469 3796/4524/2469 3802/4530/2469 3801/4529/2469
f 3796/4524/2470 3797/4525/2470 3803/4531/2470 3802/4530/2470
f 3797/4525/2471 3798/4526/2471 3804/4532/2471 3803/4531/2471
f 3799/4528/2472 3800/4527/2472 3756/4533/2472 3750/4534/2472
f 3800/4527/2473 3801/4529/2473 3762/4535/2473 3756/4533/2473
f 3801/4529/2474 3802/4530/2474 3768/4536/2474 3762/4535/2474
f 3802/4530/2475 3803/4531/2475 3774/4537/2475 3768/4536/2475
f 3803/4531/2476 3804/4532/2476 3775/4538/2476 3774/4537/2476
f 3745/4460/2477 3805/4539/2477 3811/4540/2477 3810/4541/2477
f 3805/4539/2478 3806/4542/2478 3812/4543/2478 3811/4540/2478
f 3806/4542/2479 3807/4544/2479 3813/4545/2479 3812/4543/2479
f 3807/4544/2480 3808/4546/2480 3814/4547/2480 3813/4545/2480
f 3808/4546/2481 3809/4548/2481 3815/4549/2481 3814/4547/2481
f 3810/4541/2482 3811/4540/2482 3817/4550/2482 3816/4551/2482
f 3811/4540/2483 3812/4543/2483 3818/4552/2483 3817/4550/2483
f 3812/4543/2484 3813/4545/2484 3819/4553/2484 3818/4552/2484
f 3813/4545/2485 3814/4547/2485 3820/4554/2485 3819/4553/2485
f 3814/4547/2486 3815/4549/2486 3821/4555/2486 3820/4554/2486
f 3816/4551/2487 3817/4550/2487 3823/4556/2487 3822/4557/2487
f 3817/4550/2488 3818/4552/2488 3824/4558/2488 3823/4556/2488
f 3818/4552/2489 3819/4553/2489 3825/4559/2489 3824/4558/2489
f 3819/4553/2490 3820/4554/2490 3826/4560/2490 3825/4559/2490
f 3820/4554/2491 3821/4555/2491 3827/4561/2491 3826/4560/2491
f 3822/4557/2492 3823/4556/2492 3829/4562/2492 3828/4563/2492
f 3823/4556/2493 3824/4558/2493 3830/4564/2493 3829/4562/2493
f 3824/4558/2494 3825/4559/2494 3831/4565/2494 3830/4564/2494
f 3825/4559/2495 3826/4560/2495 3832/4566/2495 3831/4565/2495
f 3826/4560/2496 3827/4561/2496 3833/4567/2496 3832/4566/2496
f 3828/4563/2497 3829/4562/2497 3786/4568/2497 3780/4569/2497
f 3829/4562/2498 3830/4564/2498 3792/4570/2498 3786/4568/2498
f 3830/4564/2499 3831/4565/2499 3798/4571/2499 3792/4570/2499
f 3831/4565/2500 3832/4566/2500 3804/4572/2500 3798/4571/2500
f 3832/4566/2501 3833/4567/2501 3775/4573/2501 3804/4572/2501
f 3834/4450/2502 3837/4574/2502 3843/4575/2502 3842/4576/2502
f 3837/4574/2503 3838/4577/2503 3844/4578/2503 3843/4575/2503
f 3838/4577/2504 3839/4579/2504 3845/4580/2504 3844/4578/2504
f 3839/4579/2505 3840/4581/2505 3846/4582/2505 3845/4580/2505
f 3840/4581/2506 3841/4583/2506 3847/4584/2506 3846/4582/2506
f 3842/4576/2507 3843/4575/2507 3849/4585/2507 3848/4586/2507
f 3843/4575/2508 3844/4578/2508 3850/4587/2508 3849/4585/2508
f 3844/4578/2509 3845/4580/2509 3851/4588/2509 3850/4587/2509
f 3845/4580/2510 3846/4582/2510 3852/4589/2510 3851/4588/2510
f 3846/4582/2511 3847/4584/2511 3853/4590/2511 3852/4589/2511
f 3848/4586/2512 3849/4585/2512 3855/4591/2512 3854/4592/2512
f 3849/4585/2513 3850/4587/2513 3856/4593/2513 3855/4591/2513
f 3850/4587/2514 3851/4588/2514 3857/4594/2514 3856/4593/2514
f 3851/4588/2515 3852/4589/2515 3858/4595/2515 3857/4594/2515
f 3852/4589/2516 3853/4590/2516 3859/4596/2516 3858/4595/2516
f 3854/4592/2517 3855/4591/2517 3861/4597/2517 3860/4598/2517
f 3855/4591/2518 3856/4593/2518 3862/4599/2518 3861/4597/2518
f 3856/4593/2519 3857/4594/2519 3863/4600/2519 3862/4599/2519
f 3857/4594/2520 3858/4595/2520 3864/4601/2520 3863/4600/2520
f 3858/4595/2521 3859/4596/2521 3865/4602/2521 3864/4601/2521
f 3860/4598/2522 3861/4597/2522 3906/4603/2522 3900/4604/2522
f 3861/4597/2523 3862/4599/2523 3912/4605/2523 3906/4603/2523
f 3862/4599/2524 3863/4600/2524 3918/4606/2524 3912/4605/2524
f 3863/4600/2525 3864/4601/2525 3924/4607/2525 3918/4606/2525
f 3864/4601/2526 3865/4602/2526 3866/4608/2526 3924/4607/2526
f 3835/4458/2527 3867/4609/2527 3873/4610/2527 3872/4611/2527
f 3867/4609/2528 3868/4612/2528 3874/4613/2528 3873/4610/2528
f 3868/4612/2529 3869/4614/2529 3875/4615/2529 3874/4613/2529
f 3869/4614/2530 3870/4616/2530 3876/4617/2530 3875/4615/2530
f 3870/4616/2531 3871/4618/2531 3877/4619/2531 3876/4617/2531
f 3872/4611/2532 3873/4610/2532 3879/4620/2532 3878/4621/2532
f 3873/4610/2533 3874/4613/2533 3880/4622/2533 3879/4620/2533
f 3874/4613/2534 3875/4615/2534 3881/4623/2534 3880/4622/2534
f 3875/4615/2535 3876/4617/2535 3882/4624/2535 3881/4623/2535
f 3876/4617/2536 3877/4619/2536 3883/4625/2536 3882/4624/2536
f 3878/4621/2537 3879/4620/2537 3885/4626/2537 3884/4627/2537
f 3879/4620/2538 3880/4622/2538 3886/4628/2538 3885/4626/2538
f 3880/4622/2539 3881/4623/2539 3887/4629/2539 3886/4628/2539
f 3881/4623/2540 3882/4624/2540 3888/4630/2540 3887/4629/2540
f 3882/4624/2541 3883/4625/2541 3889/4631/2541 3888/4630/2541
f 3884/4627/2542 3885/4626/2542 3891/4632/2542 3890/4633/2542
f 3885/4626/2543 3886/4628/2543 3892/4634/2543 3891/4632/2543
f 3886/4628/2544 3887/4629/2544 3893/4635/2544 3892/4634/2544
f 3887/4629/2545 3888/4630/2545 3894/4636/2545 3893/4635/2545
f 3888/4630/2546 3889/4631/2546 3895/4637/2546 3894/4636/2546
f 3890/4633/2547 3891/4632/2547 3847/4638/2547 3841/4639/2547
f 3891/4632/2548 3892/4634/2548 3853/4640/2548 3847/4638/2548
f 3892/4634/2549 3893/4635/2549 3859/4641/2549 3853/4640/2549
f 3893/4635/2550 3894/4636/2550 3865/4642/2550 3859/4641/2550
f 3894/4636/2551 3895/4637/2551 3866/4643/2551 3865/4642/2551
f 3836/4461/2552 3896/4644/2552 3902/4645/2552 3901/4646/2552
f 3896/4644/2553 3897/4647/2553 3903/4648/2553 3902/4645/2553
f 3897/4647/2554 3898/4649/2554 3904/4650/2554 3903/4648/2554
f 3898/4649/2555 3899/4651/2555 3905/4652/2555 3904/4650/2555
f 3899/4651/2556 3900/4653/2556 3906/4654/2556 3905/4652/2556
f 3901/4646/2557 3902/4645/2557 3908/4655/2557 3907/4656/2557
f 3902/4645/2558 3903/4648/2558 3909/4657/2558 3908/4655/2558
f 3903/4648/2559 3904/4650/2559 3910/4658/2559 3909/4657/2559
f 3904/4650/2560 3905/4652/2560 3911/4659/2560 3910/4658/2560
f 3905/4652/2561 3906/4654/2561 3912/4660/2561 3911/4659/2561
f 3907/4656/2562 3908/4655/2562 3914/4661/2562 3913/4662/2562
f 3908/4655/2563 3909/4657/2563 3915/4663/2563 3914/4661/2563
f 3909/4657/2564 3910/4658/2564 3916/4664/2564 3915/4663/2564
f 3910/4658/2565 3911/4659/2565 3917/4665/2565 3916/4664/2565
f 3911/4659/2566 3912/4660/2566 3918/4666/2566 3917/4665/2566
f 3913/4662/2567 3914/4661/2567 3920/4667/2567 3919/4668/2567
f 3914/4661/2568 3915/4663/2568 3921/4669/2568 3920/4667/2568
f 3915/4663/2569 3916/4664/2569 3922/4670/2569 3921/4669/2569
f 3916/4664/2570 3917/4665/2570 3923/4671/2570 3922/4670/2570
f 3917/4665/2571 3918/4666/2571 3924/4672/2571 3923/4671/2571
f 3919/4668/2572 3920/4667/2572 3877/4673/2572 3871/4674/2572
f 3920/4667/2573 3921/4669/2573 3883/4675/2573 3877/4673/2573
f 3921/4669/2574 3922/4670/2574 3889/4676/2574 3883/4675/2574
f 3922/4670/2575 3923/4671/2575 3895/4677/2575 3889/4676/2575
f 3923/4671/2576 3924/4672/2576 3866/4678/2576 3895/4677/2576
f 3925/4679/2577 3928/4680/2577 3934/4681/2577 3933/4682/2577
f 3928/4680/2578 3929/4683/2578 3935/4684/2578 3934/4681/2578
f 3929/4683/2579 3930/4685/2579 3936/4686/2579 3935/4684/2579
f 3930/4685/2580 3931/4687/2580 3937/4688/2580 3936/4686/2580
f 3931/4687/2581 3932/4689/2581 3938/4690/2581 3937/4688/2581
f 3933/4682/2582 3934/4681/2582 3940/4691/2582 3939/4692/2582
f 3934/4681/2583 3935/4684/2583 3941/4693/2583 3940/4691/2583
f 3935/4684/2584 3936/4686/2584 3942/4694/2584 3941/4693/2584
f 3936/4686/2585 3937/4688/2585 3943/4695/2585 3942/4694/2585
f 3937/4688/2586 3938/4690/2586 3944/4696/2586 3943/4695/2586
f 3939/4692/2587 3940/4691/2587 3946/4697/2587 3945/4698/2587
f 3940/4691/2588 3941/4693/2588 3947/4699/2588 3946/4697/2588
f 3941/4693/2589 3942/4694/2589 3948/4700/2589 3947/4699/2589
f 3942/4694/2590 3943/4695/2590 3949/4701/2590 3948/4700/2590
f 3943/4695/2591 3944/4696/2591 3950/4702/2591 3949/4701/2591
f 3945/4698/2592 3946/4697/2592 3952/4703/2592 3951/4704/2592
f 3946/4697/2593 3947/4699/2593 3953/4705/2593 3952/4703/2593
f 3947/4699/2594 3948/4700/2594 3954/4706/2594 3953/4705/2594
f 3948/4700/2595 3949/4701/2595 3955/4707/2595 3954/4706/2595
f 3949/4701/2596 3950/4702/2596 3956/4708/2596 3955/4707/2596
f 3951/4704/2597 3952/4703/2597 3997/4709/2597 3991/4710/2597
f 3952/4703/2598 3953/4705/2598 4003/4711/2598 3997/4709/2598
f 3953/4705/2599 3954/4706/2599 4009/4712/2599 4003/4711/2599
f 3954/4706/2600 3955/4707/2600 4015/4713/2600 4009/4712/2600
f 3955/4707/2601 3956/4708/2601 3957/4714/2601 4015/4713/2601
f 3926/4463/2602 3958/4715/2602 3964/4716/2602 3963/4717/2602
f 3958/4715/2603 3959/4718/2603 3965/4719/2603 3964/4716/2603
f 3959/4718/2604 3960/4720/2604 3966/4721/2604 3965/4719/2604
f 3960/4720/2605 3961/4722/2605 3967/4723/2605 3966/4721/2605
f 3961/4722/2606 3962/4724/2606 3968/4725/2606 3967/4723/2606
f 3963/4717/2607 3964/4716/2607 3970/4726/2607 3969/4727/2607
f 3964/4716/2608 3965/4719/2608 3971/4728/2608 3970/4726/2608
f 3965/4719/2609 3966/4721/2609 3972/4729/2609 3971/4728/2609
f 3966/4721/2610 3967/4723/2610 3973/4730/2610 3972/4729/2610
f 3967/4723/2611 3968/4725/2611 3974/4731/2611 3973/4730/2611
f 3969/4727/2612 3970/4726/2612 3976/4732/2612 3975/4733/2612
f 3970/4726/2613 3971/4728/2613 3977/4734/2613 3976/4732/2613
f 3971/4728/2614 3972/4729/2614 3978/4735/2614 3977/4734/2614
f 3972/4729/2615 3973/4730/2615 3979/4736/2615 3978/4735/2615
f 3973/4730/2616 3974/4731/2616 3980/4737/2616 3979/4736/2616
f 3975/4733/2617 3976/4732/2617 3982/4738/2617 3981/4739/2617
f 3976/4732/2618 3977/4734/2618 3983/4740/2618 3982/4738/2618
f 3977/4734/2619 3978/4735/2619 3984/4741/2619 3983/4740/2619
f 3978/4735/2620 3979/4736/2620 3985/4742/2620 3984/4741/2620
f 3979/4736/2621 3980/4737/2621 3986/4743/2621 3985/4742/2621
f 3981/4739/2622 3982/4738/2622 3938/4744/2622 3932/4745/2622
f 3982/4738/2623 3983/4740/2623 3944/4746/2623 3938/4744/2623
f 3983/4740/2624 3984/4741/2624 3950/4747/2624 3944/4746/2624
f 3984/4741/2625 3985/4742/2625 3956/4748/2625 3950/4747/2625
f 3985/4742/2626 3986/4743/2626 3957/4749/2626 3956/4748/2626
f 3927/4464/2627 3987/4750/2627 3993/4751/2627 3992/4752/2627
f 3987/4750/2628 3988/4753/2628 3994/4754/2628 3993/4751/2628
f 3988/4753/2629 3989/4755/2629 3995/4756/2629 3994/4754/2629
f 3989/4755/2630 3990/4757/2630 3996/4758/2630 3995/4756/2630
f 3990/4757/2631 3991/4759/2631 3997/4760/2631 3996/4758/2631
f 3992/4752/2632 3993/4751/2632 3999/4761/2632 3998/4762/2632
f 3993/4751/2633 3994/4754/2633 4000/4763/2633 3999/4761/2633
f 3994/4754/2634 3995/4756/2634 4001/4764/2634 4000/4763/2634
f 3995/4756/2635 3996/4758/2635 4002/4765/2635 4001/4764/2635
f 3996/4758/2636 3997/4760/2636 4003/4766/2636 4002/4765/2636
f 3998/4762/2637 3999/4761/2637 4005/4767/2637 4004/4768/2637
f 3999/4761/2638 4000/4763/2638 4006/4769/2638 4005/4767/2638
f 4000/4763/2639 4001/4764/2639 4007/4770/2639 4006/4769/2639
f 4001/4764/2640 4002/4765/2640 4008/4771/2640 4007/4770/2640
f 4002/4765/2641 4003/4766/2641 4009/4772/2641 4008/4771/2641
f 4004/4768/2642 4005/4767/2642 4011/4773/2642 4010/4774/2642
f 4005/4767/2643 4006/4769/2643 4012/4775/2643 4011/4773/2643
f 4006/4769/2644 4007/4770/2644 4013/4776/2644 4012/4775/2644
f 4007/4770/2645 4008/4771/2645 4014/4777/2645 4013/4776/2645
f 4008/4771/2646 4009/4772/2646 4015/4778/2646 4014/4777/2646
f 4010/4774/2647 4011/4773/2647 3968/4725/2647 3962/4724/2647
f 4011/4773/2648 4012/4775/2648 3974/4731/2648 3968/4725/2648
f 4012/4775/2649 4013/4776/2649 3980/4737/2649 3974/4731/2649
f 4013/4776/2650 4014/4777/2650 3986/4743/2650 3980/4737/2650
f 4014/4777/2651 4015/4778/2651 3957/4779/2651 3986/4743/2651
f 4016/4457/2652 4019/4780/2652 4025/4781/2652 4024/4782/2652
f 4019/4780/2653 4020/4783/2653 4026/4784/2653 4025/4781/2653
f 4020/4783/2654 4021/4785/2654 4027/4786/2654 4026/4784/2654
f 4021/4785/2655 4022/4787/2655 4028/4788/2655 4027/4786/2655
f 4022/4787/2656 4023/4789/2656 4029/4790/2656 4028/4788/2656
f 4024/4782/2657 4025/4781/2657 4031/4791/2657 4030/4792/2657
f 4025/4781/2658 4026/4784/2658 4032/4793/2658 4031/4791/2658
f 4026/4784/2659 4027/4786/2659 4033/4794/2659 4032/4793/2659
f 4027/4786/2660 4028/4788/2660 4034/4795/2660 4033/4794/2660
f 4028/4788/2661 4029/4790/2661 4035/4796/2661 4034/4795/2661
f 4030/4792/2662 4031/4791/2662 4037/4797/2662 4036/4798/2662
f 4031/4791/2663 4032/4793/2663 4038/4799/2663 4037/4797/2663
f 4032/4793/2664 4033/4794/2664 4039/4800/2664 4038/4799/2664
f 4033/4794/2665 4034/4795/2665 4040/4801/2665 4039/4800/2665
f 4034/4795/2666 4035/4796/2666 4041/4802/2666 4040/4801/2666
f 4036/4798/2667 4037/4797/2667 4043/4803/2667 4042/4804/2667
f 4037/4797/2668 4038/4799/2668 4044/4805/2668 4043/4803/2668
f 4038/4799/2669 4039/4800/2669 4045/4806/2669 4044/4805/2669
f 4039/4800/2670 4040/4801/2670 4046/4807/2670 4045/4806/2670
f 4040/4801/2671 4041/4802/2671 4047/4808/2671 4046/4807/2671
f 4042/4804/2672 4043/4803/2672 4088/4809/2672 4082/4810/2672
f 4043/4803/2673 4044/4805/2673 4094/4811/2673 4088/4809/2673
f 4044/4805/2674 4045/4806/2674 4100/4812/2674 4094/4811/2674
f 4045/4806/2675 4046/4807/2675 4106/4813/2675 4100/4812/2675
f 4046/4807/2676 4047/4808/2676 4048/4814/2676 4106/4813/2676
f 4017/4465/2677 4049/4815/2677 4055/4816/2677 4054/4817/2677
f 4049/4815/2678 4050/4818/2678 4056/4819/2678 4055/4816/2678
f 4050/4818/2679 4051/4820/2679 4057/4821/2679 4056/4819/2679
f 4051/4820/2680 4052/4822/2680 4058/4823/2680 4057/4821/2680
f 4052/4822/2681 4053/4824/2681 4059/4825/2681 4058/4823/2681
f 4054/4817/2682 4055/4816/2682 4061/4826/2682 4060/4827/2682
f 4055/4816/2683 4056/4819/2683 4062/4828/2683 4061/4826/2683
f 4056/4819/2684 4057/4821/2684 4063/4829/2684 4062/4828/2684
f 4057/4821/2685 4058/4823/2685 4064/4830/2685 4063/4829/2685
f 4058/4823/2686 4059/4825/2686 4065/4831/2686 4064/4830/2686
f 4060/4827/2687 4061/4826/2687 4067/4832/2687 4066/4833/2687
f 4061/4826/2688 4062/4828/2688 4068/4834/2688 4067/4832/2688
f 4062/4828/2689 4063/4829/2689 4069/4835/2689 4068/4834/2689
f 4063/4829/2690 4064/4830/2690 4070/4836/2690 4069/4835/2690
f 4064/4830/2691 4065/4831/2691 4071/4837/2691 4070/4836/2691
f 4066/4833/2692 4067/4832/2692 4073/4838/2692 4072/4839/2692
f 4067/4832/2693 4068/4834/2693 4074/4840/2693 4073/4838/2693
f 4068/4834/2694 4069/4835/2694 4075/4841/2694 4074/4840/2694
f 4069/4835/2695 4070/4836/2695 4076/4842/2695 4075/4841/2695
f 4070/4836/2696 4071/4837/2696 4077/4843/2696 4076/4842/2696
f 4072/4839/2697 4073/4838/2697 4029/4844/2697 4023/4845/2697
f 4073/4838/2698 4074/4840/2698 4035/4846/2698 4029/4844/2698
f 4074/4840/2699 4075/4841/2699 4041/4847/2699 4035/4846/2699
f 4075/4841/2700 4076/4842/2700 4047/4848/2700 4041/4847/2700
f 4076/4842/2701 4077/4843/2701 4048/4849/2701 4047/4848/2701
f 4018/4462/2702 4078/4850/2702 4084/4851/2702 4083/4852/2702
f 4078/4850/2703 4079/4853/2703 4085/4854/2703 4084/4851/2703
f 4079/4853/2704 4080/4855/2704 4086/4856/2704 4085/4854/2704
f 4080/4855/2705 4081/4857/2705 4087/4858/2705 4086/4856/2705
f 4081/4857/2706 4082/4859/2706 4088/4860/2706 4087/4858/2706
f 4083/4852/2707 4084/4851/2707 4090/4861/2707 4089/4862/2707
f 4084/4851/2708 4085/4854/2708 4091/4863/2708 4090/4861/2708
f 4085/4854/2709 4086/4856/2709 4092/4864/2709 4091/4863/2709
f 4086/4856/2710 4087/4858/2710 4093/4865/2710 4092/4864/2710
f 4087/4858/2711 4088/4860/2711 4094/4866/2711 4093/4865/2711
f 4089/4862/2712 4090/4861/2712 4096/4867/2712 4095/4868/2712
f 4090/4861/2713 4091/4863/2713 4097/4869/2713 4096/4867/2713
f 4091/4863/2714 4092/4864/2714 4098/4870/2714 4097/4869/2714
f 4092/4864/2715 4093/4865/2715 4099/4871/2715 4098/4870/2715
f 4093/4865/2716 4094/4866/2716 4100/4872/2716 4099/4871/2716
f 4095/4868/2717 4096/4867/2717 4102/4873/2717 4101/4874/2717
f 4096/4867/2718 4097/4869/2718 4103/4875/2718 4102/4873/2718
f 4097/4869/2719 4098/4870/2719 4104/4876/2719 4103/4875/2719
f 4098/4870/2720 4099/4871/2720 4105/4877/2720 4104/4876/2720
f 4099/4871/2721 4100/4872/2721 4106/4878/2721 4105/4877/2721
f 4101/4874/2722 4102/4873/2722 4059/4825/2722 4053/4824/2722
f 4102/4873/2723 4103/4875/2723 4065/4831/2723 4059/4825/2723
f 4103/4875/2724 4104/4876/2724 4071/4837/2724 4065/4831/2724
f 4104/4876/2725 4105/4877/2725 4077/4843/2725 4071/4837/2725
f 4105/4877/2726 4106/4878/2726 4048/4879/2726 4077/4843/2726
f 4107/4880/2727 4110/4881/2727 4116/4882/2727 4115/4883/2727
f 4110/4881/2728 4111/4884/2728 4117/4885/2728 4116/4882/2728
f 4111/4884/2729 4112/4886/2729 4118/4887/2729 4117/4885/2729
f 4112/4886/2730 4113/4888/2730 4119/4889/2730 4118/4887/2730
f 4113/4888/2731 4114/4890/2731 4120/4891/2731 4119/4889/2731
f 4115/4883/2732 4116/4882/2732 4122/4892/2732 4121/4893/2732
f 4116/4882/2733 4117/4885/2733 4123/4894/2733 4122/4892/2733
f 4117/4885/2734 4118/4887/2734 4124/4895/2734 4123/4894/2734
f 4118/4887/2735 4119/4889/2735 4125/4896/2735 4124/4895/2735
f 4119/4889/2736 4120/4891/2736 4126/4897/2736 4125/4896/2736
f 4121/4893/2737 4122/4892/2737 4128/4898/2737 4127/4899/2737
f 4122/4892/2738 4123/4894/2738 4129/4900/2738 4128/4898/2738
f 4123/4894/2739 4124/4895/2739 4130/4901/2739 4129/4900/2739
f 4124/4895/2740 4125/4896/2740 4131/4902/2740 4130/4901/2740
f 4125/4896/2741 4126/4897/2741 4132/4903/2741 4131/4902/2741
f 4127/4899/2742 4128/4898/2742 4134/4904/2742 4133/4905/2742
f 4128/4898/2743 4129/4900/2743 4135/4906/2743 4134/4904/2743
f 4129/4900/2744 4130/4901/2744 4136/4907/2744 4135/4906/2744
f 4130/4901/2745 4131/4902/2745 4137/4908/2745 4136/4907/2745
f 4131/4902/2746 4132/4903/2746 4138/4909/2746 4137/4908/2746
f 4133/4905/2747 4134/4904/2747 4179/4910/2747 4173/4911/2747
f 4134/4904/2748 4135/4906/2748 4185/4912/2748 4179/4910/2748
f 4135/4906/2749 4136/4907/2749 4191/4913/2749 4185/4912/2749
f 4136/4907/2750 4137/4908/2750 4197/4914/2750 4191/4913/2750
f 4137/4908/2751 4138/4909/2751 4139/4915/2751 4197/4914/2751
f 4108/4455/2752 4140/4916/2752 4146/4917/2752 4145/4918/2752
f 4140/4916/2753 4141/4919/2753 4147/4920/2753 4146/4917/2753
f 4141/4919/2754 4142/4921/2754 4148/4922/2754 4147/4920/2754
f 4142/4921/2755 4143/4923/2755 4149/4924/2755 4148/4922/2755
f 4143/4923/2756 4144/4925/2756 4150/4926/2756 4149/4924/2756
f 4145/4918/2757 4146/4917/2757 4152/4927/2757 4151/4928/2757
f 4146/4917/2758 4147/4920/2758 4153/4929/2758 4152/4927/2758
f 4147/4920/2759 4148/4922/2759 4154/4930/2759 4153/4929/2759
f 4148/4922/2760 4149/4924/2760 4155/4931/2760 4154/4930/2760
f 4149/4924/2761 4150/4926/2761 4156/4932/2761 4155/4931/2761
f 4151/4928/2762 4152/4927/2762 4158/4933/2762 4157/4934/2762
f 4152/4927/2763 4153/4929/2763 4159/4935/2763 4158/4933/2763
f 4153/4929/2764 4154/4930/2764 4160/4936/2764 4159/4935/2764
f 4154/4930/2765 4155/4931/2765 4161/4937/2765 4160/4936/2765
f 4155/4931/2766 4156/4932/2766 4162/4938/2766 4161/4937/2766
f 4157/4934/2767 4158/4933/2767 4164/4939/2767 4163/4940/2767
f 4158/4933/2768 4159/4935/2768 4165/4941/2768 4164/4939/2768
f 4159/4935/2769 4160/4936/2769 4166/4942/2769 4165/4941/2769
f 4160/4936/2770 4161/4937/2770 4167/4943/2770 4166/4942/2770
f 4161/4937/2771 4162/4938/2771 4168/4944/2771 4167/4943/2771
f 4163/4940/2772 4164/4939/2772 4120/4945/2772 4114/4890/2772
f 4164/4939/2773 4165/4941/2773 4126/4897/2773 4120/4945/2773
f 4165/4941/2774 4166/4942/2774 4132/4903/2774 4126/4897/2774
f 4166/4942/2775 4167/4943/2775 4138/4909/2775 4132/4903/2775
f 4167/4943/2776 4168/4944/2776 4139/4915/2776 4138/4909/2776
f 4109/4448/2777 4169/4946/2777 4175/4947/2777 4174/4948/2777
f 4169/4946/2778 4170/4949/2778 4176/4950/2778 4175/4947/2778
f 4170/4949/2779 4171/4951/2779 4177/4952/2779 4176/4950/2779
f 4171/4951/2780 4172/4953/2780 4178/4954/2780 4177/4952/2780
f 4172/4953/2781 4173/4955/2781 4179/4956/2781 4178/4954/2781
f 4174/4948/2782 4175/4947/2782 4181/4957/2782 4180/4958/2782
f 4175/4947/2783 4176/4950/2783 4182/4959/2783 4181/4957/2783
f 4176/4950/2784 4177/4952/2784 4183/4960/2784 4182/4959/2784
f 4177/4952/2785 4178/4954/2785 4184/4961/2785 4183/4960/2785
f 4178/4954/2786 4179/4956/2786 4185/4962/2786 4184/4961/2786
f 4180/4958/2787 4181/4957/2787 4187/4963/2787 4186/4964/2787
f 4181/4957/2788 4182/4959/2788 4188/4965/2788 4187/4963/2788
f 4182/4959/2789 4183/4960/2789 4189/4966/2789 4188/4965/2789
f 4183/4960/2790 4184/4961/2790 4190/4967/2790 4189/4966/2790
f 4184/4961/2791 4185/4962/2791 4191/4968/2791 4190/4967/2791
f 4186/4964/2792 4187/4963/2792 4193/4969/2792 4192/4970/2792
f 4187/4963/2793 4188/4965/2793 4194/4971/2793 4193/4969/2793
f 4188/4965/2794 4189/4966/2794 4195/4972/2794 4194/4971/2794
f 4189/4966/2795 4190/4967/2795 4196/4973/2795 4195/4972/2795
f 4190/4967/2796 4191/4968/2796 4197/4974/2796 4196/4973/2796
f 4192/4970/2797 4193/4969/2797 4150/4926/2797 4144/4925/2797
f 4193/4969/2798 4194/4971/2798 4156/4932/2798 4150/4926/2798
f 4194/4971/2799 4195/4972/2799 4162/4938/2799 4156/4932/2799
f 4195/4972/2800 4196/4973/2800 4168/4944/2800 4162/4938/2800
f 4196/4973/2801 4197/4974/2801 4139/4915/2801 4168/4944/2801
f 4198/4459/2802 4201/4975/2802 4207/4976/2802 4206/4977/2802
f 4201/4975/2803 4202/4978/2803 4208/4979/2803 4207/4976/2803
f 4202/4978/2804 4203/4980/2804 4209/4981/2804 4208/4979/2804
f 4203/4980/2805 4204/4982/2805 4210/4983/2805 4209/4981/2805
f 4204/4982/2806 4205/4984/2806 4211/4985/2806 4210/4983/2806
f 4206/4977/2807 4207/4976/2807 4213/4986/2807 4212/4987/2807
f 4207/4976/2808 4208/4979/2808 4214/4988/2808 4213/4986/2808
f 4208/4979/2809 4209/4981/2809 4215/4989/2809 4214/4988/2809
f 4209/4981/2810 4210/4983/2810 4216/4990/2810 4215/4989/2810
f 4210/4983/2811 4211/4985/2811 4217/4991/2811 4216/4990/2811
f 4212/4987/2812 4213/4986/2812 4219/4992/2812 4218/4993/2812
f 4213/4986/2813 4214/4988/2813 4220/4994/2813 4219/4992/2813
f 4214/4988/2814 4215/4989/2814 4221/4995/2814 4220/4994/2814
f 4215/4989/2815 4216/4990/2815 4222/4996/2815 4221/4995/2815
f 4216/4990/2816 4217/4991/2816 4223/4997/2816 4222/4996/2816
f 4218/4993/2817 4219/4992/2817 4225/4998/2817 4224/4999/2817
f 4219/4992/2818 4220/4994/2818 4226/5000/2818 4225/4998/2818
f 4220/4994/2819 4221/4995/2819 4227/5001/2819 4226/5000/2819
f 4221/4995/2820 4222/4996/2820 4228/5002/2820 4227/5001/2820
f 4222/4996/2821 4223/4997/2821 4229/5003/2821 4228/5002/2821
f 4224/4999/2822 4225/4998/2822 4270/5004/2822 4264/5005/2822
f 4225/4998/2823 4226/5000/2823 4276/5006/2823 4270/5004/2823
f 4226/5000/2824 4227/5001/2824 4282/5007/2824 4276/5006/2824
f 4227/5001/2825 4228/5002/2825 4288/5008/2825 4282/5007/2825
f 4228/5002/2826 4229/5003/2826 4230/5009/2826 4288/5008/2826
f 4199/4449/2827 4231/5010/2827 4237/5011/2827 4236/5012/2827
f 4231/5010/2828 4232/5013/2828 4238/5014/2828 4237/5011/2828
f 4232/5013/2829 4233/5015/2829 4239/5016/2829 4238/5014/2829
f 4233/5015/2830 4234/5017/2830 4240/5018/2830 4239/5016/2830
f 4234/5017/2831 4235/5019/2831 4241/5020/2831 4240/5018/2831
f 4236/5012/2832 4237/5011/2832 4243/5021/2832 4242/5022/2832
f 4237/5011/2833 4238/5014/2833 4244/5023/2833 4243/5021/2833
f 4238/5014/2834 4239/5016/2834 4245/5024/2834 4244/5023/2834
f 4239/5016/2835 4240/5018/2835 4246/5025/2835 4245/5024/2835
f 4240/5018/2836 4241/5020/2836 4247/5026/2836 4246/5025/2836
f 4242/5022/2837 4243/5021/2837 4249/5027/2837 4248/5028/2837
f 4243/5021/2838 4244/5023/2838 4250/5029/2838 4249/5027/2838
f 4244/5023/2839 4245/5024/2839 4251/5030/2839 4250/5029/2839
f 4245/5024/2840 4246/5025/2840 4252/5031/2840 4251/5030/2840
f 4246/5025/2841 4247/5026/2841 4253/5032/2841 4252/5031/2841
f 4248/5028/2842 4249/5027/2842 4255/5033/2842 4254/5034/2842
f 4249/5027/2843 4250/5029/2843 4256/5035/2843 4255/5033/2843
f 4250/5029/2844 4251/5030/2844 4257/5036/2844 4256/5035/2844
f 4251/5030/2845 4252/5031/2845 4258/5037/2845 4257/5036/2845
f 4252/5031/2846 4253/5032/2846 4259/5038/2846 4258/5037/2846
f 4254/5034/2847 4255/5033/2847 4211/5039/2847 4205/5040/2847
f 4255/5033/2848 4256/5035/2848 4217/5041/2848 4211/5039/2848
f 4256/5035/2849 4257/5036/2849 4223/5042/2849 4217/5041/2849
f 4257/5036/2850 4258/5037/2850 4229/5043/2850 4223/5042/2850
f 4258/5037/2851 4259/5038/2851 4230/5009/2851 4229/5043/2851
f 4200/4454/2852 4260/5044/2852 4266/5045/2852 4265/5046/2852
f 4260/5044/2853 4261/5047/2853 4267/5048/2853 4266/5045/2853
f 4261/5047/2854 4262/5049/2854 4268/5050/2854 4267/5048/2854
f 4262/5049/2855 4263/5051/2855 4269/5052/2855 4268/5050/2855
f 4263/5051/2856 4264/5005/2856 4270/5004/2856 4269/5052/2856
f 4265/5046/2857 4266/5045/2857 4272/5053/2857 4271/5054/2857
f 4266/5045/2858 4267/5048/2858 4273/5055/2858 4272/5053/2858
f 4267/5048/2859 4268/5050/2859 4274/5056/2859 4273/5055/2859
f 4268/5050/2860 4269/5052/2860 4275/5057/2860 4274/5056/2860
f 4269/5052/2861 4270/5004/2861 4276/5006/2861 4275/5057/2861
f 4271/5054/2862 4272/5053/2862 4278/5058/2862 4277/5059/2862
f 4272/5053/2863 4273/5055/2863 4279/5060/2863 4278/5058/2863
f 4273/5055/2864 4274/5056/2864 4280/5061/2864 4279/5060/2864
f 4274/5056/2865 4275/5057/2865 4281/5062/2865 4280/5061/2865
f 4275/5057/2866 4276/5006/2866 4282/5007/2866 4281/5062/2866
f 4277/5059/2867 4278/5058/2867 4284/5063/2867 4283/5064/2867
f 4278/5058/2868 4279/5060/2868 4285/5065/2868 4284/5063/2868
f 4279/5060/2869 4280/5061/2869 4286/5066/2869 4285/5065/2869
f 4280/5061/2870 4281/5062/2870 4287/5067/2870 4286/5066/2870
f 4281/5062/2871 4282/5007/2871 4288/5008/2871 4287/5067/2871
f 4283/5064/2872 4284/5063/2872 4241/5068/2872 4235/5019/2872
f 4284/5063/2873 4285/5065/2873 4247/5026/2873 4241/5068/2873
f 4285/5065/2874 4286/5066/2874 4253/5032/2874 4247/5026/2874
f 4286/5066/2875 4287/5067/2875 4259/5038/2875 4253/5032/2875
f 4287/5067/2876 4288/5008/2876 4230/5009/2876 4259/5038/2876
f 4289/5069/2877 4292/5070/2877 4298/5071/2877 4297/5072/2877
f 4292/5070/2878 4293/5073/2878 4299/5074/2878 4298/5071/2878
f 4293/5073/2879 4294/5075/2879 4300/5076/2879 4299/5074/2879
f 4294/5075/2880 4295/5077/2880 4301/5078/2880 4300/5076/2880
f 4295/5077/2881 4296/5079/2881 4302/5080/2881 4301/5078/2881
f 4297/5072/2882 4298/5071/2882 4304/5081/2882 4303/5082/2882
f 4298/5071/2883 4299/5074/2883 4305/5083/2883 4304/5081/2883
f 4299/5074/2884 4300/5076/2884 4306/5084/2884 4305/5083/2884
f 4300/5076/2885 4301/5078/2885 4307/5085/2885 4306/5084/2885
f 4301/5078/2886 4302/5080/2886 4308/5086/2886 4307/5085/2886
f 4303/5082/2887 4304/5081/2887 4310/5087/2887 4309/5088/2887
f 4304/5081/2888 4305/5083/2888 4311/5089/2888 4310/5087/2888
f 4305/5083/2889 4306/5084/2889 4312/5090/2889 4311/5089/2889
f 4306/5084/2890 4307/5085/2890 4313/5091/2890 4312/5090/2890
f 4307/5085/2891 4308/5086/2891 4314/5092/2891 4313/5091/2891
f 4309/5088/2892 4310/5087/2892 4316/5093/2892 4315/5094/2892
f 4310/5087/2893 4311/5089/2893 4317/5095/2893 4316/5093/2893
f 4311/5089/2894 4312/5090/2894 4318/5096/2894 4317/5095/2894
f 4312/5090/2895 4313/5091/2895 4319/5097/2895 4318/5096/2895
f 4313/5091/2896 4314/5092/2896 4320/5098/2896 4319/5097/2896
f 4315/5094/2897 4316/5093/2897 4361/5099/2897 4355/5100/2897
f 4316/5093/2898 4317/5095/2898 4367/5101/2898 4361/5099/2898
f 4317/5095/2899 4318/5096/2899 4373/5102/2899 4367/5101/2899
f 4318/5096/2900 4319/5097/2900 4379/5103/2900 4373/5102/2900
f 4319/5097/2901 4320/5098/2901 4321/5104/2901 4379/5103/2901
f 4290/4467/2902 4322/5105/2902 4328/5106/2902 4327/5107/2902
f 4322/5105/2903 4323/5108/2903 4329/5109/2903 4328/5106/2903
f 4323/5108/2904 4324/5110/2904 4330/5111/2904 4329/5109/2904
f 4324/5110/2905 4325/5112/2905 4331/5113/2905 4330/5111/2905
f 4325/5112/2906 4326/5114/2906 4332/5115/2906 4331/5113/2906
f 4327/5107/2907 4328/5106/2907 4334/5116/2907 4333/5117/2907
f 4328/5106/2908 4329/5109/2908 4335/5118/2908 4334/5116/2908
f 4329/5109/2909 4330/5111/2909 4336/5119/2909 4335/5118/2909
f 4330/5111/2910 4331/5113/2910 4337/5120/2910 4336/5119/2910
f 4331/5113/2911 4332/5115/2911 4338/5121/2911 4337/5120/2911
f 4333/5117/2912 4334/5116/2912 4340/5122/2912 4339/5123/2912
f 4334/5116/2913 4335/5118/2913 4341/5124/2913 4340/5122/2913
f 4335/5118/2914 4336/5119/2914 4342/5125/2914 4341/5124/2914
f 4336/5119/2915 4337/5120/2915 4343/5126/2915 4342/5125/2915
f 4337/5120/2916 4338/5121/2916 4344/5127/2916 4343/5126/2916
f 4339/5123/2917 4340/5122/2917 4346/5128/2917 4345/5129/2917
f 4340/5122/2918 4341/5124/2918 4347/5130/2918 4346/5128/2918
f 4341/5124/2919 4342/5125/2919 4348/5131/2919 4347/5130/2919
f 4342/5125/2920 4343/5126/2920 4349/5132/2920 4348/5131/2920
f 4343/5126/2921 4344/5127/2921 4350/5133/2921 4349/5132/2921
f 4345/5129/2922 4346/5128/2922 4302/5134/2922 4296/5135/2922
f 4346/5128/2923 4347/5130/2923 4308/5136/2923 4302/5134/2923
f 4347/5130/2924 4348/5131/2924 4314/5137/2924 4308/5136/2924
f 4348/5131/2925 4349/5132/2925 4320/5138/2925 4314/5137/2925
f 4349/5132/2926 4350/5133/2926 4321/5104/2926 4320/5138/2926
f 4291/4452/2927 4351/5139/2927 4357/5140/2927 4356/5141/2927
f 4351/5139/2928 4352/5142/2928 4358/5143/2928 4357/5140/2928
f 4352/5142/2929 4353/5144/2929 4359/5145/2929 4358/5143/2929
f 4353/5144/2930 4354/5146/2930 4360/5147/2930 4359/5145/2930
f 4354/5146/2931 4355/5100/2931 4361/5099/2931 4360/5147/2931
f 4356/5141/2932 4357/5140/2932 4363/5148/2932 4362/5149/2932
f 4357/5140/2933 4358/5143/2933 4364/5150/2933 4363/5148/2933
f 4358/5143/2934 4359/5145/2934 4365/5151/2934 4364/5150/2934
f 4359/5145/2935 4360/5147/2935 4366/5152/2935 4365/5151/2935
f 4360/5147/2936 4361/5099/2936 4367/5101/2936 4366/5152/2936
f 4362/5149/2937 4363/5148/2937 4369/5153/2937 4368/5154/2937
f 4363/5148/2938 4364/5150/2938 4370/5155/2938 4369/5153/2938
f 4364/5150/2939 4365/5151/2939 4371/5156/2939 4370/5155/2939
f 4365/5151/2940 4366/5152/2940 4372/5157/2940 4371/5156/2940
f 4366/5152/2941 4367/5101/2941 4373/5102/2941 4372/5157/2941
f 4368/5154/2942 4369/5153/2942 4375/5158/2942 4374/5159/2942
f 4369/5153/2943 4370/5155/2943 4376/5160/2943 4375/5158/2943
f 4370/5155/2944 4371/5156/2944 4377/5161/2944 4376/5160/2944
f 4371/5156/2945 4372/5157/2945 4378/5162/2945 4377/5161/2945
f 4372/5157/2946 4373/5102/2946 4379/5103/2946 4378/5162/2946
f 4374/5159/2947 4375/5158/2947 4332/5115/2947 4326/5114/2947
f 4375/5158/2948 4376/5160/2948 4338/5121/2948 4332/5115/2948
f 4376/5160/2949 4377/5161/2949 4344/5127/2949 4338/5121/2949
f 4377/5161/2950 4378/5162/2950 4350/5133/2950 4344/5127/2950
f 4378/5162/2951 4379/5103/2951 4321/5104/2951 4350/5133/2951
f 4380/4456/2952 4383/5163/2952 4389/5164/2952 4388/5165/2952
f 4383/5163/2953 4384/5166/2953 4390/5167/2953 4389/5164/2953
f 4384/5166/2954 4385/5168/2954 4391/5169/2954 4390/5167/2954
f 4385/5168/2955 4386/5170/2955 4392/5171/2955 4391/5169/2955
f 4386/5170/2956 4387/5172/2956 4393/5173/2956 4392/5171/2956
f 4388/5165/2957 4389/5164/2957 4395/5174/2957 4394/5175/2957
f 4389/5164/2958 4390/5167/2958 4396/5176/2958 4395/5174/2958
f 4390/5167/2959 4391/5169/2959 4397/5177/2959 4396/5176/2959
f 4391/5169/2960 4392/5171/2960 4398/5178/2960 4397/5177/2960
f 4392/5171/2961 4393/5173/2961 4399/5179/2961 4398/5178/2961
f 4394/5175/2962 4395/5174/2962 4401/5180/2962 4400/5181/2962
f 4395/5174/2963 4396/5176/2963 4402/5182/2963 4401/5180/2963
f 4396/5176/2964 4397/5177/2964 4403/5183/2964 4402/5182/2964
f 4397/5177/2965 4398/5178/2965 4404/5184/2965 4403/5183/2965
f 4398/5178/2966 4399/5179/2966 4405/5185/2966 4404/5184/2966
f 4400/5181/2967 4401/5180/2967 4407/5186/2967 4406/5187/2967
f 4401/5180/2968 4402/5182/2968 4408/5188/2968 4407/5186/2968
f 4402/5182/2969 4403/5183/2969 4409/5189/2969 4408/5188/2969
f 4403/5183/2970 4404/5184/2970 4410/5190/2970 4409/5189/2970
f 4404/5184/2971 4405/5185/2971 4411/5191/2971 4410/5190/2971
f 4406/5187/2972 4407/5186/2972 4452/5192/2972 4446/5193/2972
f 4407/5186/2973 4408/5188/2973 4458/5194/2973 4452/5192/2973
f 4408/5188/2974 4409/5189/2974 4464/5195/2974 4458/5194/2974
f 4409/5189/2975 4410/5190/2975 4470/5196/2975 4464/5195/2975
f 4410/5190/2976 4411/5191/2976 4412/5197/2976 4470/5196/2976
f 4381/4453/2977 4413/5198/2977 4419/5199/2977 4418/5200/2977
f 4413/5198/2978 4414/5201/2978 4420/5202/2978 4419/5199/2978
f 4414/5201/2979 4415/5203/2979 4421/5204/2979 4420/5202/2979
f 4415/5203/2980 4416/5205/2980 4422/5206/2980 4421/5204/2980
f 4416/5205/2981 4417/5207/2981 4423/5208/2981 4422/5206/2981
f 4418/5200/2982 4419/5199/2982 4425/5209/2982 4424/5210/2982
f 4419/5199/2983 4420/5202/2983 4426/5211/2983 4425/5209/2983
f 4420/5202/2984 4421/5204/2984 4427/5212/2984 4426/5211/2984
f 4421/5204/2985 4422/5206/2985 4428/5213/2985 4427/5212/2985
f 4422/5206/2986 4423/5208/2986 4429/5214/2986 4428/5213/2986
f 4424/5210/2987 4425/5209/2987 4431/5215/2987 4430/5216/2987
f 4425/5209/2988 4426/5211/2988 4432/5217/2988 4431/5215/2988
f 4426/5211/2989 4427/5212/2989 4433/5218/2989 4432/5217/2989
f 4427/5212/2990 4428/5213/2990 4434/5219/2990 4433/5218/2990
f 4428/5213/2991 4429/5214/2991 4435/5220/2991 4434/5219/2991
f 4430/5216/2992 4431/5215/2992 4437/5221/2992 4436/5222/2992
f 4431/5215/2993 4432/5217/2993 4438/5223/2993 4437/5221/2993
f 4432/5217/2994 4433/5218/2994 4439/5224/2994 4438/5223/2994
f 4433/5218/2995 4434/5219/2995 4440/5225/2995 4439/5224/2995
f 4434/5219/2996 4435/5220/2996 4441/5226/2996 4440/5225/2996
f 4436/5222/2997 4437/5221/2997 4393/5173/2997 4387/5172/2997
f 4437/5221/2998 4438/5223/2998 4399/5179/2998 4393/5173/2998
f 4438/5223/2999 4439/5224/2999 4405/5227/2999 4399/5179/2999
f 4439/5224/3000 4440/5225/3000 4411/5228/3000 4405/5227/3000
f 4440/5225/3001 4441/5226/3001 4412/5197/3001 4411/5228/3001
f 4382/4466/3002 4442/5229/3002 4448/5230/3002 4447/5231/3002
f 4442/5229/3003 4443/5232/3003 4449/5233/3003 4448/5230/3003
f 4443/5232/3004 4444/5234/3004 4450/5235/3004 4449/5233/3004
f 4444/5234/3005 4445/5236/3005 4451/5237/3005 4450/5235/3005
f 4445/5236/3006 4446/5238/3006 4452/5239/3006 4451/5237/3006
f 4447/5231/3007 4448/5230/3007 4454/5240/3007 4453/5241/3007
f 4448/5230/3008 4449/5233/3008 4455/5242/3008 4454/5240/3008
f 4449/5233/3009 4450/5235/3009 4456/5243/3009 4455/5242/3009
f 4450/5235/3010 4451/5237/3010 4457/5244/3010 4456/5243/3010
f 4451/5237/3011 4452/5239/3011 4458/5245/3011 4457/5244/3011
f 4453/5241/3012 4454/5240/3012 4460/5246/3012 4459/5247/3012
f 4454/5240/3013 4455/5242/3013 4461/5248/3013 4460/5246/3013
f 4455/5242/3014 4456/5243/3014 4462/5249/3014 4461/5248/3014
f 4456/5243/3015 4457/5244/3015 4463/5250/3015 4462/5249/3015
f 4457/5244/3016 4458/5245/3016 4464/5251/3016 4463/5250/3016
f 4459/5247/3017 4460/5246/3017 4466/5252/3017 4465/5253/3017
f 4460/5246/3018 4461/5248/3018 4467/5254/3018 4466/5252/3018
f 4461/5248/3019 4462/5249/3019 4468/5255/3019 4467/5254/3019
f 4462/5249/3020 4463/5250/3020 4469/5256/3020 4468/5255/3020
f 4463/5250/3021 4464/5251/3021 4470/5257/3021 4469/5256/3021
f 4465/5253/3022 4466/5252/3022 4423/5208/3022 4417/5207/3022
f 4466/5252/3023 4467/5254/3023 4429/5214/3023 4423/5208/3023
f 4467/5254/3024 4468/5255/3024 4435/5220/3024 4429/5214/3024
f 4468/5255/3025 4469/5256/3025 4441/5226/3025 4435/5220/3025
f 4469/5256/3026 4470/5257/3026 4412/5197/3026 4441/5226/3026
f 3925/4679/3027 3743/4468/3027 3751/4471/3027 3928/4680/3027
f 3928/4680/3028 3751/4471/3028 3757/4481/3028 3929/4683/3028
f 3929/4683/3029 3757/4481/3029 3763/4487/3029 3930/4685/3029
f 3930/4685/3030 3763/4487/3030 3769/4493/3030 3931/4687/3030
f 3931/4687/3031 3769/4493/3031 3809/4499/3031 3932/4689/3031
f 3932/4745/3032 3809/4548/3032 3808/4546/3032 3981/4739/3032
f 3981/4739/3033 3808/4546/3033 3807/4544/3033 3975/4733/3033
f 3975/4733/3034 3807/4544/3034 3806/4542/3034 3969/4727/3034
f 3969/4727/3035 3806/4542/3035 3805/4539/3035 3963/4717/3035
f 3963/4717/3036 3805/4539/3036 3745/4460/3036 3926/4463/3036
f 3744/4451/3037 3834/4450/3037 3842/4576/3037 3776/4504/3037
f 3776/4504/3038 3842/4576/3038 3848/4586/3038 3777/4507/3038
f 3777/4507/3039 3848/4586/3039 3854/4592/3039 3778/4509/3039
f 3778/4509/3040 3854/4592/3040 3860/4598/3040 3779/4511/3040
f 3779/4511/3041 3860/4598/3041 3900/4604/3041 3780/4513/3041
f 3780/4569/3042 3900/4653/3042 3899/4651/3042 3828/4563/3042
f 3828/4563/3043 3899/4651/3043 3898/4649/3043 3822/4557/3043
f 3822/4557/3044 3898/4649/3044 3897/4647/3044 3816/4551/3044
f 3816/4551/3045 3897/4647/3045 3896/4644/3045 3810/4541/3045
f 3810/4541/3046 3896/4644/3046 3836/4461/3046 3745/4460/3046
f 3835/4458/3047 4016/4457/3047 4024/4782/3047 3867/4609/3047
f 3867/4609/3048 4024/4782/3048 4030/4792/3048 3868/4612/3048
f 3868/4612/3049 4030/4792/3049 4036/4798/3049 3869/4614/3049
f 3869/4614/3050 4036/4798/3050 4042/4804/3050 3870/4616/3050
f 3870/4616/3051 4042/4804/3051 4082/4810/3051 3871/4618/3051
f 3871/4674/3052 4082/4859/3052 4081/4857/3052 3919/4668/3052
f 3919/4668/3053 4081/4857/3053 4080/4855/3053 3913/4662/3053
f 3913/4662/3054 4080/4855/3054 4079/4853/3054 3907/4656/3054
f 3907/4656/3055 4079/4853/3055 4078/4850/3055 3901/4646/3055
f 3901/4646/3056 4078/4850/3056 4018/4462/3056 3836/4461/3056
f 4017/4465/3057 3927/4464/3057 3992/4752/3057 4049/4815/3057
f 4049/4815/3058 3992/4752/3058 3998/4762/3058 4050/4818/3058
f 4050/4818/3059 3998/4762/3059 4004/4768/3059 4051/4820/3059
f 4051/4820/3060 4004/4768/3060 4010/4774/3060 4052/4822/3060
f 4052/4822/3061 4010/4774/3061 3962/4724/3061 4053/4824/3061
f 4053/4824/3062 3962/4724/3062 3961/4722/3062 4101/4874/3062
f 4101/4874/3063 3961/4722/3063 3960/4720/3063 4095/4868/3063
f 4095/4868/3064 3960/4720/3064 3959/4718/3064 4089/4862/3064
f 4089/4862/3065 3959/4718/3065 3958/4715/3065 4083/4852/3065
f 4083/4852/3066 3958/4715/3066 3926/4463/3066 4018/4462/3066
f 4289/5069/3067 3925/4679/3067 3933/4682/3067 4292/5070/3067
f 4292/5070/3068 3933/4682/3068 3939/4692/3068 4293/5073/3068
f 4293/5073/3069 3939/4692/3069 3945/4698/3069 4294/5075/3069
f 4294/5075/3070 3945/4698/3070 3951/4704/3070 4295/5077/3070
f 4295/5077/3071 3951/4704/3071 3991/4710/3071 4296/5079/3071
f 4296/5135/3072 3991/4759/3072 3990/4757/3072 4345/5129/3072
f 4345/5129/3073 3990/4757/3073 3989/4755/3073 4339/5123/3073
f 4339/5123/3074 3989/4755/3074 3988/4753/3074 4333/5117/3074
f 4333/5117/3075 3988/4753/3075 3987/4750/3075 4327/5107/3075
f 4327/5107/3076 3987/4750/3076 3927/4464/3076 4290/4467/3076
f 4016/4457/3077 4380/4456/3077 4388/5165/3077 4019/4780/3077
f 4019/4780/3078 4388/5165/3078 4394/5175/3078 4020/4783/3078
f 4020/4783/3079 4394/5175/3079 4400/5181/3079 4021/4785/3079
f 4021/4785/3080 4400/5181/3080 4406/5187/3080 4022/4787/3080
f 4022/4787/3081 4406/5187/3081 4446/5193/3081 4023/4789/3081
f 4023/4845/3082 4446/5238/3082 4445/5236/3082 4072/4839/3082
f 4072/4839/3083 4445/5236/3083 4444/5234/3083 4066/4833/3083
f 4066/4833/3084 4444/5234/3084 4443/5232/3084 4060/4827/3084
f 4060/4827/3085 4443/5232/3085 4442/5229/3085 4054/4817/3085
f 4054/4817/3086 4442/5229/3086 4382/4466/3086 4017/4465/3086
f 4381/4453/3087 4291/4452/3087 4356/5141/3087 4413/5198/3087
f 4413/5198/3088 4356/5141/3088 4362/5149/3088 4414/5201/3088
f 4414/5201/3089 4362/5149/3089 4368/5154/3089 4415/5203/3089
f 4415/5203/3090 4368/5154/3090 4374/5159/3090 4416/5205/3090
f 4416/5205/3091 4374/5159/3091 4326/5114/3091 4417/5207/3091
f 4417/5207/3092 4326/5114/3092 4325/5112/3092 4465/5253/3092
f 4465/5253/3093 4325/5112/3093 4324/5110/3093 4459/5247/3093
f 4459/5247/3094 4324/5110/3094 4323/5108/3094 4453/5241/3094
f 4453/5241/3095 4323/5108/3095 4322/5105/3095 4447/5231/3095
f 4447/5231/3096 4322/5105/3096 4290/4467/3096 4382/4466/3096
f 4107/4880/3097 4289/5069/3097 4297/5072/3097 4110/4881/3097
f 4110/4881/3098 4297/5072/3098 4303/5082/3098 4111/4884/3098
f 4111/4884/3099 4303/5082/3099 4309/5088/3099 4112/4886/3099
f 4112/4886/3100 4309/5088/3100 4315/5094/3100 4113/4888/3100
f 4113/4888/3101 4315/5094/3101 4355/5100/3101 4114/4890/3101
f 4114/4890/3102 4355/5100/3102 4354/5146/3102 4163/4940/3102
f 4163/4940/3103 4354/5146/3103 4353/5144/3103 4157/4934/3103
f 4157/4934/3104 4353/5144/3104 4352/5142/3104 4151/4928/3104
f 4151/4928/3105 4352/5142/3105 4351/5139/3105 4145/4918/3105
f 4145/4918/3106 4351/5139/3106 4291/4452/3106 4108/4455/3106
f 4380/4456/3107 4198/4459/3107 4206/4977/3107 4383/5163/3107
f 4383/5163/3108 4206/4977/3108 4212/4987/3108 4384/5166/3108
f 4384/5166/3109 4212/4987/3109 4218/4993/3109 4385/5168/3109
f 4385/5168/3110 4218/4993/3110 4224/4999/3110 4386/5170/3110
f 4386/5170/3111 4224/4999/3111 4264/5005/3111 4387/5172/3111
f 4387/5172/3112 4264/5005/3112 4263/5051/3112 4436/5222/3112
f 4436/5222/3113 4263/5051/3113 4262/5049/3113 4430/5216/3113
f 4430/5216/3114 4262/5049/3114 4261/5047/3114 4424/5210/3114
f 4424/5210/3115 4261/5047/3115 4260/5044/3115 4418/5200/3115
f 4418/5200/3116 4260/5044/3116 4200/4454/3116 4381/4453/3116
f 4199/4449/3117 4109/4448/3117 4174/4948/3117 4231/5010/3117
f 4231/5010/3118 4174/4948/3118 4180/4958/3118 4232/5013/3118
f 4232/5013/3119 4180/4958/3119 4186/4964/3119 4233/5015/3119
f 4233/5015/3120 4186/4964/3120 4192/4970/3120 4234/5017/3120
f 4234/5017/3121 4192/4970/3121 4144/4925/3121 4235/5019/3121
f 4235/5019/3122 4144/4925/3122 4143/4923/3122 4283/5064/3122
f 4283/5064/3123 4143/4923/3123 4142/4921/3123 4277/5059/3123
f 4277/5059/3124 4142/4921/3124 4141/4919/3124 4271/5054/3124
f 4271/5054/3125 4141/4919/3125 4140/4916/3125 4265/5046/3125
f 4265/5046/3126 4140/4916/3126 4108/4455/3126 4200/4454/3126
f 3743/4468/3127 4107/4880/3127 4115/4883/3127 3746/4469/3127
f 3746/4469/3128 4115/4883/3128 4121/4893/3128 3747/4472/3128
f 3747/4472/3129 4121/4893/3129 4127/4899/3129 3748/4474/3129
f 3748/4474/3130 4127/4899/3130 4133/4905/3130 3749/4476/3130
f 3749/4476/3131 4133/4905/3131 4173/4911/3131 3750/4478/3131
f 3750/4534/3132 4173/4955/3132 4172/4953/3132 3799/4528/3132
f 3799/4528/3133 4172/4953/3133 4171/4951/3133 3793/4522/3133
f 3793/4522/3134 4171/4951/3134 4170/4949/3134 3787/4516/3134
f 3787/4516/3135 4170/4949/3135 4169/4946/3135 3781/4506/3135
f 3781/4506/3136 4169/4946/3136 4109/4448/3136 3744/4451/3136
f 4198/4459/3137 3835/4458/3137 3872/4611/3137 4201/4975/3137
f 4201/4975/3138 3872/4611/3138 3878/4621/3138 4202/4978/3138
f 4202/4978/3139 3878/4621/3139 3884/4627/3139 4203/4980/3139
f 4203/4980/3140 3884/4627/3140 3890/4633/3140 4204/4982/3140
f 4204/4982/3141 3890/4633/3141 3841/4639/3141 4205/4984/3141
f 4205/5040/3142 3841/4583/3142 3840/4581/3142 4254/5034/3142
f 4254/5034/3143 3840/4581/3143 3839/4579/3143 4248/5028/3143
f 4248/5028/3144 3839/4579/3144 3838/4577/3144 4242/5022/3144
f 4242/5022/3145 3838/4577/3145 3837/4574/3145 4236/5012/3145
f 4236/5012/3146 3837/4574/3146 3834/4450/3146 4199/4449/3146
f 3925/4679/3147 4289/5069/3147 4107/4880/3147 3743/4468/3147
