# Blender 4.3.2
# www.blender.org
mtllib untitled.mtl
o Cube
v -1.900000 -2.400000 1.900000
v -1.900000 -2.280000 2.000000
v -2.000000 -2.280000 1.900000
v -1.900000 -2.399422 1.909802
v -1.900000 -2.397695 1.919509
v -1.900000 -2.394833 1.929029
v -1.900000 -2.390866 1.938268
v -1.900000 -2.385831 1.947140
v -1.900000 -2.379776 1.955557
v -1.900000 -2.372761 1.963439
v -1.900000 -2.364853 1.970711
v -1.909802 -2.399422 1.900000
v -1.909906 -2.398806 1.910000
v -1.909957 -2.396973 1.919974
v -1.910000 -2.393966 1.929672
v -1.910027 -2.389877 1.938930
v -1.910034 -2.384794 1.947677
v -1.910030 -2.378815 1.955845
v -1.910023 -2.372019 1.963399
v -1.910028 -2.364464 1.970322
v -1.919509 -2.397695 1.900000
v -1.919855 -2.396986 1.910092
v -1.920040 -2.395030 1.920239
v -1.920099 -2.391895 1.930022
v -1.920066 -2.387736 1.939205
v -1.919975 -2.382683 1.947739
v -1.919870 -2.376865 1.955582
v -1.919788 -2.370371 1.962746
v -1.919767 -2.363231 1.969272
v -1.929029 -2.394833 1.900000
v -1.929582 -2.393983 1.910132
v -1.929856 -2.391902 1.920316
v -1.929867 -2.388692 1.930063
v -1.929688 -2.384545 1.939097
v -1.929400 -2.379628 1.947358
v -1.929099 -2.374079 1.954835
v -1.928869 -2.367971 1.961582
v -1.928787 -2.361301 1.967684
v -1.938268 -2.390866 1.900000
v -1.938899 -2.389879 1.910134
v -1.939138 -2.387719 1.920258
v -1.939000 -2.384521 1.929875
v -1.938587 -2.380499 1.938693
v -1.938012 -2.375852 1.946635
v -1.937436 -2.370693 1.953727
v -1.937001 -2.365060 1.960054
v -1.936830 -2.358908 1.965724
v -1.947140 -2.385831 1.900000
v -1.947697 -2.384769 1.910119
v -1.947759 -2.382626 1.920130
v -1.947349 -2.379569 1.929553
v -1.946601 -2.375823 1.938104
v -1.945660 -2.371601 1.945698
v -1.944755 -2.366958 1.952401
v -1.944080 -2.361883 1.958317
v -1.943808 -2.356285 1.963558
v -1.955557 -2.379776 1.900000
v -1.955902 -2.378760 1.910091
v -1.955655 -2.376773 1.919978
v -1.954880 -2.373994 1.929204
v -1.953737 -2.370646 1.937501
v -1.952397 -2.366940 1.944783
v -1.951115 -2.362913 1.951121
v -1.950115 -2.358542 1.956609
v -1.949692 -2.353637 1.961361
v -1.963439 -2.372761 1.900000
v -1.963469 -2.371944 1.910055
v -1.962835 -2.370264 1.919842
v -1.961646 -2.367882 1.928922
v -1.960082 -2.365011 1.937034
v -1.958327 -2.361861 1.944095
v -1.956611 -2.358536 1.950119
v -1.955147 -2.355110 1.955147
v -1.954486 -2.351152 1.959293
v -1.957735 -2.349282 1.957735
v -1.909802 -2.280000 1.999519
v -1.919509 -2.280000 1.998079
v -1.929029 -2.280000 1.995694
v -1.938268 -2.280000 1.992388
v -1.947140 -2.280000 1.988192
v -1.955557 -2.280000 1.983147
v -1.963439 -2.280000 1.977301
v -1.970711 -2.280000 1.970711
v -1.900000 -2.291762 1.999519
v -1.910000 -2.291888 1.999005
v -1.919974 -2.291948 1.997478
v -1.929672 -2.292000 1.994972
v -1.938930 -2.292033 1.991564
v -1.947677 -2.292041 1.987329
v -1.955845 -2.292036 1.982346
v -1.963399 -2.292028 1.976682
v -1.970322 -2.292033 1.970387
v -1.900000 -2.303411 1.998079
v -1.910092 -2.303826 1.997488
v -1.920239 -2.304048 1.995858
v -1.930022 -2.304119 1.993246
v -1.939205 -2.304079 1.989780
v -1.947739 -2.303971 1.985569
v -1.955582 -2.303844 1.980721
v -1.962746 -2.303745 1.975309
v -1.969272 -2.303720 1.969359
v -1.900000 -2.314834 1.995694
v -1.910132 -2.315499 1.994986
v -1.920316 -2.315828 1.993252
v -1.930063 -2.315841 1.990577
v -1.939097 -2.315626 1.987121
v -1.947358 -2.315281 1.983024
v -1.954835 -2.314919 1.978399
v -1.961582 -2.314643 1.973309
v -1.967684 -2.314544 1.967751
v -1.900000 -2.325922 1.992388
v -1.910134 -2.326678 1.991565
v -1.920258 -2.326966 1.989766
v -1.929875 -2.326800 1.987101
v -1.938693 -2.326305 1.983749
v -1.946635 -2.325614 1.979877
v -1.953727 -2.324924 1.975577
v -1.960054 -2.324402 1.970883
v -1.965724 -2.324196 1.965757
v -1.900000 -2.336568 1.988192
v -1.910119 -2.337237 1.987308
v -1.920130 -2.337311 1.985521
v -1.929553 -2.336819 1.982974
v -1.938104 -2.335921 1.979853
v -1.945698 -2.334793 1.976334
v -1.952401 -2.333706 1.972465
v -1.958317 -2.332896 1.968236
v -1.963558 -2.332570 1.963571
v -1.900000 -2.346669 1.983147
v -1.910091 -2.347082 1.982300
v -1.919978 -2.346786 1.980644
v -1.929204 -2.345856 1.978329
v -1.937501 -2.344485 1.975538
v -1.944783 -2.342876 1.972450
v -1.951121 -2.341338 1.969094
v -1.956609 -2.340138 1.965452
v -1.961361 -2.339631 1.961364
v -1.900000 -2.356128 1.977301
v -1.910055 -2.356163 1.976620
v -1.919842 -2.355402 1.975220
v -1.928922 -2.353976 1.973235
v -1.937034 -2.352099 1.970842
v -1.944095 -2.349992 1.968218
v -1.950119 -2.347934 1.965447
v -1.955147 -2.346176 1.962592
v -1.959293 -2.345383 1.959293
v -1.999519 -2.291762 1.900000
v -1.998079 -2.303411 1.900000
v -1.995694 -2.314834 1.900000
v -1.992388 -2.325922 1.900000
v -1.988192 -2.336568 1.900000
v -1.983147 -2.346669 1.900000
v -1.977301 -2.356128 1.900000
v -1.970711 -2.364853 1.900000
v -1.999519 -2.280000 1.909802
v -1.999005 -2.292000 1.909906
v -1.997478 -2.303969 1.909957
v -1.994972 -2.315606 1.910000
v -1.991564 -2.326716 1.910027
v -1.987329 -2.337212 1.910034
v -1.982346 -2.347013 1.910030
v -1.976682 -2.356079 1.910023
v -1.970387 -2.364386 1.910028
v -1.998079 -2.280000 1.919509
v -1.997488 -2.292111 1.919855
v -1.995858 -2.304287 1.920040
v -1.993246 -2.316026 1.920099
v -1.989780 -2.327046 1.920066
v -1.985569 -2.337287 1.919975
v -1.980721 -2.346699 1.919870
v -1.975309 -2.355295 1.919788
v -1.969359 -2.363127 1.919767
v -1.995694 -2.280000 1.929029
v -1.994986 -2.292158 1.929582
v -1.993252 -2.304379 1.929856
v -1.990577 -2.316076 1.929867
v -1.987121 -2.326916 1.929688
v -1.983024 -2.336829 1.929400
v -1.978399 -2.345802 1.929099
v -1.973309 -2.353899 1.928869
v -1.967751 -2.361221 1.928787
v -1.992388 -2.280000 1.938268
v -1.991565 -2.292161 1.938899
v -1.989766 -2.304310 1.939138
v -1.987101 -2.315850 1.939000
v -1.983749 -2.326432 1.938587
v -1.979877 -2.335962 1.938012
v -1.975577 -2.344473 1.937436
v -1.970883 -2.352065 1.937001
v -1.965757 -2.358869 1.936830
v -1.988192 -2.280000 1.947140
v -1.987308 -2.292143 1.947697
v -1.985521 -2.304157 1.947759
v -1.982974 -2.315464 1.947349
v -1.979853 -2.325725 1.946601
v -1.976334 -2.334838 1.945660
v -1.972465 -2.342881 1.944755
v -1.968236 -2.349980 1.944080
v -1.963571 -2.356270 1.943808
v -1.983147 -2.280000 1.955557
v -1.982300 -2.292109 1.955902
v -1.980644 -2.303973 1.955655
v -1.978329 -2.315045 1.954880
v -1.975538 -2.325001 1.953737
v -1.972450 -2.333740 1.952397
v -1.969094 -2.341346 1.951115
v -1.965452 -2.347931 1.950115
v -1.961364 -2.353633 1.949692
v -1.977301 -2.280000 1.963439
v -1.976620 -2.292066 1.963469
v -1.975220 -2.303811 1.962835
v -1.973235 -2.314706 1.961646
v -1.970842 -2.324441 1.960082
v -1.968218 -2.332914 1.958327
v -1.965447 -2.340143 1.956611
v -1.962592 -2.346176 1.955147
v -1.959293 -2.351152 1.954486
v -1.900000 2.280000 2.000000
v -1.900000 2.400000 1.900000
v -2.000000 2.280000 1.900000
v -1.900000 2.291762 1.999519
v -1.900000 2.303411 1.998079
v -1.900000 2.314834 1.995694
v -1.900000 2.325922 1.992388
v -1.900000 2.336568 1.988192
v -1.900000 2.346669 1.983147
v -1.900000 2.356128 1.977301
v -1.900000 2.364853 1.970711
v -1.909802 2.280000 1.999519
v -1.909906 2.292000 1.999005
v -1.909957 2.303969 1.997478
v -1.910000 2.315606 1.994972
v -1.910027 2.326716 1.991564
v -1.910034 2.337212 1.987329
v -1.910030 2.347013 1.982346
v -1.910023 2.356079 1.976682
v -1.910028 2.364386 1.970387
v -1.919509 2.280000 1.998079
v -1.919855 2.292111 1.997488
v -1.920040 2.304287 1.995858
v -1.920099 2.316026 1.993246
v -1.920066 2.327046 1.989780
v -1.919975 2.337287 1.985569
v -1.919870 2.346699 1.980721
v -1.919788 2.355295 1.975309
v -1.919767 2.363127 1.969359
v -1.929029 2.280000 1.995694
v -1.929582 2.292158 1.994986
v -1.929856 2.304379 1.993252
v -1.929867 2.316076 1.990577
v -1.929688 2.326916 1.987121
v -1.929400 2.336829 1.983024
v -1.929099 2.345802 1.978399
v -1.928869 2.353899 1.973309
v -1.928787 2.361221 1.967751
v -1.938268 2.280000 1.992388
v -1.938899 2.292161 1.991565
v -1.939138 2.304310 1.989766
v -1.939000 2.315850 1.987101
v -1.938587 2.326432 1.983749
v -1.938012 2.335962 1.979877
v -1.937436 2.344473 1.975577
v -1.937001 2.352065 1.970883
v -1.936830 2.358869 1.965757
v -1.947140 2.280000 1.988192
v -1.947697 2.292143 1.987308
v -1.947759 2.304157 1.985521
v -1.947349 2.315464 1.982974
v -1.946601 2.325725 1.979853
v -1.945660 2.334838 1.976334
v -1.944755 2.342881 1.972465
v -1.944080 2.349980 1.968236
v -1.943808 2.356270 1.963571
v -1.955557 2.280000 1.983147
v -1.955902 2.292109 1.982300
v -1.955655 2.303973 1.980644
v -1.954880 2.315045 1.978329
v -1.953737 2.325001 1.975538
v -1.952397 2.333740 1.972450
v -1.951115 2.341346 1.969094
v -1.950115 2.347931 1.965452
v -1.949692 2.353633 1.961364
v -1.963439 2.280000 1.977301
v -1.963469 2.292066 1.976620
v -1.962835 2.303811 1.975220
v -1.961646 2.314706 1.973235
v -1.960082 2.324441 1.970842
v -1.958327 2.332914 1.968218
v -1.956611 2.340143 1.965447
v -1.955147 2.346176 1.962592
v -1.954486 2.351152 1.959293
v -1.957735 2.349282 1.957735
v -1.909802 2.399422 1.900000
v -1.919509 2.397695 1.900000
v -1.929029 2.394833 1.900000
v -1.938268 2.390866 1.900000
v -1.947140 2.385831 1.900000
v -1.955557 2.379776 1.900000
v -1.963439 2.372761 1.900000
v -1.970711 2.364853 1.900000
v -1.900000 2.399422 1.909802
v -1.910000 2.398806 1.909906
v -1.919974 2.396973 1.909957
v -1.929672 2.393966 1.910000
v -1.938930 2.389877 1.910027
v -1.947677 2.384794 1.910034
v -1.955845 2.378815 1.910030
v -1.963399 2.372019 1.910023
v -1.970322 2.364464 1.910028
v -1.900000 2.397695 1.919509
v -1.910092 2.396986 1.919855
v -1.920239 2.395030 1.920040
v -1.930022 2.391895 1.920099
v -1.939205 2.387736 1.920066
v -1.947739 2.382683 1.919975
v -1.955582 2.376865 1.919870
v -1.962746 2.370371 1.919788
v -1.969272 2.363231 1.919767
v -1.900000 2.394833 1.929029
v -1.910132 2.393983 1.929582
v -1.920316 2.391902 1.929856
v -1.930063 2.388692 1.929867
v -1.939097 2.384545 1.929688
v -1.947358 2.379628 1.929400
v -1.954835 2.374079 1.929099
v -1.961582 2.367971 1.928869
v -1.967684 2.361301 1.928787
v -1.900000 2.390866 1.938268
v -1.910134 2.389879 1.938899
v -1.920258 2.387719 1.939138
v -1.929875 2.384521 1.939000
v -1.938693 2.380499 1.938587
v -1.946635 2.375852 1.938012
v -1.953727 2.370693 1.937436
v -1.960054 2.365060 1.937001
v -1.965724 2.358908 1.936830
v -1.900000 2.385831 1.947140
v -1.910119 2.384769 1.947697
v -1.920130 2.382626 1.947759
v -1.929553 2.379569 1.947349
v -1.938104 2.375823 1.946601
v -1.945698 2.371601 1.945660
v -1.952401 2.366958 1.944755
v -1.958317 2.361883 1.944080
v -1.963558 2.356285 1.943808
v -1.900000 2.379776 1.955557
v -1.910091 2.378760 1.955902
v -1.919978 2.376773 1.955655
v -1.929204 2.373994 1.954880
v -1.937501 2.370646 1.953737
v -1.944783 2.366940 1.952397
v -1.951121 2.362913 1.951115
v -1.956609 2.358542 1.950115
v -1.961361 2.353637 1.949692
v -1.900000 2.372761 1.963439
v -1.910055 2.371944 1.963469
v -1.919842 2.370264 1.962835
v -1.928922 2.367882 1.961646
v -1.937034 2.365011 1.960082
v -1.944095 2.361861 1.958327
v -1.950119 2.358536 1.956611
v -1.955147 2.355110 1.955147
v -1.959293 2.351152 1.954486
v -1.999519 2.280000 1.909802
v -1.998079 2.280000 1.919509
v -1.995694 2.280000 1.929029
v -1.992388 2.280000 1.938268
v -1.988192 2.280000 1.947140
v -1.983147 2.280000 1.955557
v -1.977301 2.280000 1.963439
v -1.970711 2.280000 1.970711
v -1.999519 2.291762 1.900000
v -1.999005 2.291888 1.910000
v -1.997478 2.291948 1.919974
v -1.994972 2.292000 1.929672
v -1.991564 2.292033 1.938930
v -1.987329 2.292041 1.947677
v -1.982346 2.292036 1.955845
v -1.976682 2.292028 1.963399
v -1.970387 2.292033 1.970322
v -1.998079 2.303411 1.900000
v -1.997488 2.303826 1.910092
v -1.995858 2.304048 1.920239
v -1.993246 2.304119 1.930022
v -1.989780 2.304079 1.939205
v -1.985569 2.303971 1.947739
v -1.980721 2.303844 1.955582
v -1.975309 2.303745 1.962746
v -1.969359 2.303720 1.969272
v -1.995694 2.314834 1.900000
v -1.994986 2.315499 1.910132
v -1.993252 2.315828 1.920316
v -1.990577 2.315841 1.930063
v -1.987121 2.315626 1.939097
v -1.983024 2.315281 1.947358
v -1.978399 2.314919 1.954835
v -1.973309 2.314643 1.961582
v -1.967751 2.314544 1.967684
v -1.992388 2.325922 1.900000
v -1.991565 2.326678 1.910134
v -1.989766 2.326966 1.920258
v -1.987101 2.326800 1.929875
v -1.983749 2.326305 1.938693
v -1.979877 2.325614 1.946635
v -1.975577 2.324924 1.953727
v -1.970883 2.324402 1.960054
v -1.965757 2.324196 1.965724
v -1.988192 2.336568 1.900000
v -1.987308 2.337237 1.910119
v -1.985521 2.337311 1.920130
v -1.982974 2.336819 1.929553
v -1.979853 2.335921 1.938104
v -1.976334 2.334793 1.945698
v -1.972465 2.333706 1.952401
v -1.968236 2.332896 1.958317
v -1.963571 2.332570 1.963558
v -1.983147 2.346669 1.900000
v -1.982300 2.347082 1.910091
v -1.980644 2.346786 1.919978
v -1.978329 2.345856 1.929204
v -1.975538 2.344485 1.937501
v -1.972450 2.342876 1.944783
v -1.969094 2.341338 1.951121
v -1.965452 2.340138 1.956609
v -1.961364 2.339631 1.961361
v -1.977301 2.356128 1.900000
v -1.976620 2.356163 1.910055
v -1.975220 2.355402 1.919842
v -1.973235 2.353976 1.928922
v -1.970842 2.352099 1.937034
v -1.968218 2.349992 1.944095
v -1.965447 2.347934 1.950119
v -1.962592 2.346176 1.955147
v -1.959293 2.345383 1.959293
v -1.900000 -2.400000 -1.900000
v -2.000000 -2.280000 -1.900000
v -1.900000 -2.280000 -2.000000
v -1.909802 -2.399422 -1.900000
v -1.919509 -2.397695 -1.900000
v -1.929029 -2.394833 -1.900000
v -1.938268 -2.390866 -1.900000
v -1.947140 -2.385831 -1.900000
v -1.955557 -2.379776 -1.900000
v -1.963439 -2.372761 -1.900000
v -1.970711 -2.364853 -1.900000
v -1.900000 -2.399422 -1.909802
v -1.910000 -2.398806 -1.909906
v -1.919974 -2.396973 -1.909957
v -1.929672 -2.393966 -1.910000
v -1.938930 -2.389877 -1.910027
v -1.947677 -2.384794 -1.910034
v -1.955845 -2.378815 -1.910030
v -1.963399 -2.372019 -1.910023
v -1.970322 -2.364464 -1.910028
v -1.900000 -2.397695 -1.919509
v -1.910092 -2.396986 -1.919855
v -1.920239 -2.395030 -1.920040
v -1.930022 -2.391895 -1.920099
v -1.939205 -2.387736 -1.920066
v -1.947739 -2.382683 -1.919975
v -1.955582 -2.376865 -1.919870
v -1.962746 -2.370371 -1.919788
v -1.969272 -2.363231 -1.919767
v -1.900000 -2.394833 -1.929029
v -1.910132 -2.393983 -1.929582
v -1.920316 -2.391902 -1.929856
v -1.930063 -2.388692 -1.929867
v -1.939097 -2.384545 -1.929688
v -1.947358 -2.379628 -1.929400
v -1.954835 -2.374079 -1.929099
v -1.961582 -2.367971 -1.928869
v -1.967684 -2.361301 -1.928787
v -1.900000 -2.390866 -1.938268
v -1.910134 -2.389879 -1.938899
v -1.920258 -2.387719 -1.939138
v -1.929875 -2.384521 -1.939000
v -1.938693 -2.380499 -1.938587
v -1.946635 -2.375852 -1.938012
v -1.953727 -2.370693 -1.937436
v -1.960054 -2.365060 -1.937001
v -1.965724 -2.358908 -1.936830
v -1.900000 -2.385831 -1.947140
v -1.910119 -2.384769 -1.947697
v -1.920130 -2.382626 -1.947759
v -1.929553 -2.379569 -1.947349
v -1.938104 -2.375823 -1.946601
v -1.945698 -2.371601 -1.945660
v -1.952401 -2.366958 -1.944755
v -1.958317 -2.361883 -1.944080
v -1.963558 -2.356285 -1.943808
v -1.900000 -2.379776 -1.955557
v -1.910091 -2.378760 -1.955902
v -1.919978 -2.376773 -1.955655
v -1.929204 -2.373994 -1.954880
v -1.937501 -2.370646 -1.953737
v -1.944783 -2.366940 -1.952397
v -1.951121 -2.362913 -1.951115
v -1.956609 -2.358542 -1.950115
v -1.961361 -2.353637 -1.949692
v -1.900000 -2.372761 -1.963439
v -1.910055 -2.371944 -1.963469
v -1.919842 -2.370264 -1.962835
v -1.928922 -2.367882 -1.961646
v -1.937034 -2.365011 -1.960082
v -1.944095 -2.361861 -1.958327
v -1.950119 -2.358536 -1.956611
v -1.955147 -2.355110 -1.955147
v -1.959293 -2.351152 -1.954486
v -1.957735 -2.349282 -1.957735
v -1.999519 -2.280000 -1.909802
v -1.998079 -2.280000 -1.919509
v -1.995694 -2.280000 -1.929029
v -1.992388 -2.280000 -1.938268
v -1.988192 -2.280000 -1.947140
v -1.983147 -2.280000 -1.955557
v -1.977301 -2.280000 -1.963439
v -1.970711 -2.280000 -1.970711
v -1.999519 -2.291762 -1.900000
v -1.999005 -2.291888 -1.910000
v -1.997478 -2.291948 -1.919974
v -1.994972 -2.292000 -1.929672
v -1.991564 -2.292033 -1.938930
v -1.987329 -2.292041 -1.947677
v -1.982346 -2.292036 -1.955845
v -1.976682 -2.292028 -1.963399
v -1.970387 -2.292033 -1.970322
v -1.998079 -2.303411 -1.900000
v -1.997488 -2.303826 -1.910092
v -1.995858 -2.304048 -1.920239
v -1.993246 -2.304119 -1.930022
v -1.989780 -2.304079 -1.939205
v -1.985569 -2.303971 -1.947739
v -1.980721 -2.303844 -1.955582
v -1.975309 -2.303745 -1.962746
v -1.969359 -2.303720 -1.969272
v -1.995694 -2.314834 -1.900000
v -1.994986 -2.315499 -1.910132
v -1.993252 -2.315828 -1.920316
v -1.990577 -2.315841 -1.930063
v -1.987121 -2.315626 -1.939097
v -1.983024 -2.315281 -1.947358
v -1.978399 -2.314919 -1.954835
v -1.973309 -2.314643 -1.961582
v -1.967751 -2.314544 -1.967684
v -1.992388 -2.325922 -1.900000
v -1.991565 -2.326678 -1.910134
v -1.989766 -2.326966 -1.920258
v -1.987101 -2.326800 -1.929875
v -1.983749 -2.326305 -1.938693
v -1.979877 -2.325614 -1.946635
v -1.975577 -2.324924 -1.953727
v -1.970883 -2.324402 -1.960054
v -1.965757 -2.324196 -1.965724
v -1.988192 -2.336568 -1.900000
v -1.987308 -2.337237 -1.910119
v -1.985521 -2.337311 -1.920130
v -1.982974 -2.336819 -1.929553
v -1.979853 -2.335921 -1.938104
v -1.976334 -2.334793 -1.945698
v -1.972465 -2.333706 -1.952401
v -1.968236 -2.332896 -1.958317
v -1.963571 -2.332570 -1.963558
v -1.983147 -2.346669 -1.900000
v -1.982300 -2.347082 -1.910091
v -1.980644 -2.346786 -1.919978
v -1.978329 -2.345856 -1.929204
v -1.975538 -2.344485 -1.937501
v -1.972450 -2.342876 -1.944783
v -1.969094 -2.341338 -1.951121
v -1.965452 -2.340138 -1.956609
v -1.961364 -2.339631 -1.961361
v -1.977301 -2.356128 -1.900000
v -1.976620 -2.356163 -1.910055
v -1.975220 -2.355402 -1.919842
v -1.973235 -2.353976 -1.928922
v -1.970842 -2.352099 -1.937034
v -1.968218 -2.349992 -1.944095
v -1.965447 -2.347934 -1.950119
v -1.962592 -2.346176 -1.955147
v -1.959293 -2.345383 -1.959293
v -1.900000 -2.291762 -1.999519
v -1.900000 -2.303411 -1.998079
v -1.900000 -2.314834 -1.995694
v -1.900000 -2.325922 -1.992388
v -1.900000 -2.336568 -1.988192
v -1.900000 -2.346669 -1.983147
v -1.900000 -2.356128 -1.977301
v -1.900000 -2.364853 -1.970711
v -1.909802 -2.280000 -1.999519
v -1.909906 -2.292000 -1.999005
v -1.909957 -2.303969 -1.997478
v -1.910000 -2.315606 -1.994972
v -1.910027 -2.326716 -1.991564
v -1.910034 -2.337212 -1.987329
v -1.910030 -2.347013 -1.982346
v -1.910023 -2.356079 -1.976682
v -1.910028 -2.364386 -1.970387
v -1.919509 -2.280000 -1.998079
v -1.919855 -2.292111 -1.997488
v -1.920040 -2.304287 -1.995858
v -1.920099 -2.316026 -1.993246
v -1.920066 -2.327046 -1.989780
v -1.919975 -2.337287 -1.985569
v -1.919870 -2.346699 -1.980721
v -1.919788 -2.355295 -1.975309
v -1.919767 -2.363127 -1.969359
v -1.929029 -2.280000 -1.995694
v -1.929582 -2.292158 -1.994986
v -1.929856 -2.304379 -1.993252
v -1.929867 -2.316076 -1.990577
v -1.929688 -2.326916 -1.987121
v -1.929400 -2.336829 -1.983024
v -1.929099 -2.345802 -1.978399
v -1.928869 -2.353899 -1.973309
v -1.928787 -2.361221 -1.967751
v -1.938268 -2.280000 -1.992388
v -1.938899 -2.292161 -1.991565
v -1.939138 -2.304310 -1.989766
v -1.939000 -2.315850 -1.987101
v -1.938587 -2.326432 -1.983749
v -1.938012 -2.335962 -1.979877
v -1.937436 -2.344473 -1.975577
v -1.937001 -2.352065 -1.970883
v -1.936830 -2.358869 -1.965757
v -1.947140 -2.280000 -1.988192
v -1.947697 -2.292143 -1.987308
v -1.947759 -2.304157 -1.985521
v -1.947349 -2.315464 -1.982974
v -1.946601 -2.325725 -1.979853
v -1.945660 -2.334838 -1.976334
v -1.944755 -2.342881 -1.972465
v -1.944080 -2.349980 -1.968236
v -1.943808 -2.356270 -1.963571
v -1.955557 -2.280000 -1.983147
v -1.955902 -2.292109 -1.982300
v -1.955655 -2.303973 -1.980644
v -1.954880 -2.315045 -1.978329
v -1.953737 -2.325001 -1.975538
v -1.952397 -2.333740 -1.972450
v -1.951115 -2.341346 -1.969094
v -1.950115 -2.347931 -1.965452
v -1.949692 -2.353633 -1.961364
v -1.963439 -2.280000 -1.977301
v -1.963469 -2.292066 -1.976620
v -1.962835 -2.303811 -1.975220
v -1.961646 -2.314706 -1.973235
v -1.960082 -2.324441 -1.970842
v -1.958327 -2.332914 -1.968218
v -1.956611 -2.340143 -1.965447
v -1.955147 -2.346176 -1.962592
v -1.954486 -2.351152 -1.959293
v -1.900000 2.400000 -1.900000
v -1.900000 2.280000 -2.000000
v -2.000000 2.280000 -1.900000
v -1.900000 2.399422 -1.909802
v -1.900000 2.397695 -1.919509
v -1.900000 2.394833 -1.929029
v -1.900000 2.390866 -1.938268
v -1.900000 2.385831 -1.947140
v -1.900000 2.379776 -1.955557
v -1.900000 2.372761 -1.963439
v -1.900000 2.364853 -1.970711
v -1.909802 2.399422 -1.900000
v -1.909906 2.398806 -1.910000
v -1.909957 2.396973 -1.919974
v -1.910000 2.393966 -1.929672
v -1.910027 2.389877 -1.938930
v -1.910034 2.384794 -1.947677
v -1.910030 2.378815 -1.955845
v -1.910023 2.372019 -1.963399
v -1.910028 2.364464 -1.970322
v -1.919509 2.397695 -1.900000
v -1.919855 2.396986 -1.910092
v -1.920040 2.395030 -1.920239
v -1.920099 2.391895 -1.930022
v -1.920066 2.387736 -1.939205
v -1.919975 2.382683 -1.947739
v -1.919870 2.376865 -1.955582
v -1.919788 2.370371 -1.962746
v -1.919767 2.363231 -1.969272
v -1.929029 2.394833 -1.900000
v -1.929582 2.393983 -1.910132
v -1.929856 2.391902 -1.920316
v -1.929867 2.388692 -1.930063
v -1.929688 2.384545 -1.939097
v -1.929400 2.379628 -1.947358
v -1.929099 2.374079 -1.954835
v -1.928869 2.367971 -1.961582
v -1.928787 2.361301 -1.967684
v -1.938268 2.390866 -1.900000
v -1.938899 2.389879 -1.910134
v -1.939138 2.387719 -1.920258
v -1.939000 2.384521 -1.929875
v -1.938587 2.380499 -1.938693
v -1.938012 2.375852 -1.946635
v -1.937436 2.370693 -1.953727
v -1.937001 2.365060 -1.960054
v -1.936830 2.358908 -1.965724
v -1.947140 2.385831 -1.900000
v -1.947697 2.384769 -1.910119
v -1.947759 2.382626 -1.920130
v -1.947349 2.379569 -1.929553
v -1.946601 2.375823 -1.938104
v -1.945660 2.371601 -1.945698
v -1.944755 2.366958 -1.952401
v -1.944080 2.361883 -1.958317
v -1.943808 2.356285 -1.963558
v -1.955557 2.379776 -1.900000
v -1.955902 2.378760 -1.910091
v -1.955655 2.376773 -1.919978
v -1.954880 2.373994 -1.929204
v -1.953737 2.370646 -1.937501
v -1.952397 2.366940 -1.944783
v -1.951115 2.362913 -1.951121
v -1.950115 2.358542 -1.956609
v -1.949692 2.353637 -1.961361
v -1.963439 2.372761 -1.900000
v -1.963469 2.371944 -1.910055
v -1.962835 2.370264 -1.919842
v -1.961646 2.367882 -1.928922
v -1.960082 2.365011 -1.937034
v -1.958327 2.361861 -1.944095
v -1.956611 2.358536 -1.950119
v -1.955147 2.355110 -1.955147
v -1.954486 2.351152 -1.959293
v -1.957735 2.349282 -1.957735
v -1.909802 2.280000 -1.999519
v -1.919509 2.280000 -1.998079
v -1.929029 2.280000 -1.995694
v -1.938268 2.280000 -1.992388
v -1.947140 2.280000 -1.988192
v -1.955557 2.280000 -1.983147
v -1.963439 2.280000 -1.977301
v -1.970711 2.280000 -1.970711
v -1.900000 2.291762 -1.999519
v -1.910000 2.291888 -1.999005
v -1.919974 2.291948 -1.997478
v -1.929672 2.292000 -1.994972
v -1.938930 2.292033 -1.991564
v -1.947677 2.292041 -1.987329
v -1.955845 2.292036 -1.982346
v -1.963399 2.292028 -1.976682
v -1.970322 2.292033 -1.970387
v -1.900000 2.303411 -1.998079
v -1.910092 2.303826 -1.997488
v -1.920239 2.304048 -1.995858
v -1.930022 2.304119 -1.993246
v -1.939205 2.304079 -1.989780
v -1.947739 2.303971 -1.985569
v -1.955582 2.303844 -1.980721
v -1.962746 2.303745 -1.975309
v -1.969272 2.303720 -1.969359
v -1.900000 2.314834 -1.995694
v -1.910132 2.315499 -1.994986
v -1.920316 2.315828 -1.993252
v -1.930063 2.315841 -1.990577
v -1.939097 2.315626 -1.987121
v -1.947358 2.315281 -1.983024
v -1.954835 2.314919 -1.978399
v -1.961582 2.314643 -1.973309
v -1.967684 2.314544 -1.967751
v -1.900000 2.325922 -1.992388
v -1.910134 2.326678 -1.991565
v -1.920258 2.326966 -1.989766
v -1.929875 2.326800 -1.987101
v -1.938693 2.326305 -1.983749
v -1.946635 2.325614 -1.979877
v -1.953727 2.324924 -1.975577
v -1.960054 2.324402 -1.970883
v -1.965724 2.324196 -1.965757
v -1.900000 2.336568 -1.988192
v -1.910119 2.337237 -1.987308
v -1.920130 2.337311 -1.985521
v -1.929553 2.336819 -1.982974
v -1.938104 2.335921 -1.979853
v -1.945698 2.334793 -1.976334
v -1.952401 2.333706 -1.972465
v -1.958317 2.332896 -1.968236
v -1.963558 2.332570 -1.963571
v -1.900000 2.346669 -1.983147
v -1.910091 2.347082 -1.982300
v -1.919978 2.346786 -1.980644
v -1.929204 2.345856 -1.978329
v -1.937501 2.344485 -1.975538
v -1.944783 2.342876 -1.972450
v -1.951121 2.341338 -1.969094
v -1.956609 2.340138 -1.965452
v -1.961361 2.339631 -1.961364
v -1.900000 2.356128 -1.977301
v -1.910055 2.356163 -1.976620
v -1.919842 2.355402 -1.975220
v -1.928922 2.353976 -1.973235
v -1.937034 2.352099 -1.970842
v -1.944095 2.349992 -1.968218
v -1.950119 2.347934 -1.965447
v -1.955147 2.346176 -1.962592
v -1.959293 2.345383 -1.959293
v -1.999519 2.291762 -1.900000
v -1.998079 2.303411 -1.900000
v -1.995694 2.314834 -1.900000
v -1.992388 2.325922 -1.900000
v -1.988192 2.336568 -1.900000
v -1.983147 2.346669 -1.900000
v -1.977301 2.356128 -1.900000
v -1.970711 2.364853 -1.900000
v -1.999519 2.280000 -1.909802
v -1.999005 2.292000 -1.909906
v -1.997478 2.303969 -1.909957
v -1.994972 2.315606 -1.910000
v -1.991564 2.326716 -1.910027
v -1.987329 2.337212 -1.910034
v -1.982346 2.347013 -1.910030
v -1.976682 2.356079 -1.910023
v -1.970387 2.364386 -1.910028
v -1.998079 2.280000 -1.919509
v -1.997488 2.292111 -1.919855
v -1.995858 2.304287 -1.920040
v -1.993246 2.316026 -1.920099
v -1.989780 2.327046 -1.920066
v -1.985569 2.337287 -1.919975
v -1.980721 2.346699 -1.919870
v -1.975309 2.355295 -1.919788
v -1.969359 2.363127 -1.919767
v -1.995694 2.280000 -1.929029
v -1.994986 2.292158 -1.929582
v -1.993252 2.304379 -1.929856
v -1.990577 2.316076 -1.929867
v -1.987121 2.326916 -1.929688
v -1.983024 2.336829 -1.929400
v -1.978399 2.345802 -1.929099
v -1.973309 2.353899 -1.928869
v -1.967751 2.361221 -1.928787
v -1.992388 2.280000 -1.938268
v -1.991565 2.292161 -1.938899
v -1.989766 2.304310 -1.939138
v -1.987101 2.315850 -1.939000
v -1.983749 2.326432 -1.938587
v -1.979877 2.335962 -1.938012
v -1.975577 2.344473 -1.937436
v -1.970883 2.352065 -1.937001
v -1.965757 2.358869 -1.936830
v -1.988192 2.280000 -1.947140
v -1.987308 2.292143 -1.947697
v -1.985521 2.304157 -1.947759
v -1.982974 2.315464 -1.947349
v -1.979853 2.325725 -1.946601
v -1.976334 2.334838 -1.945660
v -1.972465 2.342881 -1.944755
v -1.968236 2.349980 -1.944080
v -1.963571 2.356270 -1.943808
v -1.983147 2.280000 -1.955557
v -1.982300 2.292109 -1.955902
v -1.980644 2.303973 -1.955655
v -1.978329 2.315045 -1.954880
v -1.975538 2.325001 -1.953737
v -1.972450 2.333740 -1.952397
v -1.969094 2.341346 -1.951115
v -1.965452 2.347931 -1.950115
v -1.961364 2.353633 -1.949692
v -1.977301 2.280000 -1.963439
v -1.976620 2.292066 -1.963469
v -1.975220 2.303811 -1.962835
v -1.973235 2.314706 -1.961646
v -1.970842 2.324441 -1.960082
v -1.968218 2.332914 -1.958327
v -1.965447 2.340143 -1.956611
v -1.962592 2.346176 -1.955147
v -1.959293 2.351152 -1.954486
v 1.900000 -2.400000 1.900000
v 2.000000 -2.280000 1.900000
v 1.900000 -2.280000 2.000000
v 1.909802 -2.399422 1.900000
v 1.919509 -2.397695 1.900000
v 1.929029 -2.394833 1.900000
v 1.938268 -2.390866 1.900000
v 1.947140 -2.385831 1.900000
v 1.955557 -2.379776 1.900000
v 1.963439 -2.372761 1.900000
v 1.970711 -2.364853 1.900000
v 1.900000 -2.399422 1.909802
v 1.910000 -2.398806 1.909906
v 1.919974 -2.396973 1.909957
v 1.929672 -2.393966 1.910000
v 1.938930 -2.389877 1.910027
v 1.947677 -2.384794 1.910034
v 1.955845 -2.378815 1.910030
v 1.963399 -2.372019 1.910023
v 1.970322 -2.364464 1.910028
v 1.900000 -2.397695 1.919509
v 1.910092 -2.396986 1.919855
v 1.920239 -2.395030 1.920040
v 1.930022 -2.391895 1.920099
v 1.939205 -2.387736 1.920066
v 1.947739 -2.382683 1.919975
v 1.955582 -2.376865 1.919870
v 1.962746 -2.370371 1.919788
v 1.969272 -2.363231 1.919767
v 1.900000 -2.394833 1.929029
v 1.910132 -2.393983 1.929582
v 1.920316 -2.391902 1.929856
v 1.930063 -2.388692 1.929867
v 1.939097 -2.384545 1.929688
v 1.947358 -2.379628 1.929400
v 1.954835 -2.374079 1.929099
v 1.961582 -2.367971 1.928869
v 1.967684 -2.361301 1.928787
v 1.900000 -2.390866 1.938268
v 1.910134 -2.389879 1.938899
v 1.920258 -2.387719 1.939138
v 1.929875 -2.384521 1.939000
v 1.938693 -2.380499 1.938587
v 1.946635 -2.375852 1.938012
v 1.953727 -2.370693 1.937436
v 1.960054 -2.365060 1.937001
v 1.965724 -2.358908 1.936830
v 1.900000 -2.385831 1.947140
v 1.910119 -2.384769 1.947697
v 1.920130 -2.382626 1.947759
v 1.929553 -2.379569 1.947349
v 1.938104 -2.375823 1.946601
v 1.945698 -2.371601 1.945660
v 1.952401 -2.366958 1.944755
v 1.958317 -2.361883 1.944080
v 1.963558 -2.356285 1.943808
v 1.900000 -2.379776 1.955557
v 1.910091 -2.378760 1.955902
v 1.919978 -2.376773 1.955655
v 1.929204 -2.373994 1.954880
v 1.937501 -2.370646 1.953737
v 1.944783 -2.366940 1.952397
v 1.951121 -2.362913 1.951115
v 1.956609 -2.358542 1.950115
v 1.961361 -2.353637 1.949692
v 1.900000 -2.372761 1.963439
v 1.910055 -2.371944 1.963469
v 1.919842 -2.370264 1.962835
v 1.928922 -2.367882 1.961646
v 1.937034 -2.365011 1.960082
v 1.944095 -2.361861 1.958327
v 1.950119 -2.358536 1.956611
v 1.955147 -2.355110 1.955147
v 1.959293 -2.351152 1.954486
v 1.957735 -2.349282 1.957735
v 1.999519 -2.280000 1.909802
v 1.998079 -2.280000 1.919509
v 1.995694 -2.280000 1.929029
v 1.992388 -2.280000 1.938268
v 1.988192 -2.280000 1.947140
v 1.983147 -2.280000 1.955557
v 1.977301 -2.280000 1.963439
v 1.970711 -2.280000 1.970711
v 1.999519 -2.291762 1.900000
v 1.999005 -2.291888 1.910000
v 1.997478 -2.291948 1.919974
v 1.994972 -2.292000 1.929672
v 1.991564 -2.292033 1.938930
v 1.987329 -2.292041 1.947677
v 1.982346 -2.292036 1.955845
v 1.976682 -2.292028 1.963399
v 1.970387 -2.292033 1.970322
v 1.998079 -2.303411 1.900000
v 1.997488 -2.303826 1.910092
v 1.995858 -2.304048 1.920239
v 1.993246 -2.304119 1.930022
v 1.989780 -2.304079 1.939205
v 1.985569 -2.303971 1.947739
v 1.980721 -2.303844 1.955582
v 1.975309 -2.303745 1.962746
v 1.969359 -2.303720 1.969272
v 1.995694 -2.314834 1.900000
v 1.994986 -2.315499 1.910132
v 1.993252 -2.315828 1.920316
v 1.990577 -2.315841 1.930063
v 1.987121 -2.315626 1.939097
v 1.983024 -2.315281 1.947358
v 1.978399 -2.314919 1.954835
v 1.973309 -2.314643 1.961582
v 1.967751 -2.314544 1.967684
v 1.992388 -2.325922 1.900000
v 1.991565 -2.326678 1.910134
v 1.989766 -2.326966 1.920258
v 1.987101 -2.326800 1.929875
v 1.983749 -2.326305 1.938693
v 1.979877 -2.325614 1.946635
v 1.975577 -2.324924 1.953727
v 1.970883 -2.324402 1.960054
v 1.965757 -2.324196 1.965724
v 1.988192 -2.336568 1.900000
v 1.987308 -2.337237 1.910119
v 1.985521 -2.337311 1.920130
v 1.982974 -2.336819 1.929553
v 1.979853 -2.335921 1.938104
v 1.976334 -2.334793 1.945698
v 1.972465 -2.333706 1.952401
v 1.968236 -2.332896 1.958317
v 1.963571 -2.332570 1.963558
v 1.983147 -2.346669 1.900000
v 1.982300 -2.347082 1.910091
v 1.980644 -2.346786 1.919978
v 1.978329 -2.345856 1.929204
v 1.975538 -2.344485 1.937501
v 1.972450 -2.342876 1.944783
v 1.969094 -2.341338 1.951121
v 1.965452 -2.340138 1.956609
v 1.961364 -2.339631 1.961361
v 1.977301 -2.356128 1.900000
v 1.976620 -2.356163 1.910055
v 1.975220 -2.355402 1.919842
v 1.973235 -2.353976 1.928922
v 1.970842 -2.352099 1.937034
v 1.968218 -2.349992 1.944095
v 1.965447 -2.347934 1.950119
v 1.962592 -2.346176 1.955147
v 1.959293 -2.345383 1.959293
v 1.900000 -2.291762 1.999519
v 1.900000 -2.303411 1.998079
v 1.900000 -2.314834 1.995694
v 1.900000 -2.325922 1.992388
v 1.900000 -2.336568 1.988192
v 1.900000 -2.346669 1.983147
v 1.900000 -2.356128 1.977301
v 1.900000 -2.364853 1.970711
v 1.909802 -2.280000 1.999519
v 1.909906 -2.292000 1.999005
v 1.909957 -2.303969 1.997478
v 1.910000 -2.315606 1.994972
v 1.910027 -2.326716 1.991564
v 1.910034 -2.337212 1.987329
v 1.910030 -2.347013 1.982346
v 1.910023 -2.356079 1.976682
v 1.910028 -2.364386 1.970387
v 1.919509 -2.280000 1.998079
v 1.919855 -2.292111 1.997488
v 1.920040 -2.304287 1.995858
v 1.920099 -2.316026 1.993246
v 1.920066 -2.327046 1.989780
v 1.919975 -2.337287 1.985569
v 1.919870 -2.346699 1.980721
v 1.919788 -2.355295 1.975309
v 1.919767 -2.363127 1.969359
v 1.929029 -2.280000 1.995694
v 1.929582 -2.292158 1.994986
v 1.929856 -2.304379 1.993252
v 1.929867 -2.316076 1.990577
v 1.929688 -2.326916 1.987121
v 1.929400 -2.336829 1.983024
v 1.929099 -2.345802 1.978399
v 1.928869 -2.353899 1.973309
v 1.928787 -2.361221 1.967751
v 1.938268 -2.280000 1.992388
v 1.938899 -2.292161 1.991565
v 1.939138 -2.304310 1.989766
v 1.939000 -2.315850 1.987101
v 1.938587 -2.326432 1.983749
v 1.938012 -2.335962 1.979877
v 1.937436 -2.344473 1.975577
v 1.937001 -2.352065 1.970883
v 1.936830 -2.358869 1.965757
v 1.947140 -2.280000 1.988192
v 1.947697 -2.292143 1.987308
v 1.947759 -2.304157 1.985521
v 1.947349 -2.315464 1.982974
v 1.946601 -2.325725 1.979853
v 1.945660 -2.334838 1.976334
v 1.944755 -2.342881 1.972465
v 1.944080 -2.349980 1.968236
v 1.943808 -2.356270 1.963571
v 1.955557 -2.280000 1.983147
v 1.955902 -2.292109 1.982300
v 1.955655 -2.303973 1.980644
v 1.954880 -2.315045 1.978329
v 1.953737 -2.325001 1.975538
v 1.952397 -2.333740 1.972450
v 1.951115 -2.341346 1.969094
v 1.950115 -2.347931 1.965452
v 1.949692 -2.353633 1.961364
v 1.963439 -2.280000 1.977301
v 1.963469 -2.292066 1.976620
v 1.962835 -2.303811 1.975220
v 1.961646 -2.314706 1.973235
v 1.960082 -2.324441 1.970842
v 1.958327 -2.332914 1.968218
v 1.956611 -2.340143 1.965447
v 1.955147 -2.346176 1.962592
v 1.954486 -2.351152 1.959293
v 1.900000 2.400000 1.900000
v 1.900000 2.280000 2.000000
v 2.000000 2.280000 1.900000
v 1.900000 2.399422 1.909802
v 1.900000 2.397695 1.919509
v 1.900000 2.394833 1.929029
v 1.900000 2.390866 1.938268
v 1.900000 2.385831 1.947140
v 1.900000 2.379776 1.955557
v 1.900000 2.372761 1.963439
v 1.900000 2.364853 1.970711
v 1.909802 2.399422 1.900000
v 1.909906 2.398806 1.910000
v 1.909957 2.396973 1.919974
v 1.910000 2.393966 1.929672
v 1.910027 2.389877 1.938930
v 1.910034 2.384794 1.947677
v 1.910030 2.378815 1.955845
v 1.910023 2.372019 1.963399
v 1.910028 2.364464 1.970322
v 1.919509 2.397695 1.900000
v 1.919855 2.396986 1.910092
v 1.920040 2.395030 1.920239
v 1.920099 2.391895 1.930022
v 1.920066 2.387736 1.939205
v 1.919975 2.382683 1.947739
v 1.919870 2.376865 1.955582
v 1.919788 2.370371 1.962746
v 1.919767 2.363231 1.969272
v 1.929029 2.394833 1.900000
v 1.929582 2.393983 1.910132
v 1.929856 2.391902 1.920316
v 1.929867 2.388692 1.930063
v 1.929688 2.384545 1.939097
v 1.929400 2.379628 1.947358
v 1.929099 2.374079 1.954835
v 1.928869 2.367971 1.961582
v 1.928787 2.361301 1.967684
v 1.938268 2.390866 1.900000
v 1.938899 2.389879 1.910134
v 1.939138 2.387719 1.920258
v 1.939000 2.384521 1.929875
v 1.938587 2.380499 1.938693
v 1.938012 2.375852 1.946635
v 1.937436 2.370693 1.953727
v 1.937001 2.365060 1.960054
v 1.936830 2.358908 1.965724
v 1.947140 2.385831 1.900000
v 1.947697 2.384769 1.910119
v 1.947759 2.382626 1.920130
v 1.947349 2.379569 1.929553
v 1.946601 2.375823 1.938104
v 1.945660 2.371601 1.945698
v 1.944755 2.366958 1.952401
v 1.944080 2.361883 1.958317
v 1.943808 2.356285 1.963558
v 1.955557 2.379776 1.900000
v 1.955902 2.378760 1.910091
v 1.955655 2.376773 1.919978
v 1.954880 2.373994 1.929204
v 1.953737 2.370646 1.937501
v 1.952397 2.366940 1.944783
v 1.951115 2.362913 1.951121
v 1.950115 2.358542 1.956609
v 1.949692 2.353637 1.961361
v 1.963439 2.372761 1.900000
v 1.963469 2.371944 1.910055
v 1.962835 2.370264 1.919842
v 1.961646 2.367882 1.928922
v 1.960082 2.365011 1.937034
v 1.958327 2.361861 1.944095
v 1.956611 2.358536 1.950119
v 1.955147 2.355110 1.955147
v 1.954486 2.351152 1.959293
v 1.957735 2.349282 1.957735
v 1.909802 2.280000 1.999519
v 1.919509 2.280000 1.998079
v 1.929029 2.280000 1.995694
v 1.938268 2.280000 1.992388
v 1.947140 2.280000 1.988192
v 1.955557 2.280000 1.983147
v 1.963439 2.280000 1.977301
v 1.970711 2.280000 1.970711
v 1.900000 2.291762 1.999519
v 1.910000 2.291888 1.999005
v 1.919974 2.291948 1.997478
v 1.929672 2.292000 1.994972
v 1.938930 2.292033 1.991564
v 1.947677 2.292041 1.987329
v 1.955845 2.292036 1.982346
v 1.963399 2.292028 1.976682
v 1.970322 2.292033 1.970387
v 1.900000 2.303411 1.998079
v 1.910092 2.303826 1.997488
v 1.920239 2.304048 1.995858
v 1.930022 2.304119 1.993246
v 1.939205 2.304079 1.989780
v 1.947739 2.303971 1.985569
v 1.955582 2.303844 1.980721
v 1.962746 2.303745 1.975309
v 1.969272 2.303720 1.969359
v 1.900000 2.314834 1.995694
v 1.910132 2.315499 1.994986
v 1.920316 2.315828 1.993252
v 1.930063 2.315841 1.990577
v 1.939097 2.315626 1.987121
v 1.947358 2.315281 1.983024
v 1.954835 2.314919 1.978399
v 1.961582 2.314643 1.973309
v 1.967684 2.314544 1.967751
v 1.900000 2.325922 1.992388
v 1.910134 2.326678 1.991565
v 1.920258 2.326966 1.989766
v 1.929875 2.326800 1.987101
v 1.938693 2.326305 1.983749
v 1.946635 2.325614 1.979877
v 1.953727 2.324924 1.975577
v 1.960054 2.324402 1.970883
v 1.965724 2.324196 1.965757
v 1.900000 2.336568 1.988192
v 1.910119 2.337237 1.987308
v 1.920130 2.337311 1.985521
v 1.929553 2.336819 1.982974
v 1.938104 2.335921 1.979853
v 1.945698 2.334793 1.976334
v 1.952401 2.333706 1.972465
v 1.958317 2.332896 1.968236
v 1.963558 2.332570 1.963571
v 1.900000 2.346669 1.983147
v 1.910091 2.347082 1.982300
v 1.919978 2.346786 1.980644
v 1.929204 2.345856 1.978329
v 1.937501 2.344485 1.975538
v 1.944783 2.342876 1.972450
v 1.951121 2.341338 1.969094
v 1.956609 2.340138 1.965452
v 1.961361 2.339631 1.961364
v 1.900000 2.356128 1.977301
v 1.910055 2.356163 1.976620
v 1.919842 2.355402 1.975220
v 1.928922 2.353976 1.973235
v 1.937034 2.352099 1.970842
v 1.944095 2.349992 1.968218
v 1.950119 2.347934 1.965447
v 1.955147 2.346176 1.962592
v 1.959293 2.345383 1.959293
v 1.999519 2.291762 1.900000
v 1.998079 2.303411 1.900000
v 1.995694 2.314834 1.900000
v 1.992388 2.325922 1.900000
v 1.988192 2.336568 1.900000
v 1.983147 2.346669 1.900000
v 1.977301 2.356128 1.900000
v 1.970711 2.364853 1.900000
v 1.999519 2.280000 1.909802
v 1.999005 2.292000 1.909906
v 1.997478 2.303969 1.909957
v 1.994972 2.315606 1.910000
v 1.991564 2.326716 1.910027
v 1.987329 2.337212 1.910034
v 1.982346 2.347013 1.910030
v 1.976682 2.356079 1.910023
v 1.970387 2.364386 1.910028
v 1.998079 2.280000 1.919509
v 1.997488 2.292111 1.919855
v 1.995858 2.304287 1.920040
v 1.993246 2.316026 1.920099
v 1.989780 2.327046 1.920066
v 1.985569 2.337287 1.919975
v 1.980721 2.346699 1.919870
v 1.975309 2.355295 1.919788
v 1.969359 2.363127 1.919767
v 1.995694 2.280000 1.929029
v 1.994986 2.292158 1.929582
v 1.993252 2.304379 1.929856
v 1.990577 2.316076 1.929867
v 1.987121 2.326916 1.929688
v 1.983024 2.336829 1.929400
v 1.978399 2.345802 1.929099
v 1.973309 2.353899 1.928869
v 1.967751 2.361221 1.928787
v 1.992388 2.280000 1.938268
v 1.991565 2.292161 1.938899
v 1.989766 2.304310 1.939138
v 1.987101 2.315850 1.939000
v 1.983749 2.326432 1.938587
v 1.979877 2.335962 1.938012
v 1.975577 2.344473 1.937436
v 1.970883 2.352065 1.937001
v 1.965757 2.358869 1.936830
v 1.988192 2.280000 1.947140
v 1.987308 2.292143 1.947697
v 1.985521 2.304157 1.947759
v 1.982974 2.315464 1.947349
v 1.979853 2.325725 1.946601
v 1.976334 2.334838 1.945660
v 1.972465 2.342881 1.944755
v 1.968236 2.349980 1.944080
v 1.963571 2.356270 1.943808
v 1.983147 2.280000 1.955557
v 1.982300 2.292109 1.955902
v 1.980644 2.303973 1.955655
v 1.978329 2.315045 1.954880
v 1.975538 2.325001 1.953737
v 1.972450 2.333740 1.952397
v 1.969094 2.341346 1.951115
v 1.965452 2.347931 1.950115
v 1.961364 2.353633 1.949692
v 1.977301 2.280000 1.963439
v 1.976620 2.292066 1.963469
v 1.975220 2.303811 1.962835
v 1.973235 2.314706 1.961646
v 1.970842 2.324441 1.960082
v 1.968218 2.332914 1.958327
v 1.965447 2.340143 1.956611
v 1.962592 2.346176 1.955147
v 1.959293 2.351152 1.954486
v 1.900000 -2.400000 -1.900000
v 1.900000 -2.280000 -2.000000
v 2.000000 -2.280000 -1.900000
v 1.900000 -2.399422 -1.909802
v 1.900000 -2.397695 -1.919509
v 1.900000 -2.394833 -1.929029
v 1.900000 -2.390866 -1.938268
v 1.900000 -2.385831 -1.947140
v 1.900000 -2.379776 -1.955557
v 1.900000 -2.372761 -1.963439
v 1.900000 -2.364853 -1.970711
v 1.909802 -2.399422 -1.900000
v 1.909906 -2.398806 -1.910000
v 1.909957 -2.396973 -1.919974
v 1.910000 -2.393966 -1.929672
v 1.910027 -2.389877 -1.938930
v 1.910034 -2.384794 -1.947677
v 1.910030 -2.378815 -1.955845
v 1.910023 -2.372019 -1.963399
v 1.910028 -2.364464 -1.970322
v 1.919509 -2.397695 -1.900000
v 1.919855 -2.396986 -1.910092
v 1.920040 -2.395030 -1.920239
v 1.920099 -2.391895 -1.930022
v 1.920066 -2.387736 -1.939205
v 1.919975 -2.382683 -1.947739
v 1.919870 -2.376865 -1.955582
v 1.919788 -2.370371 -1.962746
v 1.919767 -2.363231 -1.969272
v 1.929029 -2.394833 -1.900000
v 1.929582 -2.393983 -1.910132
v 1.929856 -2.391902 -1.920316
v 1.929867 -2.388692 -1.930063
v 1.929688 -2.384545 -1.939097
v 1.929400 -2.379628 -1.947358
v 1.929099 -2.374079 -1.954835
v 1.928869 -2.367971 -1.961582
v 1.928787 -2.361301 -1.967684
v 1.938268 -2.390866 -1.900000
v 1.938899 -2.389879 -1.910134
v 1.939138 -2.387719 -1.920258
v 1.939000 -2.384521 -1.929875
v 1.938587 -2.380499 -1.938693
v 1.938012 -2.375852 -1.946635
v 1.937436 -2.370693 -1.953727
v 1.937001 -2.365060 -1.960054
v 1.936830 -2.358908 -1.965724
v 1.947140 -2.385831 -1.900000
v 1.947697 -2.384769 -1.910119
v 1.947759 -2.382626 -1.920130
v 1.947349 -2.379569 -1.929553
v 1.946601 -2.375823 -1.938104
v 1.945660 -2.371601 -1.945698
v 1.944755 -2.366958 -1.952401
v 1.944080 -2.361883 -1.958317
v 1.943808 -2.356285 -1.963558
v 1.955557 -2.379776 -1.900000
v 1.955902 -2.378760 -1.910091
v 1.955655 -2.376773 -1.919978
v 1.954880 -2.373994 -1.929204
v 1.953737 -2.370646 -1.937501
v 1.952397 -2.366940 -1.944783
v 1.951115 -2.362913 -1.951121
v 1.950115 -2.358542 -1.956609
v 1.949692 -2.353637 -1.961361
v 1.963439 -2.372761 -1.900000
v 1.963469 -2.371944 -1.910055
v 1.962835 -2.370264 -1.919842
v 1.961646 -2.367882 -1.928922
v 1.960082 -2.365011 -1.937034
v 1.958327 -2.361861 -1.944095
v 1.956611 -2.358536 -1.950119
v 1.955147 -2.355110 -1.955147
v 1.954486 -2.351152 -1.959293
v 1.957735 -2.349282 -1.957735
v 1.909802 -2.280000 -1.999519
v 1.919509 -2.280000 -1.998079
v 1.929029 -2.280000 -1.995694
v 1.938268 -2.280000 -1.992388
v 1.947140 -2.280000 -1.988192
v 1.955557 -2.280000 -1.983147
v 1.963439 -2.280000 -1.977301
v 1.970711 -2.280000 -1.970711
v 1.900000 -2.291762 -1.999519
v 1.910000 -2.291888 -1.999005
v 1.919974 -2.291948 -1.997478
v 1.929672 -2.292000 -1.994972
v 1.938930 -2.292033 -1.991564
v 1.947677 -2.292041 -1.987329
v 1.955845 -2.292036 -1.982346
v 1.963399 -2.292028 -1.976682
v 1.970322 -2.292033 -1.970387
v 1.900000 -2.303411 -1.998079
v 1.910092 -2.303826 -1.997488
v 1.920239 -2.304048 -1.995858
v 1.930022 -2.304119 -1.993246
v 1.939205 -2.304079 -1.989780
v 1.947739 -2.303971 -1.985569
v 1.955582 -2.303844 -1.980721
v 1.962746 -2.303745 -1.975309
v 1.969272 -2.303720 -1.969359
v 1.900000 -2.314834 -1.995694
v 1.910132 -2.315499 -1.994986
v 1.920316 -2.315828 -1.993252
v 1.930063 -2.315841 -1.990577
v 1.939097 -2.315626 -1.987121
v 1.947358 -2.315281 -1.983024
v 1.954835 -2.314919 -1.978399
v 1.961582 -2.314643 -1.973309
v 1.967684 -2.314544 -1.967751
v 1.900000 -2.325922 -1.992388
v 1.910134 -2.326678 -1.991565
v 1.920258 -2.326966 -1.989766
v 1.929875 -2.326800 -1.987101
v 1.938693 -2.326305 -1.983749
v 1.946635 -2.325614 -1.979877
v 1.953727 -2.324924 -1.975577
v 1.960054 -2.324402 -1.970883
v 1.965724 -2.324196 -1.965757
v 1.900000 -2.336568 -1.988192
v 1.910119 -2.337237 -1.987308
v 1.920130 -2.337311 -1.985521
v 1.929553 -2.336819 -1.982974
v 1.938104 -2.335921 -1.979853
v 1.945698 -2.334793 -1.976334
v 1.952401 -2.333706 -1.972465
v 1.958317 -2.332896 -1.968236
v 1.963558 -2.332570 -1.963571
v 1.900000 -2.346669 -1.983147
v 1.910091 -2.347082 -1.982300
v 1.919978 -2.346786 -1.980644
v 1.929204 -2.345856 -1.978329
v 1.937501 -2.344485 -1.975538
v 1.944783 -2.342876 -1.972450
v 1.951121 -2.341338 -1.969094
v 1.956609 -2.340138 -1.965452
v 1.961361 -2.339631 -1.961364
v 1.900000 -2.356128 -1.977301
v 1.910055 -2.356163 -1.976620
v 1.919842 -2.355402 -1.975220
v 1.928922 -2.353976 -1.973235
v 1.937034 -2.352099 -1.970842
v 1.944095 -2.349992 -1.968218
v 1.950119 -2.347934 -1.965447
v 1.955147 -2.346176 -1.962592
v 1.959293 -2.345383 -1.959293
v 1.999519 -2.291762 -1.900000
v 1.998079 -2.303411 -1.900000
v 1.995694 -2.314834 -1.900000
v 1.992388 -2.325922 -1.900000
v 1.988192 -2.336568 -1.900000
v 1.983147 -2.346669 -1.900000
v 1.977301 -2.356128 -1.900000
v 1.970711 -2.364853 -1.900000
v 1.999519 -2.280000 -1.909802
v 1.999005 -2.292000 -1.909906
v 1.997478 -2.303969 -1.909957
v 1.994972 -2.315606 -1.910000
v 1.991564 -2.326716 -1.910027
v 1.987329 -2.337212 -1.910034
v 1.982346 -2.347013 -1.910030
v 1.976682 -2.356079 -1.910023
v 1.970387 -2.364386 -1.910028
v 1.998079 -2.280000 -1.919509
v 1.997488 -2.292111 -1.919855
v 1.995858 -2.304287 -1.920040
v 1.993246 -2.316026 -1.920099
v 1.989780 -2.327046 -1.920066
v 1.985569 -2.337287 -1.919975
v 1.980721 -2.346699 -1.919870
v 1.975309 -2.355295 -1.919788
v 1.969359 -2.363127 -1.919767
v 1.995694 -2.280000 -1.929029
v 1.994986 -2.292158 -1.929582
v 1.993252 -2.304379 -1.929856
v 1.990577 -2.316076 -1.929867
v 1.987121 -2.326916 -1.929688
v 1.983024 -2.336829 -1.929400
v 1.978399 -2.345802 -1.929099
v 1.973309 -2.353899 -1.928869
v 1.967751 -2.361221 -1.928787
v 1.992388 -2.280000 -1.938268
v 1.991565 -2.292161 -1.938899
v 1.989766 -2.304310 -1.939138
v 1.987101 -2.315850 -1.939000
v 1.983749 -2.326432 -1.938587
v 1.979877 -2.335962 -1.938012
v 1.975577 -2.344473 -1.937436
v 1.970883 -2.352065 -1.937001
v 1.965757 -2.358869 -1.936830
v 1.988192 -2.280000 -1.947140
v 1.987308 -2.292143 -1.947697
v 1.985521 -2.304157 -1.947759
v 1.982974 -2.315464 -1.947349
v 1.979853 -2.325725 -1.946601
v 1.976334 -2.334838 -1.945660
v 1.972465 -2.342881 -1.944755
v 1.968236 -2.349980 -1.944080
v 1.963571 -2.356270 -1.943808
v 1.983147 -2.280000 -1.955557
v 1.982300 -2.292109 -1.955902
v 1.980644 -2.303973 -1.955655
v 1.978329 -2.315045 -1.954880
v 1.975538 -2.325001 -1.953737
v 1.972450 -2.333740 -1.952397
v 1.969094 -2.341346 -1.951115
v 1.965452 -2.347931 -1.950115
v 1.961364 -2.353633 -1.949692
v 1.977301 -2.280000 -1.963439
v 1.976620 -2.292066 -1.963469
v 1.975220 -2.303811 -1.962835
v 1.973235 -2.314706 -1.961646
v 1.970842 -2.324441 -1.960082
v 1.968218 -2.332914 -1.958327
v 1.965447 -2.340143 -1.956611
v 1.962592 -2.346176 -1.955147
v 1.959293 -2.351152 -1.954486
v 1.900000 2.400000 -1.900000
v 2.000000 2.280000 -1.900000
v 1.900000 2.280000 -2.000000
v 1.909802 2.399422 -1.900000
v 1.919509 2.397695 -1.900000
v 1.929029 2.394833 -1.900000
v 1.938268 2.390866 -1.900000
v 1.947140 2.385831 -1.900000
v 1.955557 2.379776 -1.900000
v 1.963439 2.372761 -1.900000
v 1.970711 2.364853 -1.900000
v 1.900000 2.399422 -1.909802
v 1.910000 2.398806 -1.909906
v 1.919974 2.396973 -1.909957
v 1.929672 2.393966 -1.910000
v 1.938930 2.389877 -1.910027
v 1.947677 2.384794 -1.910034
v 1.955845 2.378815 -1.910030
v 1.963399 2.372019 -1.910023
v 1.970322 2.364464 -1.910028
v 1.900000 2.397695 -1.919509
v 1.910092 2.396986 -1.919855
v 1.920239 2.395030 -1.920040
v 1.930022 2.391895 -1.920099
v 1.939205 2.387736 -1.920066
v 1.947739 2.382683 -1.919975
v 1.955582 2.376865 -1.919870
v 1.962746 2.370371 -1.919788
v 1.969272 2.363231 -1.919767
v 1.900000 2.394833 -1.929029
v 1.910132 2.393983 -1.929582
v 1.920316 2.391902 -1.929856
v 1.930063 2.388692 -1.929867
v 1.939097 2.384545 -1.929688
v 1.947358 2.379628 -1.929400
v 1.954835 2.374079 -1.929099
v 1.961582 2.367971 -1.928869
v 1.967684 2.361301 -1.928787
v 1.900000 2.390866 -1.938268
v 1.910134 2.389879 -1.938899
v 1.920258 2.387719 -1.939138
v 1.929875 2.384521 -1.939000
v 1.938693 2.380499 -1.938587
v 1.946635 2.375852 -1.938012
v 1.953727 2.370693 -1.937436
v 1.960054 2.365060 -1.937001
v 1.965724 2.358908 -1.936830
v 1.900000 2.385831 -1.947140
v 1.910119 2.384769 -1.947697
v 1.920130 2.382626 -1.947759
v 1.929553 2.379569 -1.947349
v 1.938104 2.375823 -1.946601
v 1.945698 2.371601 -1.945660
v 1.952401 2.366958 -1.944755
v 1.958317 2.361883 -1.944080
v 1.963558 2.356285 -1.943808
v 1.900000 2.379776 -1.955557
v 1.910091 2.378760 -1.955902
v 1.919978 2.376773 -1.955655
v 1.929204 2.373994 -1.954880
v 1.937501 2.370646 -1.953737
v 1.944783 2.366940 -1.952397
v 1.951121 2.362913 -1.951115
v 1.956609 2.358542 -1.950115
v 1.961361 2.353637 -1.949692
v 1.900000 2.372761 -1.963439
v 1.910055 2.371944 -1.963469
v 1.919842 2.370264 -1.962835
v 1.928922 2.367882 -1.961646
v 1.937034 2.365011 -1.960082
v 1.944095 2.361861 -1.958327
v 1.950119 2.358536 -1.956611
v 1.955147 2.355110 -1.955147
v 1.959293 2.351152 -1.954486
v 1.957735 2.349282 -1.957735
v 1.999519 2.280000 -1.909802
v 1.998079 2.280000 -1.919509
v 1.995694 2.280000 -1.929029
v 1.992388 2.280000 -1.938268
v 1.988192 2.280000 -1.947140
v 1.983147 2.280000 -1.955557
v 1.977301 2.280000 -1.963439
v 1.970711 2.280000 -1.970711
v 1.999519 2.291762 -1.900000
v 1.999005 2.291888 -1.910000
v 1.997478 2.291948 -1.919974
v 1.994972 2.292000 -1.929672
v 1.991564 2.292033 -1.938930
v 1.987329 2.292041 -1.947677
v 1.982346 2.292036 -1.955845
v 1.976682 2.292028 -1.963399
v 1.970387 2.292033 -1.970322
v 1.998079 2.303411 -1.900000
v 1.997488 2.303826 -1.910092
v 1.995858 2.304048 -1.920239
v 1.993246 2.304119 -1.930022
v 1.989780 2.304079 -1.939205
v 1.985569 2.303971 -1.947739
v 1.980721 2.303844 -1.955582
v 1.975309 2.303745 -1.962746
v 1.969359 2.303720 -1.969272
v 1.995694 2.314834 -1.900000
v 1.994986 2.315499 -1.910132
v 1.993252 2.315828 -1.920316
v 1.990577 2.315841 -1.930063
v 1.987121 2.315626 -1.939097
v 1.983024 2.315281 -1.947358
v 1.978399 2.314919 -1.954835
v 1.973309 2.314643 -1.961582
v 1.967751 2.314544 -1.967684
v 1.992388 2.325922 -1.900000
v 1.991565 2.326678 -1.910134
v 1.989766 2.326966 -1.920258
v 1.987101 2.326800 -1.929875
v 1.983749 2.326305 -1.938693
v 1.979877 2.325614 -1.946635
v 1.975577 2.324924 -1.953727
v 1.970883 2.324402 -1.960054
v 1.965757 2.324196 -1.965724
v 1.988192 2.336568 -1.900000
v 1.987308 2.337237 -1.910119
v 1.985521 2.337311 -1.920130
v 1.982974 2.336819 -1.929553
v 1.979853 2.335921 -1.938104
v 1.976334 2.334793 -1.945698
v 1.972465 2.333706 -1.952401
v 1.968236 2.332896 -1.958317
v 1.963571 2.332570 -1.963558
v 1.983147 2.346669 -1.900000
v 1.982300 2.347082 -1.910091
v 1.980644 2.346786 -1.919978
v 1.978329 2.345856 -1.929204
v 1.975538 2.344485 -1.937501
v 1.972450 2.342876 -1.944783
v 1.969094 2.341338 -1.951121
v 1.965452 2.340138 -1.956609
v 1.961364 2.339631 -1.961361
v 1.977301 2.356128 -1.900000
v 1.976620 2.356163 -1.910055
v 1.975220 2.355402 -1.919842
v 1.973235 2.353976 -1.928922
v 1.970842 2.352099 -1.937034
v 1.968218 2.349992 -1.944095
v 1.965447 2.347934 -1.950119
v 1.962592 2.346176 -1.955147
v 1.959293 2.345383 -1.959293
v 1.900000 2.291762 -1.999519
v 1.900000 2.303411 -1.998079
v 1.900000 2.314834 -1.995694
v 1.900000 2.325922 -1.992388
v 1.900000 2.336568 -1.988192
v 1.900000 2.346669 -1.983147
v 1.900000 2.356128 -1.977301
v 1.900000 2.364853 -1.970711
v 1.909802 2.280000 -1.999519
v 1.909906 2.292000 -1.999005
v 1.909957 2.303969 -1.997478
v 1.910000 2.315606 -1.994972
v 1.910027 2.326716 -1.991564
v 1.910034 2.337212 -1.987329
v 1.910030 2.347013 -1.982346
v 1.910023 2.356079 -1.976682
v 1.910028 2.364386 -1.970387
v 1.919509 2.280000 -1.998079
v 1.919855 2.292111 -1.997488
v 1.920040 2.304287 -1.995858
v 1.920099 2.316026 -1.993246
v 1.920066 2.327046 -1.989780
v 1.919975 2.337287 -1.985569
v 1.919870 2.346699 -1.980721
v 1.919788 2.355295 -1.975309
v 1.919767 2.363127 -1.969359
v 1.929029 2.280000 -1.995694
v 1.929582 2.292158 -1.994986
v 1.929856 2.304379 -1.993252
v 1.929867 2.316076 -1.990577
v 1.929688 2.326916 -1.987121
v 1.929400 2.336829 -1.983024
v 1.929099 2.345802 -1.978399
v 1.928869 2.353899 -1.973309
v 1.928787 2.361221 -1.967751
v 1.938268 2.280000 -1.992388
v 1.938899 2.292161 -1.991565
v 1.939138 2.304310 -1.989766
v 1.939000 2.315850 -1.987101
v 1.938587 2.326432 -1.983749
v 1.938012 2.335962 -1.979877
v 1.937436 2.344473 -1.975577
v 1.937001 2.352065 -1.970883
v 1.936830 2.358869 -1.965757
v 1.947140 2.280000 -1.988192
v 1.947697 2.292143 -1.987308
v 1.947759 2.304157 -1.985521
v 1.947349 2.315464 -1.982974
v 1.946601 2.325725 -1.979853
v 1.945660 2.334838 -1.976334
v 1.944755 2.342881 -1.972465
v 1.944080 2.349980 -1.968236
v 1.943808 2.356270 -1.963571
v 1.955557 2.280000 -1.983147
v 1.955902 2.292109 -1.982300
v 1.955655 2.303973 -1.980644
v 1.954880 2.315045 -1.978329
v 1.953737 2.325001 -1.975538
v 1.952397 2.333740 -1.972450
v 1.951115 2.341346 -1.969094
v 1.950115 2.347931 -1.965452
v 1.949692 2.353633 -1.961364
v 1.963439 2.280000 -1.977301
v 1.963469 2.292066 -1.976620
v 1.962835 2.303811 -1.975220
v 1.961646 2.314706 -1.973235
v 1.960082 2.324441 -1.970842
v 1.958327 2.332914 -1.968218
v 1.956611 2.340143 -1.965447
v 1.955147 2.346176 -1.962592
v 1.954486 2.351152 -1.959293
vn -0.0000 -0.0000 1.0000
vn 1.0000 -0.0000 -0.0000
vn -0.0000 1.0000 -0.0000
vn -1.0000 -0.0000 -0.0000
vn -0.0000 -0.0000 -1.0000
vn -0.0598 -0.9964 0.0598
vn -0.0602 -0.9823 0.1775
vn -0.0598 -0.9547 0.2914
vn -0.0589 -0.9153 0.3985
vn -0.0577 -0.8657 0.4971
vn -0.0564 -0.8081 0.5864
vn -0.0551 -0.7441 0.6658
vn -0.0539 -0.6753 0.7356
vn -0.1770 -0.9823 0.0608
vn -0.1785 -0.9673 0.1800
vn -0.1777 -0.9388 0.2951
vn -0.1755 -0.8987 0.4020
vn -0.1724 -0.8493 0.4990
vn -0.1688 -0.7930 0.5854
vn -0.1651 -0.7315 0.6615
vn -0.1620 -0.6662 0.7280
vn -0.2908 -0.9549 0.0607
vn -0.2935 -0.9389 0.1798
vn -0.2923 -0.9098 0.2945
vn -0.2882 -0.8700 0.4001
vn -0.2822 -0.8221 0.4944
vn -0.2755 -0.7685 0.5775
vn -0.2691 -0.7108 0.6499
vn -0.2638 -0.6499 0.7128
vn -0.3982 -0.9154 0.0597
vn -0.4010 -0.8987 0.1775
vn -0.3986 -0.8699 0.2905
vn -0.3919 -0.8316 0.3935
vn -0.3826 -0.7866 0.4847
vn -0.3723 -0.7370 0.5641
vn -0.3628 -0.6841 0.6328
vn -0.3553 -0.6284 0.6920
vn -0.4971 -0.8657 0.0584
vn -0.4987 -0.8491 0.1740
vn -0.4939 -0.8217 0.2842
vn -0.4840 -0.7863 0.3840
vn -0.4709 -0.7456 0.4716
vn -0.4569 -0.7012 0.5473
vn -0.4442 -0.6540 0.6123
vn -0.4347 -0.6040 0.6680
vn -0.5865 -0.8080 0.0569
vn -0.5858 -0.7924 0.1699
vn -0.5778 -0.7678 0.2770
vn -0.5641 -0.7364 0.3734
vn -0.5471 -0.7010 0.4575
vn -0.5294 -0.6628 0.5295
vn -0.5133 -0.6224 0.5909
vn -0.5015 -0.5787 0.6431
vn -0.6660 -0.7439 0.0554
vn -0.6622 -0.7308 0.1658
vn -0.6505 -0.7099 0.2699
vn -0.6331 -0.6834 0.3635
vn -0.6124 -0.6537 0.4446
vn -0.5909 -0.6223 0.5134
vn -0.5710 -0.5898 0.5711
vn -0.5562 -0.5539 0.6195
vn -0.7359 -0.6750 0.0539
vn -0.7287 -0.6654 0.1622
vn -0.7135 -0.6490 0.2640
vn -0.6925 -0.6277 0.3555
vn -0.6683 -0.6036 0.4348
vn -0.6432 -0.5786 0.5015
vn -0.6196 -0.5539 0.5562
vn -0.5987 -0.5319 0.5988
vn -0.0499 -0.0416 0.9979
vn -0.1488 -0.0421 0.9880
vn -0.2463 -0.0421 0.9683
vn -0.3408 -0.0420 0.9392
vn -0.4313 -0.0417 0.9013
vn -0.5170 -0.0414 0.8550
vn -0.5972 -0.0412 0.8010
vn -0.6716 -0.0410 0.7398
vn -0.0511 -0.1240 0.9910
vn -0.1520 -0.1256 0.9804
vn -0.2514 -0.1262 0.9596
vn -0.3465 -0.1261 0.9295
vn -0.4362 -0.1256 0.8910
vn -0.5199 -0.1249 0.8451
vn -0.5972 -0.1242 0.7924
vn -0.6681 -0.1239 0.7336
vn -0.0517 -0.2066 0.9770
vn -0.1541 -0.2096 0.9656
vn -0.2546 -0.2106 0.9438
vn -0.3499 -0.2100 0.9130
vn -0.4382 -0.2084 0.8744
vn -0.5193 -0.2065 0.8293
vn -0.5933 -0.2047 0.7786
vn -0.6605 -0.2037 0.7226
vn -0.0520 -0.2888 0.9560
vn -0.1553 -0.2924 0.9436
vn -0.2563 -0.2931 0.9211
vn -0.3510 -0.2913 0.8899
vn -0.4375 -0.2878 0.8520
vn -0.5157 -0.2837 0.8085
vn -0.5861 -0.2800 0.7603
vn -0.6495 -0.2779 0.7077
vn -0.0522 -0.3699 0.9276
vn -0.1562 -0.3730 0.9146
vn -0.2570 -0.3723 0.8918
vn -0.3505 -0.3681 0.8612
vn -0.4347 -0.3617 0.8247
vn -0.5098 -0.3547 0.7838
vn -0.5765 -0.3486 0.7390
vn -0.6361 -0.3450 0.6902
vn -0.0523 -0.4495 0.8917
vn -0.1570 -0.4510 0.8786
vn -0.2574 -0.4475 0.8564
vn -0.3495 -0.4400 0.8272
vn -0.4314 -0.4299 0.7932
vn -0.5031 -0.4192 0.7558
vn -0.5660 -0.4098 0.7154
vn -0.6216 -0.4039 0.6712
vn -0.0526 -0.5273 0.8481
vn -0.1580 -0.5259 0.8357
vn -0.2583 -0.5187 0.8150
vn -0.3493 -0.5070 0.7880
vn -0.4291 -0.4926 0.7571
vn -0.4978 -0.4774 0.7240
vn -0.5564 -0.4636 0.6895
vn -0.6073 -0.4544 0.6517
vn -0.0530 -0.6028 0.7962
vn -0.1596 -0.5976 0.7858
vn -0.2602 -0.5859 0.7675
vn -0.3508 -0.5695 0.7434
vn -0.4297 -0.5504 0.7159
vn -0.4964 -0.5305 0.6872
vn -0.5514 -0.5118 0.6589
vn -0.5944 -0.4952 0.6336
vn -0.9979 -0.0416 0.0499
vn -0.9909 -0.1244 0.0506
vn -0.9770 -0.2071 0.0510
vn -0.9559 -0.2891 0.0512
vn -0.9276 -0.3699 0.0515
vn -0.8918 -0.4494 0.0518
vn -0.8482 -0.5270 0.0523
vn -0.7964 -0.6025 0.0529
vn -0.9880 -0.0425 0.1484
vn -0.9804 -0.1267 0.1508
vn -0.9656 -0.2108 0.1523
vn -0.9436 -0.2932 0.1536
vn -0.9148 -0.3732 0.1547
vn -0.8790 -0.4506 0.1559
vn -0.8363 -0.5252 0.1573
vn -0.7864 -0.5968 0.1593
vn -0.9684 -0.0427 0.2458
vn -0.9598 -0.1276 0.2500
vn -0.9440 -0.2122 0.2527
vn -0.9213 -0.2942 0.2543
vn -0.8922 -0.3726 0.2552
vn -0.8570 -0.4472 0.2561
vn -0.8157 -0.5180 0.2574
vn -0.7682 -0.5851 0.2599
vn -0.9393 -0.0426 0.3405
vn -0.9297 -0.1275 0.3457
vn -0.9130 -0.2117 0.3486
vn -0.8901 -0.2925 0.3496
vn -0.8615 -0.3686 0.3492
vn -0.8277 -0.4399 0.3485
vn -0.7886 -0.5066 0.3485
vn -0.7439 -0.5690 0.3505
vn -0.9013 -0.0422 0.4312
vn -0.8909 -0.1268 0.4361
vn -0.8742 -0.2099 0.4379
vn -0.8518 -0.2889 0.4369
vn -0.8248 -0.3623 0.4341
vn -0.7934 -0.4300 0.4308
vn -0.7574 -0.4924 0.4287
vn -0.7162 -0.5501 0.4296
vn -0.8549 -0.0418 0.5171
vn -0.8447 -0.1258 0.5203
vn -0.8288 -0.2076 0.5197
vn -0.8081 -0.2845 0.5158
vn -0.7836 -0.3551 0.5097
vn -0.7558 -0.4193 0.5030
vn -0.7241 -0.4774 0.4977
vn -0.6873 -0.5304 0.4963
vn -0.8008 -0.0414 0.5975
vn -0.7918 -0.1248 0.5979
vn -0.7778 -0.2054 0.5940
vn -0.7598 -0.2806 0.5865
vn -0.7387 -0.3489 0.5767
vn -0.7153 -0.4099 0.5660
vn -0.6895 -0.4637 0.5564
vn -0.6589 -0.5117 0.5514
vn -0.7395 -0.0410 0.6719
vn -0.7330 -0.1241 0.6689
vn -0.7219 -0.2039 0.6613
vn -0.7071 -0.2781 0.6501
vn -0.6899 -0.3450 0.6364
vn -0.6711 -0.4039 0.6217
vn -0.6516 -0.4544 0.6074
vn -0.6336 -0.4953 0.5943
vn -0.0499 0.0416 0.9979
vn -0.0506 0.1244 0.9909
vn -0.0510 0.2071 0.9770
vn -0.0512 0.2891 0.9559
vn -0.0515 0.3699 0.9276
vn -0.0518 0.4494 0.8918
vn -0.0523 0.5270 0.8482
vn -0.0529 0.6025 0.7964
vn -0.1484 0.0425 0.9880
vn -0.1508 0.1267 0.9804
vn -0.1524 0.2108 0.9656
vn -0.1536 0.2932 0.9436
vn -0.1547 0.3732 0.9148
vn -0.1559 0.4507 0.8790
vn -0.1573 0.5252 0.8363
vn -0.1593 0.5968 0.7864
vn -0.2458 0.0427 0.9684
vn -0.2500 0.1276 0.9598
vn -0.2527 0.2122 0.9440
vn -0.2543 0.2942 0.9213
vn -0.2552 0.3726 0.8922
vn -0.2561 0.4472 0.8570
vn -0.2574 0.5180 0.8157
vn -0.2598 0.5851 0.7682
vn -0.3405 0.0426 0.9393
vn -0.3457 0.1275 0.9296
vn -0.3486 0.2117 0.9130
vn -0.3496 0.2925 0.8901
vn -0.3492 0.3686 0.8615
vn -0.3485 0.4399 0.8277
vn -0.3486 0.5066 0.7886
vn -0.3505 0.5690 0.7439
vn -0.4312 0.0422 0.9013
vn -0.4361 0.1268 0.8909
vn -0.4379 0.2099 0.8742
vn -0.4370 0.2889 0.8518
vn -0.4341 0.3623 0.8248
vn -0.4308 0.4300 0.7934
vn -0.4288 0.4924 0.7574
vn -0.4295 0.5501 0.7162
vn -0.5171 0.0418 0.8549
vn -0.5203 0.1258 0.8447
vn -0.5197 0.2076 0.8288
vn -0.5158 0.2845 0.8081
vn -0.5097 0.3551 0.7836
vn -0.5030 0.4193 0.7558
vn -0.4977 0.4774 0.7241
vn -0.4963 0.5304 0.6873
vn -0.5975 0.0414 0.8008
vn -0.5979 0.1248 0.7918
vn -0.5940 0.2054 0.7778
vn -0.5865 0.2806 0.7598
vn -0.5767 0.3489 0.7387
vn -0.5660 0.4099 0.7153
vn -0.5564 0.4637 0.6895
vn -0.5513 0.5117 0.6589
vn -0.6718 0.0410 0.7396
vn -0.6689 0.1241 0.7329
vn -0.6613 0.2039 0.7219
vn -0.6501 0.2781 0.7071
vn -0.6364 0.3451 0.6899
vn -0.6217 0.4040 0.6711
vn -0.6074 0.4544 0.6516
vn -0.5944 0.4952 0.6336
vn -0.0598 0.9964 0.0598
vn -0.1775 0.9823 0.0602
vn -0.2914 0.9547 0.0598
vn -0.3985 0.9153 0.0589
vn -0.4971 0.8657 0.0577
vn -0.5863 0.8081 0.0564
vn -0.6658 0.7441 0.0551
vn -0.7356 0.6753 0.0539
vn -0.0608 0.9823 0.1770
vn -0.1800 0.9673 0.1785
vn -0.2951 0.9388 0.1778
vn -0.4020 0.8987 0.1755
vn -0.4989 0.8493 0.1724
vn -0.5854 0.7930 0.1688
vn -0.6615 0.7315 0.1651
vn -0.7280 0.6662 0.1620
vn -0.0606 0.9549 0.2908
vn -0.1798 0.9389 0.2935
vn -0.2945 0.9098 0.2923
vn -0.4001 0.8700 0.2882
vn -0.4944 0.8221 0.2822
vn -0.5775 0.7685 0.2755
vn -0.6499 0.7108 0.2691
vn -0.7128 0.6499 0.2638
vn -0.0597 0.9154 0.3981
vn -0.1775 0.8987 0.4010
vn -0.2905 0.8699 0.3986
vn -0.3935 0.8316 0.3919
vn -0.4847 0.7866 0.3826
vn -0.5641 0.7370 0.3723
vn -0.6328 0.6841 0.3628
vn -0.6921 0.6284 0.3553
vn -0.0584 0.8657 0.4971
vn -0.1740 0.8491 0.4987
vn -0.2842 0.8217 0.4939
vn -0.3840 0.7863 0.4840
vn -0.4716 0.7456 0.4709
vn -0.5473 0.7012 0.4569
vn -0.6123 0.6540 0.4443
vn -0.6680 0.6040 0.4347
vn -0.0569 0.8079 0.5865
vn -0.1699 0.7925 0.5858
vn -0.2769 0.7678 0.5777
vn -0.3734 0.7364 0.5641
vn -0.4575 0.7010 0.5471
vn -0.5295 0.6628 0.5294
vn -0.5909 0.6224 0.5133
vn -0.6431 0.5787 0.5015
vn -0.0554 0.7439 0.6660
vn -0.1658 0.7308 0.6622
vn -0.2699 0.7099 0.6505
vn -0.3634 0.6834 0.6331
vn -0.4446 0.6537 0.6124
vn -0.5134 0.6223 0.5909
vn -0.5711 0.5897 0.5711
vn -0.6195 0.5539 0.5562
vn -0.0539 0.6750 0.7358
vn -0.1622 0.6654 0.7287
vn -0.2640 0.6490 0.7135
vn -0.3555 0.6277 0.6925
vn -0.4348 0.6036 0.6683
vn -0.5015 0.5786 0.6432
vn -0.5562 0.5539 0.6195
vn -0.5987 0.5319 0.5988
vn -0.9979 0.0416 0.0499
vn -0.9880 0.0421 0.1488
vn -0.9683 0.0421 0.2463
vn -0.9392 0.0419 0.3408
vn -0.9013 0.0417 0.4313
vn -0.8550 0.0414 0.5170
vn -0.8010 0.0412 0.5972
vn -0.7398 0.0410 0.6716
vn -0.9910 0.1240 0.0511
vn -0.9804 0.1256 0.1520
vn -0.9596 0.1262 0.2514
vn -0.9295 0.1261 0.3465
vn -0.8910 0.1256 0.4362
vn -0.8450 0.1249 0.5199
vn -0.7924 0.1242 0.5972
vn -0.7337 0.1239 0.6681
vn -0.9770 0.2067 0.0517
vn -0.9656 0.2096 0.1541
vn -0.9438 0.2106 0.2546
vn -0.9130 0.2100 0.3498
vn -0.8744 0.2084 0.4382
vn -0.8293 0.2065 0.5193
vn -0.7786 0.2047 0.5932
vn -0.7226 0.2037 0.6605
vn -0.9560 0.2888 0.0520
vn -0.9436 0.2924 0.1553
vn -0.9211 0.2931 0.2563
vn -0.8899 0.2913 0.3510
vn -0.8520 0.2878 0.4374
vn -0.8085 0.2836 0.5157
vn -0.7603 0.2800 0.5861
vn -0.7077 0.2779 0.6495
vn -0.9276 0.3699 0.0521
vn -0.9146 0.3731 0.1562
vn -0.8918 0.3723 0.2570
vn -0.8612 0.3681 0.3505
vn -0.8247 0.3617 0.4347
vn -0.7838 0.3547 0.5098
vn -0.7390 0.3486 0.5765
vn -0.6902 0.3450 0.6362
vn -0.8917 0.4495 0.0523
vn -0.8786 0.4510 0.1570
vn -0.8564 0.4475 0.2574
vn -0.8272 0.4400 0.3495
vn -0.7932 0.4299 0.4313
vn -0.7558 0.4191 0.5031
vn -0.7154 0.4097 0.5660
vn -0.6712 0.4039 0.6216
vn -0.8480 0.5273 0.0526
vn -0.8357 0.5259 0.1580
vn -0.8150 0.5187 0.2583
vn -0.7881 0.5070 0.3492
vn -0.7571 0.4926 0.4291
vn -0.7240 0.4774 0.4978
vn -0.6895 0.4637 0.5564
vn -0.6516 0.4544 0.6073
vn -0.7962 0.6027 0.0530
vn -0.7858 0.5976 0.1596
vn -0.7675 0.5859 0.2602
vn -0.7434 0.5695 0.3508
vn -0.7159 0.5503 0.4297
vn -0.6872 0.5305 0.4964
vn -0.6589 0.5118 0.5513
vn -0.6336 0.4953 0.5943
vn -0.0598 -0.9964 -0.0598
vn -0.1775 -0.9823 -0.0602
vn -0.2914 -0.9547 -0.0598
vn -0.3985 -0.9153 -0.0589
vn -0.4971 -0.8657 -0.0577
vn -0.5863 -0.8081 -0.0564
vn -0.6658 -0.7441 -0.0551
vn -0.7356 -0.6753 -0.0539
vn -0.0608 -0.9823 -0.1770
vn -0.1800 -0.9673 -0.1785
vn -0.2951 -0.9388 -0.1778
vn -0.4020 -0.8987 -0.1755
vn -0.4989 -0.8493 -0.1724
vn -0.5854 -0.7930 -0.1688
vn -0.6615 -0.7315 -0.1651
vn -0.7280 -0.6662 -0.1620
vn -0.0606 -0.9549 -0.2908
vn -0.1798 -0.9389 -0.2935
vn -0.2945 -0.9098 -0.2923
vn -0.4001 -0.8700 -0.2882
vn -0.4944 -0.8221 -0.2822
vn -0.5775 -0.7685 -0.2755
vn -0.6499 -0.7108 -0.2691
vn -0.7128 -0.6499 -0.2638
vn -0.0597 -0.9154 -0.3981
vn -0.1775 -0.8987 -0.4010
vn -0.2905 -0.8699 -0.3986
vn -0.3935 -0.8316 -0.3919
vn -0.4847 -0.7866 -0.3826
vn -0.5641 -0.7370 -0.3723
vn -0.6328 -0.6841 -0.3628
vn -0.6921 -0.6283 -0.3553
vn -0.0584 -0.8657 -0.4971
vn -0.1740 -0.8491 -0.4987
vn -0.2842 -0.8217 -0.4939
vn -0.3840 -0.7863 -0.4840
vn -0.4716 -0.7456 -0.4709
vn -0.5473 -0.7012 -0.4569
vn -0.6123 -0.6540 -0.4443
vn -0.6680 -0.6040 -0.4347
vn -0.0569 -0.8079 -0.5865
vn -0.1699 -0.7925 -0.5858
vn -0.2769 -0.7678 -0.5777
vn -0.3734 -0.7364 -0.5641
vn -0.4575 -0.7010 -0.5471
vn -0.5295 -0.6628 -0.5294
vn -0.5909 -0.6224 -0.5133
vn -0.6431 -0.5787 -0.5015
vn -0.0554 -0.7439 -0.6660
vn -0.1658 -0.7308 -0.6622
vn -0.2699 -0.7099 -0.6505
vn -0.3634 -0.6834 -0.6331
vn -0.4446 -0.6537 -0.6124
vn -0.5134 -0.6223 -0.5909
vn -0.5711 -0.5897 -0.5711
vn -0.6195 -0.5539 -0.5562
vn -0.0539 -0.6750 -0.7358
vn -0.1622 -0.6654 -0.7287
vn -0.2640 -0.6490 -0.7135
vn -0.3555 -0.6277 -0.6925
vn -0.4348 -0.6037 -0.6683
vn -0.5015 -0.5786 -0.6432
vn -0.5562 -0.5539 -0.6195
vn -0.5987 -0.5319 -0.5988
vn -0.9979 -0.0416 -0.0499
vn -0.9880 -0.0421 -0.1488
vn -0.9683 -0.0421 -0.2463
vn -0.9392 -0.0419 -0.3408
vn -0.9013 -0.0417 -0.4313
vn -0.8550 -0.0414 -0.5170
vn -0.8010 -0.0412 -0.5972
vn -0.7398 -0.0410 -0.6716
vn -0.9910 -0.1240 -0.0511
vn -0.9804 -0.1256 -0.1520
vn -0.9596 -0.1262 -0.2514
vn -0.9295 -0.1261 -0.3465
vn -0.8910 -0.1256 -0.4362
vn -0.8450 -0.1249 -0.5199
vn -0.7924 -0.1242 -0.5972
vn -0.7337 -0.1239 -0.6681
vn -0.9770 -0.2067 -0.0517
vn -0.9656 -0.2096 -0.1541
vn -0.9438 -0.2106 -0.2546
vn -0.9130 -0.2100 -0.3498
vn -0.8744 -0.2084 -0.4382
vn -0.8293 -0.2065 -0.5193
vn -0.7786 -0.2047 -0.5932
vn -0.7226 -0.2037 -0.6605
vn -0.9560 -0.2888 -0.0520
vn -0.9436 -0.2924 -0.1553
vn -0.9211 -0.2931 -0.2563
vn -0.8899 -0.2913 -0.3510
vn -0.8520 -0.2878 -0.4374
vn -0.8085 -0.2836 -0.5157
vn -0.7603 -0.2800 -0.5861
vn -0.7077 -0.2779 -0.6495
vn -0.9276 -0.3699 -0.0521
vn -0.9146 -0.3731 -0.1562
vn -0.8918 -0.3723 -0.2570
vn -0.8612 -0.3681 -0.3505
vn -0.8247 -0.3617 -0.4347
vn -0.7838 -0.3547 -0.5098
vn -0.7390 -0.3486 -0.5765
vn -0.6902 -0.3450 -0.6362
vn -0.8917 -0.4495 -0.0523
vn -0.8786 -0.4510 -0.1570
vn -0.8564 -0.4475 -0.2574
vn -0.8272 -0.4400 -0.3495
vn -0.7932 -0.4299 -0.4313
vn -0.7558 -0.4191 -0.5031
vn -0.7154 -0.4097 -0.5660
vn -0.6712 -0.4039 -0.6216
vn -0.8480 -0.5273 -0.0526
vn -0.8357 -0.5259 -0.1580
vn -0.8150 -0.5187 -0.2583
vn -0.7881 -0.5070 -0.3492
vn -0.7571 -0.4926 -0.4291
vn -0.7240 -0.4774 -0.4978
vn -0.6895 -0.4637 -0.5564
vn -0.6516 -0.4544 -0.6073
vn -0.7962 -0.6027 -0.0530
vn -0.7858 -0.5976 -0.1596
vn -0.7675 -0.5859 -0.2602
vn -0.7434 -0.5695 -0.3508
vn -0.7159 -0.5504 -0.4297
vn -0.6872 -0.5305 -0.4964
vn -0.6589 -0.5118 -0.5513
vn -0.6336 -0.4953 -0.5943
vn -0.0499 -0.0416 -0.9979
vn -0.0506 -0.1244 -0.9909
vn -0.0510 -0.2071 -0.9770
vn -0.0512 -0.2891 -0.9559
vn -0.0515 -0.3699 -0.9276
vn -0.0518 -0.4494 -0.8918
vn -0.0523 -0.5270 -0.8482
vn -0.0529 -0.6025 -0.7964
vn -0.1484 -0.0425 -0.9880
vn -0.1508 -0.1267 -0.9804
vn -0.1524 -0.2108 -0.9656
vn -0.1536 -0.2932 -0.9436
vn -0.1547 -0.3732 -0.9148
vn -0.1559 -0.4507 -0.8790
vn -0.1573 -0.5252 -0.8363
vn -0.1593 -0.5968 -0.7864
vn -0.2458 -0.0427 -0.9684
vn -0.2500 -0.1276 -0.9598
vn -0.2527 -0.2122 -0.9440
vn -0.2543 -0.2942 -0.9213
vn -0.2552 -0.3726 -0.8922
vn -0.2561 -0.4472 -0.8570
vn -0.2574 -0.5180 -0.8157
vn -0.2598 -0.5851 -0.7682
vn -0.3405 -0.0426 -0.9393
vn -0.3457 -0.1275 -0.9296
vn -0.3486 -0.2117 -0.9130
vn -0.3496 -0.2925 -0.8901
vn -0.3492 -0.3686 -0.8615
vn -0.3485 -0.4399 -0.8277
vn -0.3486 -0.5066 -0.7886
vn -0.3505 -0.5690 -0.7439
vn -0.4312 -0.0422 -0.9013
vn -0.4361 -0.1268 -0.8909
vn -0.4379 -0.2099 -0.8742
vn -0.4370 -0.2889 -0.8518
vn -0.4341 -0.3623 -0.8248
vn -0.4308 -0.4300 -0.7934
vn -0.4288 -0.4924 -0.7574
vn -0.4296 -0.5501 -0.7162
vn -0.5171 -0.0418 -0.8549
vn -0.5203 -0.1258 -0.8447
vn -0.5197 -0.2076 -0.8288
vn -0.5158 -0.2845 -0.8081
vn -0.5097 -0.3551 -0.7836
vn -0.5030 -0.4193 -0.7558
vn -0.4977 -0.4774 -0.7241
vn -0.4963 -0.5304 -0.6873
vn -0.5975 -0.0414 -0.8008
vn -0.5979 -0.1248 -0.7918
vn -0.5940 -0.2054 -0.7778
vn -0.5865 -0.2806 -0.7598
vn -0.5767 -0.3489 -0.7387
vn -0.5660 -0.4099 -0.7153
vn -0.5564 -0.4637 -0.6895
vn -0.5513 -0.5117 -0.6589
vn -0.6718 -0.0410 -0.7396
vn -0.6689 -0.1241 -0.7329
vn -0.6613 -0.2039 -0.7219
vn -0.6501 -0.2781 -0.7071
vn -0.6364 -0.3451 -0.6899
vn -0.6217 -0.4040 -0.6711
vn -0.6074 -0.4544 -0.6516
vn -0.5944 -0.4952 -0.6336
vn -0.0598 0.9964 -0.0598
vn -0.0602 0.9823 -0.1775
vn -0.0598 0.9547 -0.2914
vn -0.0589 0.9153 -0.3985
vn -0.0577 0.8657 -0.4971
vn -0.0564 0.8081 -0.5864
vn -0.0551 0.7441 -0.6658
vn -0.0539 0.6753 -0.7356
vn -0.1770 0.9823 -0.0608
vn -0.1785 0.9673 -0.1800
vn -0.1777 0.9388 -0.2951
vn -0.1755 0.8987 -0.4020
vn -0.1724 0.8493 -0.4990
vn -0.1688 0.7930 -0.5854
vn -0.1651 0.7315 -0.6615
vn -0.1620 0.6662 -0.7280
vn -0.2908 0.9549 -0.0607
vn -0.2935 0.9389 -0.1798
vn -0.2923 0.9098 -0.2945
vn -0.2882 0.8700 -0.4001
vn -0.2822 0.8221 -0.4944
vn -0.2755 0.7685 -0.5775
vn -0.2691 0.7108 -0.6499
vn -0.2638 0.6499 -0.7128
vn -0.3982 0.9154 -0.0597
vn -0.4010 0.8987 -0.1775
vn -0.3986 0.8699 -0.2905
vn -0.3919 0.8316 -0.3935
vn -0.3826 0.7866 -0.4847
vn -0.3723 0.7370 -0.5641
vn -0.3628 0.6841 -0.6328
vn -0.3553 0.6284 -0.6920
vn -0.4971 0.8657 -0.0584
vn -0.4987 0.8491 -0.1740
vn -0.4939 0.8217 -0.2842
vn -0.4840 0.7863 -0.3840
vn -0.4709 0.7456 -0.4716
vn -0.4569 0.7012 -0.5473
vn -0.4442 0.6540 -0.6123
vn -0.4347 0.6040 -0.6680
vn -0.5865 0.8080 -0.0569
vn -0.5858 0.7924 -0.1699
vn -0.5778 0.7678 -0.2770
vn -0.5641 0.7364 -0.3734
vn -0.5471 0.7010 -0.4575
vn -0.5294 0.6628 -0.5295
vn -0.5133 0.6224 -0.5909
vn -0.5015 0.5787 -0.6431
vn -0.6660 0.7439 -0.0554
vn -0.6622 0.7308 -0.1658
vn -0.6505 0.7099 -0.2699
vn -0.6331 0.6834 -0.3635
vn -0.6124 0.6537 -0.4446
vn -0.5909 0.6223 -0.5134
vn -0.5710 0.5898 -0.5711
vn -0.5562 0.5539 -0.6195
vn -0.7359 0.6750 -0.0539
vn -0.7287 0.6654 -0.1622
vn -0.7135 0.6490 -0.2640
vn -0.6925 0.6277 -0.3555
vn -0.6683 0.6036 -0.4348
vn -0.6432 0.5786 -0.5015
vn -0.6196 0.5539 -0.5562
vn -0.5987 0.5319 -0.5988
vn -0.0499 0.0416 -0.9979
vn -0.1488 0.0421 -0.9880
vn -0.2463 0.0421 -0.9683
vn -0.3408 0.0420 -0.9392
vn -0.4313 0.0417 -0.9013
vn -0.5170 0.0414 -0.8550
vn -0.5972 0.0412 -0.8010
vn -0.6716 0.0410 -0.7398
vn -0.0511 0.1240 -0.9910
vn -0.1520 0.1256 -0.9804
vn -0.2514 0.1262 -0.9596
vn -0.3465 0.1261 -0.9295
vn -0.4362 0.1256 -0.8910
vn -0.5199 0.1249 -0.8451
vn -0.5972 0.1242 -0.7924
vn -0.6681 0.1239 -0.7336
vn -0.0517 0.2066 -0.9770
vn -0.1541 0.2096 -0.9656
vn -0.2546 0.2106 -0.9438
vn -0.3499 0.2100 -0.9130
vn -0.4382 0.2084 -0.8744
vn -0.5193 0.2065 -0.8293
vn -0.5933 0.2047 -0.7786
vn -0.6605 0.2037 -0.7226
vn -0.0520 0.2888 -0.9560
vn -0.1553 0.2924 -0.9436
vn -0.2563 0.2931 -0.9211
vn -0.3510 0.2913 -0.8899
vn -0.4375 0.2878 -0.8520
vn -0.5157 0.2837 -0.8085
vn -0.5861 0.2800 -0.7603
vn -0.6495 0.2779 -0.7077
vn -0.0522 0.3699 -0.9276
vn -0.1562 0.3730 -0.9146
vn -0.2570 0.3723 -0.8918
vn -0.3505 0.3681 -0.8612
vn -0.4347 0.3617 -0.8247
vn -0.5098 0.3547 -0.7838
vn -0.5765 0.3486 -0.7390
vn -0.6361 0.3450 -0.6902
vn -0.0523 0.4495 -0.8917
vn -0.1570 0.4510 -0.8786
vn -0.2574 0.4475 -0.8564
vn -0.3495 0.4400 -0.8272
vn -0.4314 0.4299 -0.7932
vn -0.5031 0.4192 -0.7558
vn -0.5660 0.4098 -0.7154
vn -0.6216 0.4039 -0.6712
vn -0.0526 0.5273 -0.8481
vn -0.1580 0.5259 -0.8357
vn -0.2583 0.5187 -0.8150
vn -0.3493 0.5070 -0.7880
vn -0.4291 0.4926 -0.7571
vn -0.4978 0.4774 -0.7240
vn -0.5564 0.4636 -0.6895
vn -0.6073 0.4544 -0.6517
vn -0.0530 0.6028 -0.7962
vn -0.1596 0.5976 -0.7858
vn -0.2602 0.5859 -0.7675
vn -0.3508 0.5695 -0.7434
vn -0.4297 0.5504 -0.7159
vn -0.4964 0.5305 -0.6872
vn -0.5514 0.5118 -0.6589
vn -0.5944 0.4952 -0.6336
vn -0.9979 0.0416 -0.0499
vn -0.9909 0.1244 -0.0506
vn -0.9770 0.2071 -0.0510
vn -0.9559 0.2891 -0.0512
vn -0.9276 0.3699 -0.0515
vn -0.8918 0.4494 -0.0518
vn -0.8482 0.5270 -0.0523
vn -0.7964 0.6025 -0.0529
vn -0.9880 0.0425 -0.1484
vn -0.9804 0.1267 -0.1508
vn -0.9656 0.2108 -0.1523
vn -0.9436 0.2932 -0.1536
vn -0.9148 0.3732 -0.1547
vn -0.8790 0.4506 -0.1559
vn -0.8363 0.5252 -0.1573
vn -0.7864 0.5968 -0.1593
vn -0.9684 0.0427 -0.2458
vn -0.9598 0.1276 -0.2500
vn -0.9440 0.2122 -0.2527
vn -0.9213 0.2942 -0.2543
vn -0.8922 0.3726 -0.2552
vn -0.8570 0.4472 -0.2561
vn -0.8157 0.5180 -0.2574
vn -0.7682 0.5851 -0.2599
vn -0.9393 0.0426 -0.3405
vn -0.9297 0.1275 -0.3457
vn -0.9130 0.2117 -0.3486
vn -0.8901 0.2925 -0.3496
vn -0.8615 0.3686 -0.3492
vn -0.8277 0.4399 -0.3485
vn -0.7886 0.5066 -0.3485
vn -0.7439 0.5690 -0.3505
vn -0.9013 0.0422 -0.4312
vn -0.8909 0.1268 -0.4361
vn -0.8742 0.2099 -0.4379
vn -0.8518 0.2889 -0.4369
vn -0.8248 0.3623 -0.4341
vn -0.7934 0.4300 -0.4308
vn -0.7574 0.4924 -0.4287
vn -0.7162 0.5501 -0.4296
vn -0.8549 0.0418 -0.5171
vn -0.8447 0.1258 -0.5203
vn -0.8288 0.2076 -0.5197
vn -0.8081 0.2845 -0.5158
vn -0.7836 0.3551 -0.5097
vn -0.7558 0.4193 -0.5030
vn -0.7241 0.4774 -0.4977
vn -0.6873 0.5304 -0.4963
vn -0.8008 0.0414 -0.5975
vn -0.7918 0.1248 -0.5979
vn -0.7778 0.2054 -0.5940
vn -0.7598 0.2806 -0.5865
vn -0.7387 0.3489 -0.5767
vn -0.7153 0.4099 -0.5660
vn -0.6895 0.4637 -0.5564
vn -0.6589 0.5117 -0.5514
vn -0.7395 0.0410 -0.6719
vn -0.7330 0.1241 -0.6689
vn -0.7219 0.2039 -0.6613
vn -0.7071 0.2781 -0.6501
vn -0.6899 0.3450 -0.6364
vn -0.6711 0.4039 -0.6217
vn -0.6516 0.4544 -0.6074
vn -0.6336 0.4953 -0.5943
vn 0.0598 -0.9964 0.0598
vn 0.1775 -0.9823 0.0602
vn 0.2914 -0.9547 0.0598
vn 0.3985 -0.9153 0.0589
vn 0.4971 -0.8657 0.0577
vn 0.5863 -0.8081 0.0564
vn 0.6658 -0.7441 0.0551
vn 0.7356 -0.6753 0.0539
vn 0.0608 -0.9823 0.1770
vn 0.1800 -0.9673 0.1785
vn 0.2951 -0.9388 0.1778
vn 0.4020 -0.8987 0.1755
vn 0.4989 -0.8493 0.1724
vn 0.5854 -0.7930 0.1688
vn 0.6615 -0.7315 0.1651
vn 0.7280 -0.6662 0.1620
vn 0.0606 -0.9549 0.2908
vn 0.1798 -0.9389 0.2935
vn 0.2945 -0.9098 0.2923
vn 0.4001 -0.8700 0.2882
vn 0.4944 -0.8221 0.2822
vn 0.5775 -0.7685 0.2755
vn 0.6499 -0.7108 0.2691
vn 0.7128 -0.6499 0.2638
vn 0.0597 -0.9154 0.3981
vn 0.1775 -0.8987 0.4010
vn 0.2905 -0.8699 0.3986
vn 0.3935 -0.8316 0.3919
vn 0.4847 -0.7866 0.3826
vn 0.5641 -0.7370 0.3723
vn 0.6328 -0.6841 0.3628
vn 0.6921 -0.6283 0.3553
vn 0.0584 -0.8657 0.4971
vn 0.1740 -0.8491 0.4987
vn 0.2842 -0.8217 0.4939
vn 0.3840 -0.7863 0.4840
vn 0.4716 -0.7456 0.4709
vn 0.5473 -0.7012 0.4569
vn 0.6123 -0.6540 0.4443
vn 0.6680 -0.6040 0.4347
vn 0.0569 -0.8079 0.5865
vn 0.1699 -0.7925 0.5858
vn 0.2769 -0.7678 0.5777
vn 0.3734 -0.7364 0.5641
vn 0.4575 -0.7010 0.5471
vn 0.5295 -0.6628 0.5294
vn 0.5909 -0.6224 0.5133
vn 0.6431 -0.5787 0.5015
vn 0.0554 -0.7439 0.6660
vn 0.1658 -0.7308 0.6622
vn 0.2699 -0.7099 0.6505
vn 0.3634 -0.6834 0.6331
vn 0.4446 -0.6537 0.6124
vn 0.5134 -0.6223 0.5909
vn 0.5711 -0.5897 0.5711
vn 0.6195 -0.5539 0.5562
vn 0.0539 -0.6750 0.7358
vn 0.1622 -0.6654 0.7287
vn 0.2640 -0.6490 0.7135
vn 0.3555 -0.6277 0.6925
vn 0.4348 -0.6037 0.6683
vn 0.5015 -0.5786 0.6432
vn 0.5562 -0.5539 0.6195
vn 0.5987 -0.5319 0.5988
vn 0.9979 -0.0416 0.0499
vn 0.9880 -0.0421 0.1488
vn 0.9683 -0.0421 0.2463
vn 0.9392 -0.0419 0.3408
vn 0.9013 -0.0417 0.4313
vn 0.8550 -0.0414 0.5170
vn 0.8010 -0.0412 0.5972
vn 0.7398 -0.0410 0.6716
vn 0.9910 -0.1240 0.0511
vn 0.9804 -0.1256 0.1520
vn 0.9596 -0.1262 0.2514
vn 0.9295 -0.1261 0.3465
vn 0.8910 -0.1256 0.4362
vn 0.8450 -0.1249 0.5199
vn 0.7924 -0.1242 0.5972
vn 0.7337 -0.1239 0.6681
vn 0.9770 -0.2067 0.0517
vn 0.9656 -0.2096 0.1541
vn 0.9438 -0.2106 0.2546
vn 0.9130 -0.2100 0.3498
vn 0.8744 -0.2084 0.4382
vn 0.8293 -0.2065 0.5193
vn 0.7786 -0.2047 0.5932
vn 0.7226 -0.2037 0.6605
vn 0.9560 -0.2888 0.0520
vn 0.9436 -0.2924 0.1553
vn 0.9211 -0.2931 0.2563
vn 0.8899 -0.2913 0.3510
vn 0.8520 -0.2878 0.4374
vn 0.8085 -0.2836 0.5157
vn 0.7603 -0.2800 0.5861
vn 0.7077 -0.2779 0.6495
vn 0.9276 -0.3699 0.0521
vn 0.9146 -0.3731 0.1562
vn 0.8918 -0.3723 0.2570
vn 0.8612 -0.3681 0.3505
vn 0.8247 -0.3617 0.4347
vn 0.7838 -0.3547 0.5098
vn 0.7390 -0.3486 0.5765
vn 0.6902 -0.3450 0.6362
vn 0.8917 -0.4495 0.0523
vn 0.8786 -0.4510 0.1570
vn 0.8564 -0.4475 0.2574
vn 0.8272 -0.4400 0.3495
vn 0.7932 -0.4299 0.4313
vn 0.7558 -0.4191 0.5031
vn 0.7154 -0.4097 0.5660
vn 0.6712 -0.4039 0.6216
vn 0.8480 -0.5273 0.0526
vn 0.8357 -0.5259 0.1580
vn 0.8150 -0.5187 0.2583
vn 0.7881 -0.5070 0.3492
vn 0.7571 -0.4926 0.4291
vn 0.7240 -0.4774 0.4978
vn 0.6895 -0.4637 0.5564
vn 0.6516 -0.4544 0.6073
vn 0.7962 -0.6027 0.0530
vn 0.7858 -0.5976 0.1596
vn 0.7675 -0.5859 0.2602
vn 0.7434 -0.5695 0.3508
vn 0.7159 -0.5504 0.4297
vn 0.6872 -0.5305 0.4964
vn 0.6589 -0.5118 0.5513
vn 0.6336 -0.4953 0.5943
vn 0.0499 -0.0416 0.9979
vn 0.0506 -0.1244 0.9909
vn 0.0510 -0.2071 0.9770
vn 0.0512 -0.2891 0.9559
vn 0.0515 -0.3699 0.9276
vn 0.0518 -0.4494 0.8918
vn 0.0523 -0.5270 0.8482
vn 0.0529 -0.6025 0.7964
vn 0.1484 -0.0425 0.9880
vn 0.1508 -0.1267 0.9804
vn 0.1524 -0.2108 0.9656
vn 0.1536 -0.2932 0.9436
vn 0.1547 -0.3732 0.9148
vn 0.1559 -0.4507 0.8790
vn 0.1573 -0.5252 0.8363
vn 0.1593 -0.5968 0.7864
vn 0.2458 -0.0427 0.9684
vn 0.2500 -0.1276 0.9598
vn 0.2527 -0.2122 0.9440
vn 0.2543 -0.2942 0.9213
vn 0.2552 -0.3726 0.8922
vn 0.2561 -0.4472 0.8570
vn 0.2574 -0.5180 0.8157
vn 0.2598 -0.5851 0.7682
vn 0.3405 -0.0426 0.9393
vn 0.3457 -0.1275 0.9296
vn 0.3486 -0.2117 0.9130
vn 0.3496 -0.2925 0.8901
vn 0.3492 -0.3686 0.8615
vn 0.3485 -0.4399 0.8277
vn 0.3486 -0.5066 0.7886
vn 0.3505 -0.5690 0.7439
vn 0.4312 -0.0422 0.9013
vn 0.4361 -0.1268 0.8909
vn 0.4379 -0.2099 0.8742
vn 0.4370 -0.2889 0.8518
vn 0.4341 -0.3623 0.8248
vn 0.4308 -0.4300 0.7934
vn 0.4288 -0.4924 0.7574
vn 0.4296 -0.5501 0.7162
vn 0.5171 -0.0418 0.8549
vn 0.5203 -0.1258 0.8447
vn 0.5197 -0.2076 0.8288
vn 0.5158 -0.2845 0.8081
vn 0.5097 -0.3551 0.7836
vn 0.5030 -0.4193 0.7558
vn 0.4977 -0.4774 0.7241
vn 0.4963 -0.5304 0.6873
vn 0.5975 -0.0414 0.8008
vn 0.5979 -0.1248 0.7918
vn 0.5940 -0.2054 0.7778
vn 0.5865 -0.2806 0.7598
vn 0.5767 -0.3489 0.7387
vn 0.5660 -0.4099 0.7153
vn 0.5564 -0.4637 0.6895
vn 0.5513 -0.5117 0.6589
vn 0.6718 -0.0410 0.7396
vn 0.6689 -0.1241 0.7329
vn 0.6613 -0.2039 0.7219
vn 0.6501 -0.2781 0.7071
vn 0.6364 -0.3451 0.6899
vn 0.6217 -0.4040 0.6711
vn 0.6074 -0.4544 0.6516
vn 0.5944 -0.4952 0.6336
vn 0.0598 0.9964 0.0598
vn 0.0602 0.9823 0.1775
vn 0.0598 0.9547 0.2914
vn 0.0589 0.9153 0.3985
vn 0.0577 0.8657 0.4971
vn 0.0564 0.8081 0.5864
vn 0.0551 0.7441 0.6658
vn 0.0539 0.6753 0.7356
vn 0.1770 0.9823 0.0608
vn 0.1785 0.9673 0.1800
vn 0.1777 0.9388 0.2951
vn 0.1755 0.8987 0.4020
vn 0.1724 0.8493 0.4990
vn 0.1688 0.7930 0.5854
vn 0.1651 0.7315 0.6615
vn 0.1620 0.6662 0.7280
vn 0.2908 0.9549 0.0607
vn 0.2935 0.9389 0.1798
vn 0.2923 0.9098 0.2945
vn 0.2882 0.8700 0.4001
vn 0.2822 0.8221 0.4944
vn 0.2755 0.7685 0.5775
vn 0.2691 0.7108 0.6499
vn 0.2638 0.6499 0.7128
vn 0.3982 0.9154 0.0597
vn 0.4010 0.8987 0.1775
vn 0.3986 0.8699 0.2905
vn 0.3919 0.8316 0.3935
vn 0.3826 0.7866 0.4847
vn 0.3723 0.7370 0.5641
vn 0.3628 0.6841 0.6328
vn 0.3553 0.6284 0.6920
vn 0.4971 0.8657 0.0584
vn 0.4987 0.8491 0.1740
vn 0.4939 0.8217 0.2842
vn 0.4840 0.7863 0.3840
vn 0.4709 0.7456 0.4716
vn 0.4569 0.7012 0.5473
vn 0.4442 0.6540 0.6123
vn 0.4347 0.6040 0.6680
vn 0.5865 0.8080 0.0569
vn 0.5858 0.7924 0.1699
vn 0.5778 0.7678 0.2770
vn 0.5641 0.7364 0.3734
vn 0.5471 0.7010 0.4575
vn 0.5294 0.6628 0.5295
vn 0.5133 0.6224 0.5909
vn 0.5015 0.5787 0.6431
vn 0.6660 0.7439 0.0554
vn 0.6622 0.7308 0.1658
vn 0.6505 0.7099 0.2699
vn 0.6331 0.6834 0.3635
vn 0.6124 0.6537 0.4446
vn 0.5909 0.6223 0.5134
vn 0.5710 0.5898 0.5711
vn 0.5562 0.5539 0.6195
vn 0.7359 0.6750 0.0539
vn 0.7287 0.6654 0.1622
vn 0.7135 0.6490 0.2640
vn 0.6925 0.6277 0.3555
vn 0.6683 0.6036 0.4348
vn 0.6432 0.5786 0.5015
vn 0.6196 0.5539 0.5562
vn 0.5987 0.5319 0.5988
vn 0.0499 0.0416 0.9979
vn 0.1488 0.0421 0.9880
vn 0.2463 0.0421 0.9683
vn 0.3408 0.0420 0.9392
vn 0.4313 0.0417 0.9013
vn 0.5170 0.0414 0.8550
vn 0.5972 0.0412 0.8010
vn 0.6716 0.0410 0.7398
vn 0.0511 0.1240 0.9910
vn 0.1520 0.1256 0.9804
vn 0.2514 0.1262 0.9596
vn 0.3465 0.1261 0.9295
vn 0.4362 0.1256 0.8910
vn 0.5199 0.1249 0.8451
vn 0.5972 0.1242 0.7924
vn 0.6681 0.1239 0.7336
vn 0.0517 0.2066 0.9770
vn 0.1541 0.2096 0.9656
vn 0.2546 0.2106 0.9438
vn 0.3499 0.2100 0.9130
vn 0.4382 0.2084 0.8744
vn 0.5193 0.2065 0.8293
vn 0.5933 0.2047 0.7786
vn 0.6605 0.2037 0.7226
vn 0.0520 0.2888 0.9560
vn 0.1553 0.2924 0.9436
vn 0.2563 0.2931 0.9211
vn 0.3510 0.2913 0.8899
vn 0.4375 0.2878 0.8520
vn 0.5157 0.2837 0.8085
vn 0.5861 0.2800 0.7603
vn 0.6495 0.2779 0.7077
vn 0.0522 0.3699 0.9276
vn 0.1562 0.3730 0.9146
vn 0.2570 0.3723 0.8918
vn 0.3505 0.3681 0.8612
vn 0.4347 0.3617 0.8247
vn 0.5098 0.3547 0.7838
vn 0.5765 0.3486 0.7390
vn 0.6361 0.3450 0.6902
vn 0.0523 0.4495 0.8917
vn 0.1570 0.4510 0.8786
vn 0.2574 0.4475 0.8564
vn 0.3495 0.4400 0.8272
vn 0.4314 0.4299 0.7932
vn 0.5031 0.4192 0.7558
vn 0.5660 0.4098 0.7154
vn 0.6216 0.4039 0.6712
vn 0.0526 0.5273 0.8481
vn 0.1580 0.5259 0.8357
vn 0.2583 0.5187 0.8150
vn 0.3493 0.5070 0.7880
vn 0.4291 0.4926 0.7571
vn 0.4978 0.4774 0.7240
vn 0.5564 0.4636 0.6895
vn 0.6073 0.4544 0.6517
vn 0.0530 0.6028 0.7962
vn 0.1596 0.5976 0.7858
vn 0.2602 0.5859 0.7675
vn 0.3508 0.5695 0.7434
vn 0.4297 0.5504 0.7159
vn 0.4964 0.5305 0.6872
vn 0.5514 0.5118 0.6589
vn 0.5944 0.4952 0.6336
vn 0.9979 0.0416 0.0499
vn 0.9909 0.1244 0.0506
vn 0.9770 0.2071 0.0510
vn 0.9559 0.2891 0.0512
vn 0.9276 0.3699 0.0515
vn 0.8918 0.4494 0.0518
vn 0.8482 0.5270 0.0523
vn 0.7964 0.6025 0.0529
vn 0.9880 0.0425 0.1484
vn 0.9804 0.1267 0.1508
vn 0.9656 0.2108 0.1523
vn 0.9436 0.2932 0.1536
vn 0.9148 0.3732 0.1547
vn 0.8790 0.4506 0.1559
vn 0.8363 0.5252 0.1573
vn 0.7864 0.5968 0.1593
vn 0.9684 0.0427 0.2458
vn 0.9598 0.1276 0.2500
vn 0.9440 0.2122 0.2527
vn 0.9213 0.2942 0.2543
vn 0.8922 0.3726 0.2552
vn 0.8570 0.4472 0.2561
vn 0.8157 0.5180 0.2574
vn 0.7682 0.5851 0.2599
vn 0.9393 0.0426 0.3405
vn 0.9297 0.1275 0.3457
vn 0.9130 0.2117 0.3486
vn 0.8901 0.2925 0.3496
vn 0.8615 0.3686 0.3492
vn 0.8277 0.4399 0.3485
vn 0.7886 0.5066 0.3485
vn 0.7439 0.5690 0.3505
vn 0.9013 0.0422 0.4312
vn 0.8909 0.1268 0.4361
vn 0.8742 0.2099 0.4379
vn 0.8518 0.2889 0.4369
vn 0.8248 0.3623 0.4341
vn 0.7934 0.4300 0.4308
vn 0.7574 0.4924 0.4287
vn 0.7162 0.5501 0.4296
vn 0.8549 0.0418 0.5171
vn 0.8447 0.1258 0.5203
vn 0.8288 0.2076 0.5197
vn 0.8081 0.2845 0.5158
vn 0.7836 0.3551 0.5097
vn 0.7558 0.4193 0.5030
vn 0.7241 0.4774 0.4977
vn 0.6873 0.5304 0.4963
vn 0.8008 0.0414 0.5975
vn 0.7918 0.1248 0.5979
vn 0.7778 0.2054 0.5940
vn 0.7598 0.2806 0.5865
vn 0.7387 0.3489 0.5767
vn 0.7153 0.4099 0.5660
vn 0.6895 0.4637 0.5564
vn 0.6589 0.5117 0.5514
vn 0.7395 0.0410 0.6719
vn 0.7330 0.1241 0.6689
vn 0.7219 0.2039 0.6613
vn 0.7071 0.2781 0.6501
vn 0.6899 0.3450 0.6364
vn 0.6711 0.4039 0.6217
vn 0.6516 0.4544 0.6074
vn 0.6336 0.4953 0.5943
vn 0.0598 -0.9964 -0.0598
vn 0.0602 -0.9823 -0.1775
vn 0.0598 -0.9547 -0.2914
vn 0.0589 -0.9153 -0.3985
vn 0.0577 -0.8657 -0.4971
vn 0.0564 -0.8081 -0.5864
vn 0.0551 -0.7441 -0.6658
vn 0.0539 -0.6753 -0.7356
vn 0.1770 -0.9823 -0.0608
vn 0.1785 -0.9673 -0.1800
vn 0.1777 -0.9388 -0.2951
vn 0.1755 -0.8987 -0.4020
vn 0.1724 -0.8493 -0.4990
vn 0.1688 -0.7930 -0.5854
vn 0.1651 -0.7315 -0.6615
vn 0.1620 -0.6662 -0.7280
vn 0.2908 -0.9549 -0.0607
vn 0.2935 -0.9389 -0.1798
vn 0.2923 -0.9098 -0.2945
vn 0.2882 -0.8700 -0.4001
vn 0.2822 -0.8221 -0.4944
vn 0.2755 -0.7685 -0.5775
vn 0.2691 -0.7108 -0.6499
vn 0.2638 -0.6499 -0.7128
vn 0.3982 -0.9154 -0.0597
vn 0.4010 -0.8987 -0.1775
vn 0.3986 -0.8699 -0.2905
vn 0.3919 -0.8316 -0.3935
vn 0.3826 -0.7866 -0.4847
vn 0.3723 -0.7370 -0.5641
vn 0.3628 -0.6841 -0.6328
vn 0.3553 -0.6284 -0.6920
vn 0.4971 -0.8657 -0.0584
vn 0.4987 -0.8491 -0.1740
vn 0.4939 -0.8217 -0.2842
vn 0.4840 -0.7863 -0.3840
vn 0.4709 -0.7456 -0.4716
vn 0.4569 -0.7012 -0.5473
vn 0.4442 -0.6540 -0.6123
vn 0.4347 -0.6040 -0.6680
vn 0.5865 -0.8080 -0.0569
vn 0.5858 -0.7924 -0.1699
vn 0.5778 -0.7678 -0.2770
vn 0.5641 -0.7364 -0.3734
vn 0.5471 -0.7010 -0.4575
vn 0.5294 -0.6628 -0.5295
vn 0.5133 -0.6224 -0.5909
vn 0.5015 -0.5787 -0.6431
vn 0.6660 -0.7439 -0.0554
vn 0.6622 -0.7308 -0.1658
vn 0.6505 -0.7099 -0.2699
vn 0.6331 -0.6834 -0.3635
vn 0.6124 -0.6537 -0.4446
vn 0.5909 -0.6223 -0.5134
vn 0.5710 -0.5898 -0.5711
vn 0.5562 -0.5539 -0.6195
vn 0.7359 -0.6750 -0.0539
vn 0.7287 -0.6654 -0.1622
vn 0.7135 -0.6490 -0.2640
vn 0.6925 -0.6277 -0.3555
vn 0.6683 -0.6036 -0.4348
vn 0.6432 -0.5786 -0.5015
vn 0.6196 -0.5539 -0.5562
vn 0.5987 -0.5319 -0.5988
vn 0.0499 -0.0416 -0.9979
vn 0.1488 -0.0421 -0.9880
vn 0.2463 -0.0421 -0.9683
vn 0.3408 -0.0420 -0.9392
vn 0.4313 -0.0417 -0.9013
vn 0.5170 -0.0414 -0.8550
vn 0.5972 -0.0412 -0.8010
vn 0.6716 -0.0410 -0.7398
vn 0.0511 -0.1240 -0.9910
vn 0.1520 -0.1256 -0.9804
vn 0.2514 -0.1262 -0.9596
vn 0.3465 -0.1261 -0.9295
vn 0.4362 -0.1256 -0.8910
vn 0.5199 -0.1249 -0.8451
vn 0.5972 -0.1242 -0.7924
vn 0.6681 -0.1239 -0.7336
vn 0.0517 -0.2066 -0.9770
vn 0.1541 -0.2096 -0.9656
vn 0.2546 -0.2106 -0.9438
vn 0.3499 -0.2100 -0.9130
vn 0.4382 -0.2084 -0.8744
vn 0.5193 -0.2065 -0.8293
vn 0.5933 -0.2047 -0.7786
vn 0.6605 -0.2037 -0.7226
vn 0.0520 -0.2888 -0.9560
vn 0.1553 -0.2924 -0.9436
vn 0.2563 -0.2931 -0.9211
vn 0.3510 -0.2913 -0.8899
vn 0.4375 -0.2878 -0.8520
vn 0.5157 -0.2837 -0.8085
vn 0.5861 -0.2800 -0.7603
vn 0.6495 -0.2779 -0.7077
vn 0.0522 -0.3699 -0.9276
vn 0.1562 -0.3730 -0.9146
vn 0.2570 -0.3723 -0.8918
vn 0.3505 -0.3681 -0.8612
vn 0.4347 -0.3617 -0.8247
vn 0.5098 -0.3547 -0.7838
vn 0.5765 -0.3486 -0.7390
vn 0.6361 -0.3450 -0.6902
vn 0.0523 -0.4495 -0.8917
vn 0.1570 -0.4510 -0.8786
vn 0.2574 -0.4475 -0.8564
vn 0.3495 -0.4400 -0.8272
vn 0.4314 -0.4299 -0.7932
vn 0.5031 -0.4192 -0.7558
vn 0.5660 -0.4098 -0.7154
vn 0.6216 -0.4039 -0.6712
vn 0.0526 -0.5273 -0.8481
vn 0.1580 -0.5259 -0.8357
vn 0.2583 -0.5187 -0.8150
vn 0.3493 -0.5070 -0.7880
vn 0.4291 -0.4926 -0.7571
vn 0.4978 -0.4774 -0.7240
vn 0.5564 -0.4636 -0.6895
vn 0.6073 -0.4544 -0.6517
vn 0.0530 -0.6028 -0.7962
vn 0.1596 -0.5976 -0.7858
vn 0.2602 -0.5859 -0.7675
vn 0.3508 -0.5695 -0.7434
vn 0.4297 -0.5504 -0.7159
vn 0.4964 -0.5305 -0.6872
vn 0.5514 -0.5118 -0.6589
vn 0.5944 -0.4952 -0.6336
vn 0.9979 -0.0416 -0.0499
vn 0.9909 -0.1244 -0.0506
vn 0.9770 -0.2071 -0.0510
vn 0.9559 -0.2891 -0.0512
vn 0.9276 -0.3699 -0.0515
vn 0.8918 -0.4494 -0.0518
vn 0.8482 -0.5270 -0.0523
vn 0.7964 -0.6025 -0.0529
vn 0.9880 -0.0425 -0.1484
vn 0.9804 -0.1267 -0.1508
vn 0.9656 -0.2108 -0.1523
vn 0.9436 -0.2932 -0.1536
vn 0.9148 -0.3732 -0.1547
vn 0.8790 -0.4506 -0.1559
vn 0.8363 -0.5252 -0.1573
vn 0.7864 -0.5968 -0.1593
vn 0.9684 -0.0427 -0.2458
vn 0.9598 -0.1276 -0.2500
vn 0.9440 -0.2122 -0.2527
vn 0.9213 -0.2942 -0.2543
vn 0.8922 -0.3726 -0.2552
vn 0.8570 -0.4472 -0.2561
vn 0.8157 -0.5180 -0.2574
vn 0.7682 -0.5851 -0.2599
vn 0.9393 -0.0426 -0.3405
vn 0.9297 -0.1275 -0.3457
vn 0.9130 -0.2117 -0.3486
vn 0.8901 -0.2925 -0.3496
vn 0.8615 -0.3686 -0.3492
vn 0.8277 -0.4399 -0.3485
vn 0.7886 -0.5066 -0.3485
vn 0.7439 -0.5690 -0.3505
vn 0.9013 -0.0422 -0.4312
vn 0.8909 -0.1268 -0.4361
vn 0.8742 -0.2099 -0.4379
vn 0.8518 -0.2889 -0.4369
vn 0.8248 -0.3623 -0.4341
vn 0.7934 -0.4300 -0.4308
vn 0.7574 -0.4924 -0.4287
vn 0.7162 -0.5501 -0.4296
vn 0.8549 -0.0418 -0.5171
vn 0.8447 -0.1258 -0.5203
vn 0.8288 -0.2076 -0.5197
vn 0.8081 -0.2845 -0.5158
vn 0.7836 -0.3551 -0.5097
vn 0.7558 -0.4193 -0.5030
vn 0.7241 -0.4774 -0.4977
vn 0.6873 -0.5304 -0.4963
vn 0.8008 -0.0414 -0.5975
vn 0.7918 -0.1248 -0.5979
vn 0.7778 -0.2054 -0.5940
vn 0.7598 -0.2806 -0.5865
vn 0.7387 -0.3489 -0.5767
vn 0.7153 -0.4099 -0.5660
vn 0.6895 -0.4637 -0.5564
vn 0.6589 -0.5117 -0.5514
vn 0.7395 -0.0410 -0.6719
vn 0.7330 -0.1241 -0.6689
vn 0.7219 -0.2039 -0.6613
vn 0.7071 -0.2781 -0.6501
vn 0.6899 -0.3450 -0.6364
vn 0.6711 -0.4039 -0.6217
vn 0.6516 -0.4544 -0.6074
vn 0.6336 -0.4953 -0.5943
vn 0.0598 0.9964 -0.0598
vn 0.1775 0.9823 -0.0602
vn 0.2914 0.9547 -0.0598
vn 0.3985 0.9153 -0.0589
vn 0.4971 0.8657 -0.0577
vn 0.5863 0.8081 -0.0564
vn 0.6658 0.7441 -0.0551
vn 0.7356 0.6753 -0.0539
vn 0.0608 0.9823 -0.1770
vn 0.1800 0.9673 -0.1785
vn 0.2951 0.9388 -0.1778
vn 0.4020 0.8987 -0.1755
vn 0.4989 0.8493 -0.1724
vn 0.5854 0.7930 -0.1688
vn 0.6615 0.7315 -0.1651
vn 0.7280 0.6662 -0.1620
vn 0.0606 0.9549 -0.2908
vn 0.1798 0.9389 -0.2935
vn 0.2945 0.9098 -0.2923
vn 0.4001 0.8700 -0.2882
vn 0.4944 0.8221 -0.2822
vn 0.5775 0.7685 -0.2755
vn 0.6499 0.7108 -0.2691
vn 0.7128 0.6499 -0.2638
vn 0.0597 0.9154 -0.3981
vn 0.1775 0.8987 -0.4010
vn 0.2905 0.8699 -0.3986
vn 0.3935 0.8316 -0.3919
vn 0.4847 0.7866 -0.3826
vn 0.5641 0.7370 -0.3723
vn 0.6328 0.6841 -0.3628
vn 0.6921 0.6283 -0.3553
vn 0.0584 0.8657 -0.4971
vn 0.1740 0.8491 -0.4987
vn 0.2842 0.8217 -0.4939
vn 0.3840 0.7863 -0.4840
vn 0.4716 0.7456 -0.4709
vn 0.5473 0.7012 -0.4569
vn 0.6123 0.6540 -0.4443
vn 0.6680 0.6040 -0.4347
vn 0.0569 0.8079 -0.5865
vn 0.1699 0.7925 -0.5858
vn 0.2769 0.7678 -0.5777
vn 0.3734 0.7364 -0.5641
vn 0.4575 0.7010 -0.5471
vn 0.5295 0.6628 -0.5294
vn 0.5909 0.6224 -0.5133
vn 0.6431 0.5787 -0.5015
vn 0.0554 0.7439 -0.6660
vn 0.1658 0.7308 -0.6622
vn 0.2699 0.7099 -0.6505
vn 0.3634 0.6834 -0.6331
vn 0.4446 0.6537 -0.6124
vn 0.5134 0.6223 -0.5909
vn 0.5711 0.5897 -0.5711
vn 0.6195 0.5539 -0.5562
vn 0.0539 0.6750 -0.7358
vn 0.1622 0.6654 -0.7287
vn 0.2640 0.6490 -0.7135
vn 0.3555 0.6277 -0.6925
vn 0.4348 0.6037 -0.6683
vn 0.5015 0.5786 -0.6432
vn 0.5562 0.5539 -0.6195
vn 0.5987 0.5319 -0.5988
vn 0.9979 0.0416 -0.0499
vn 0.9880 0.0421 -0.1488
vn 0.9683 0.0421 -0.2463
vn 0.9392 0.0419 -0.3408
vn 0.9013 0.0417 -0.4313
vn 0.8550 0.0414 -0.5170
vn 0.8010 0.0412 -0.5972
vn 0.7398 0.0410 -0.6716
vn 0.9910 0.1240 -0.0511
vn 0.9804 0.1256 -0.1520
vn 0.9596 0.1262 -0.2514
vn 0.9295 0.1261 -0.3465
vn 0.8910 0.1256 -0.4362
vn 0.8450 0.1249 -0.5199
vn 0.7924 0.1242 -0.5972
vn 0.7337 0.1239 -0.6681
vn 0.9770 0.2067 -0.0517
vn 0.9656 0.2096 -0.1541
vn 0.9438 0.2106 -0.2546
vn 0.9130 0.2100 -0.3498
vn 0.8744 0.2084 -0.4382
vn 0.8293 0.2065 -0.5193
vn 0.7786 0.2047 -0.5932
vn 0.7226 0.2037 -0.6605
vn 0.9560 0.2888 -0.0520
vn 0.9436 0.2924 -0.1553
vn 0.9211 0.2931 -0.2563
vn 0.8899 0.2913 -0.3510
vn 0.8520 0.2878 -0.4374
vn 0.8085 0.2836 -0.5157
vn 0.7603 0.2800 -0.5861
vn 0.7077 0.2779 -0.6495
vn 0.9276 0.3699 -0.0521
vn 0.9146 0.3731 -0.1562
vn 0.8918 0.3723 -0.2570
vn 0.8612 0.3681 -0.3505
vn 0.8247 0.3617 -0.4347
vn 0.7838 0.3547 -0.5098
vn 0.7390 0.3486 -0.5765
vn 0.6902 0.3450 -0.6362
vn 0.8917 0.4495 -0.0523
vn 0.8786 0.4510 -0.1570
vn 0.8564 0.4475 -0.2574
vn 0.8272 0.4400 -0.3495
vn 0.7932 0.4299 -0.4313
vn 0.7558 0.4191 -0.5031
vn 0.7154 0.4097 -0.5660
vn 0.6712 0.4039 -0.6216
vn 0.8480 0.5273 -0.0526
vn 0.8357 0.5259 -0.1580
vn 0.8150 0.5187 -0.2583
vn 0.7881 0.5070 -0.3492
vn 0.7571 0.4926 -0.4291
vn 0.7240 0.4774 -0.4978
vn 0.6895 0.4637 -0.5564
vn 0.6516 0.4544 -0.6073
vn 0.7962 0.6027 -0.0530
vn 0.7858 0.5976 -0.1596
vn 0.7675 0.5859 -0.2602
vn 0.7434 0.5695 -0.3508
vn 0.7159 0.5504 -0.4297
vn 0.6872 0.5305 -0.4964
vn 0.6589 0.5118 -0.5513
vn 0.6336 0.4953 -0.5943
vn 0.0499 0.0416 -0.9979
vn 0.0506 0.1244 -0.9909
vn 0.0510 0.2071 -0.9770
vn 0.0512 0.2891 -0.9559
vn 0.0515 0.3699 -0.9276
vn 0.0518 0.4494 -0.8918
vn 0.0523 0.5270 -0.8482
vn 0.0529 0.6025 -0.7964
vn 0.1484 0.0425 -0.9880
vn 0.1508 0.1267 -0.9804
vn 0.1524 0.2108 -0.9656
vn 0.1536 0.2932 -0.9436
vn 0.1547 0.3732 -0.9148
vn 0.1559 0.4507 -0.8790
vn 0.1573 0.5252 -0.8363
vn 0.1593 0.5968 -0.7864
vn 0.2458 0.0427 -0.9684
vn 0.2500 0.1276 -0.9598
vn 0.2527 0.2122 -0.9440
vn 0.2543 0.2942 -0.9213
vn 0.2552 0.3726 -0.8922
vn 0.2561 0.4472 -0.8570
vn 0.2574 0.5180 -0.8157
vn 0.2598 0.5851 -0.7682
vn 0.3405 0.0426 -0.9393
vn 0.3457 0.1275 -0.9296
vn 0.3486 0.2117 -0.9130
vn 0.3496 0.2925 -0.8901
vn 0.3492 0.3686 -0.8615
vn 0.3485 0.4399 -0.8277
vn 0.3486 0.5066 -0.7886
vn 0.3505 0.5690 -0.7439
vn 0.4312 0.0422 -0.9013
vn 0.4361 0.1268 -0.8909
vn 0.4379 0.2099 -0.8742
vn 0.4370 0.2889 -0.8518
vn 0.4341 0.3623 -0.8248
vn 0.4308 0.4300 -0.7934
vn 0.4288 0.4924 -0.7574
vn 0.4296 0.5501 -0.7162
vn 0.5171 0.0418 -0.8549
vn 0.5203 0.1258 -0.8447
vn 0.5197 0.2076 -0.8288
vn 0.5158 0.2845 -0.8081
vn 0.5097 0.3551 -0.7836
vn 0.5030 0.4193 -0.7558
vn 0.4977 0.4774 -0.7241
vn 0.4963 0.5304 -0.6873
vn 0.5975 0.0414 -0.8008
vn 0.5979 0.1248 -0.7918
vn 0.5940 0.2054 -0.7778
vn 0.5865 0.2806 -0.7598
vn 0.5767 0.3489 -0.7387
vn 0.5660 0.4099 -0.7153
vn 0.5564 0.4637 -0.6895
vn 0.5513 0.5117 -0.6589
vn 0.6718 0.0410 -0.7396
vn 0.6689 0.1241 -0.7329
vn 0.6613 0.2039 -0.7219
vn 0.6501 0.2781 -0.7071
vn 0.6364 0.3451 -0.6899
vn 0.6217 0.4040 -0.6711
vn 0.6074 0.4544 -0.6516
vn 0.5944 0.4952 -0.6336
vn -0.0588 -0.9983 -0.0000
vn -0.1752 -0.9845 -0.0000
vn -0.2879 -0.9577 -0.0000
vn -0.3945 -0.9189 -0.0000
vn -0.4936 -0.8697 -0.0000
vn -0.5839 -0.8118 -0.0000
vn -0.6648 -0.7470 -0.0000
vn -0.7361 -0.6768 -0.0000
vn -0.7980 -0.6027 -0.0000
vn -0.8507 -0.5257 -0.0000
vn -0.8946 -0.4468 -0.0000
vn -0.9303 -0.3667 -0.0000
vn -0.9583 -0.2857 -0.0000
vn -0.9789 -0.2043 -0.0000
vn -0.9924 -0.1227 -0.0000
vn -0.9992 -0.0409 -0.0000
vn -0.0490 -0.0000 0.9988
vn -0.1467 -0.0000 0.9892
vn -0.2430 -0.0000 0.9700
vn -0.3369 -0.0000 0.9415
vn -0.4276 -0.0000 0.9040
vn -0.5141 -0.0000 0.8577
vn -0.5957 -0.0000 0.8032
vn -0.6716 -0.0000 0.7409
vn -0.7409 -0.0000 0.6716
vn -0.8032 -0.0000 0.5957
vn -0.8577 -0.0000 0.5141
vn -0.9040 -0.0000 0.4276
vn -0.9415 -0.0000 0.3369
vn -0.9700 -0.0000 0.2430
vn -0.9892 -0.0000 0.1467
vn -0.9988 -0.0000 0.0490
vn -0.0588 0.9983 -0.0000
vn -0.1752 0.9845 -0.0000
vn -0.2879 0.9577 -0.0000
vn -0.3945 0.9189 -0.0000
vn -0.4936 0.8697 -0.0000
vn -0.5839 0.8118 -0.0000
vn -0.6648 0.7470 -0.0000
vn -0.7361 0.6768 -0.0000
vn -0.7980 0.6027 -0.0000
vn -0.8507 0.5257 -0.0000
vn -0.8946 0.4468 -0.0000
vn -0.9303 0.3667 -0.0000
vn -0.9583 0.2857 -0.0000
vn -0.9789 0.2043 -0.0000
vn -0.9924 0.1227 -0.0000
vn -0.9992 0.0409 -0.0000
vn -0.0490 -0.0000 -0.9988
vn -0.1467 -0.0000 -0.9892
vn -0.2430 -0.0000 -0.9700
vn -0.3369 -0.0000 -0.9415
vn -0.4276 -0.0000 -0.9040
vn -0.5141 -0.0000 -0.8577
vn -0.5957 -0.0000 -0.8032
vn -0.6716 -0.0000 -0.7409
vn -0.7409 -0.0000 -0.6716
vn -0.8032 -0.0000 -0.5957
vn -0.8577 -0.0000 -0.5141
vn -0.9040 -0.0000 -0.4276
vn -0.9415 -0.0000 -0.3369
vn -0.9700 -0.0000 -0.2430
vn -0.9892 -0.0000 -0.1467
vn -0.9988 -0.0000 -0.0490
vn -0.0000 -0.9983 -0.0588
vn -0.0000 -0.9845 -0.1752
vn -0.0000 -0.9577 -0.2879
vn -0.0000 -0.9189 -0.3945
vn -0.0000 -0.8697 -0.4936
vn -0.0000 -0.8118 -0.5839
vn -0.0000 -0.7470 -0.6648
vn -0.0000 -0.6768 -0.7361
vn -0.0000 -0.6027 -0.7980
vn -0.0000 -0.5257 -0.8507
vn -0.0000 -0.4468 -0.8946
vn -0.0000 -0.3667 -0.9303
vn -0.0000 -0.2857 -0.9583
vn -0.0000 -0.2043 -0.9789
vn -0.0000 -0.1227 -0.9924
vn -0.0000 -0.0409 -0.9992
vn -0.0000 0.9983 -0.0588
vn -0.0000 0.9845 -0.1752
vn -0.0000 0.9577 -0.2879
vn -0.0000 0.9189 -0.3945
vn -0.0000 0.8697 -0.4936
vn -0.0000 0.8118 -0.5839
vn -0.0000 0.7470 -0.6648
vn -0.0000 0.6768 -0.7361
vn -0.0000 0.6027 -0.7980
vn -0.0000 0.5257 -0.8507
vn -0.0000 0.4468 -0.8946
vn -0.0000 0.3667 -0.9303
vn -0.0000 0.2857 -0.9583
vn -0.0000 0.2043 -0.9789
vn -0.0000 0.1227 -0.9924
vn -0.0000 0.0409 -0.9992
vn 0.9988 -0.0000 -0.0490
vn 0.9892 -0.0000 -0.1467
vn 0.9700 -0.0000 -0.2430
vn 0.9415 -0.0000 -0.3369
vn 0.9040 -0.0000 -0.4276
vn 0.8577 -0.0000 -0.5141
vn 0.8032 -0.0000 -0.5957
vn 0.7409 -0.0000 -0.6716
vn 0.6716 -0.0000 -0.7409
vn 0.5957 -0.0000 -0.8032
vn 0.5141 -0.0000 -0.8577
vn 0.4276 -0.0000 -0.9040
vn 0.3369 -0.0000 -0.9415
vn 0.2430 -0.0000 -0.9700
vn 0.1467 -0.0000 -0.9892
vn 0.0490 -0.0000 -0.9988
vn 0.0588 -0.9983 -0.0000
vn 0.1752 -0.9845 -0.0000
vn 0.2879 -0.9577 -0.0000
vn 0.3945 -0.9189 -0.0000
vn 0.4936 -0.8697 -0.0000
vn 0.5839 -0.8118 -0.0000
vn 0.6648 -0.7470 -0.0000
vn 0.7361 -0.6768 -0.0000
vn 0.7980 -0.6027 -0.0000
vn 0.8507 -0.5257 -0.0000
vn 0.8946 -0.4468 -0.0000
vn 0.9303 -0.3667 -0.0000
vn 0.9583 -0.2857 -0.0000
vn 0.9789 -0.2043 -0.0000
vn 0.9924 -0.1227 -0.0000
vn 0.9992 -0.0409 -0.0000
vn 0.0588 0.9983 -0.0000
vn 0.1752 0.9845 -0.0000
vn 0.2879 0.9577 -0.0000
vn 0.3945 0.9189 -0.0000
vn 0.4936 0.8697 -0.0000
vn 0.5839 0.8118 -0.0000
vn 0.6648 0.7470 -0.0000
vn 0.7361 0.6768 -0.0000
vn 0.7980 0.6027 -0.0000
vn 0.8507 0.5257 -0.0000
vn 0.8946 0.4468 -0.0000
vn 0.9303 0.3667 -0.0000
vn 0.9583 0.2857 -0.0000
vn 0.9789 0.2043 -0.0000
vn 0.9924 0.1227 -0.0000
vn 0.9992 0.0409 -0.0000
vn 0.0490 -0.0000 0.9988
vn 0.1467 -0.0000 0.9892
vn 0.2430 -0.0000 0.9700
vn 0.3369 -0.0000 0.9415
vn 0.4276 -0.0000 0.9040
vn 0.5141 -0.0000 0.8577
vn 0.5957 -0.0000 0.8032
vn 0.6716 -0.0000 0.7409
vn 0.7409 -0.0000 0.6716
vn 0.8032 -0.0000 0.5957
vn 0.8577 -0.0000 0.5141
vn 0.9040 -0.0000 0.4276
vn 0.9415 -0.0000 0.3369
vn 0.9700 -0.0000 0.2430
vn 0.9892 -0.0000 0.1467
vn 0.9988 -0.0000 0.0490
vn -0.0000 -0.9983 0.0588
vn -0.0000 -0.9845 0.1752
vn -0.0000 -0.9577 0.2879
vn -0.0000 -0.9189 0.3945
vn -0.0000 -0.8697 0.4936
vn -0.0000 -0.8118 0.5839
vn -0.0000 -0.7470 0.6648
vn -0.0000 -0.6768 0.7361
vn -0.0000 -0.6027 0.7980
vn -0.0000 -0.5257 0.8506
vn -0.0000 -0.4468 0.8946
vn -0.0000 -0.3667 0.9303
vn -0.0000 -0.2857 0.9583
vn -0.0000 -0.2043 0.9789
vn -0.0000 -0.1227 0.9924
vn -0.0000 -0.0409 0.9992
vn -0.0000 0.9983 0.0588
vn -0.0000 0.9845 0.1752
vn -0.0000 0.9577 0.2879
vn -0.0000 0.9189 0.3945
vn -0.0000 0.8697 0.4936
vn -0.0000 0.8118 0.5839
vn -0.0000 0.7470 0.6648
vn -0.0000 0.6768 0.7361
vn -0.0000 0.6027 0.7980
vn -0.0000 0.5257 0.8506
vn -0.0000 0.4468 0.8946
vn -0.0000 0.3667 0.9303
vn -0.0000 0.2857 0.9583
vn -0.0000 0.2043 0.9789
vn -0.0000 0.1227 0.9924
vn -0.0000 0.0409 0.9992
vn -0.0000 -1.0000 -0.0000
vt 0.381250 0.756250
vt 0.618750 0.756250
vt 0.618750 0.993750
vt 0.381250 0.993750
vt 0.381250 0.506250
vt 0.618750 0.506250
vt 0.618750 0.743750
vt 0.381250 0.743750
vt 0.631250 0.506250
vt 0.868750 0.506250
vt 0.868750 0.743750
vt 0.631250 0.743750
vt 0.381250 0.006250
vt 0.618750 0.006250
vt 0.618750 0.243750
vt 0.381250 0.243750
vt 0.381250 0.256250
vt 0.618750 0.256250
vt 0.618750 0.493750
vt 0.381250 0.493750
vt 0.131250 0.743750
vt 0.131250 0.744363
vt 0.130631 0.744375
vt 0.130637 0.743750
vt 0.131250 0.744969
vt 0.130628 0.744998
vt 0.131250 0.745564
vt 0.130625 0.745604
vt 0.131250 0.746142
vt 0.130623 0.746183
vt 0.131250 0.746696
vt 0.130623 0.746730
vt 0.131250 0.747222
vt 0.130623 0.747240
vt 0.131250 0.747715
vt 0.130624 0.747712
vt 0.131250 0.750000
vt 0.130623 0.750000
vt 0.130009 0.744381
vt 0.130031 0.743750
vt 0.129998 0.745015
vt 0.129994 0.745626
vt 0.129996 0.746200
vt 0.130002 0.746734
vt 0.130008 0.747224
vt 0.130013 0.747672
vt 0.130015 0.750000
vt 0.129401 0.744383
vt 0.129436 0.743750
vt 0.129384 0.745020
vt 0.129383 0.745629
vt 0.129394 0.746194
vt 0.129412 0.746710
vt 0.129431 0.747177
vt 0.129446 0.747599
vt 0.129451 0.750000
vt 0.128819 0.744383
vt 0.128858 0.743750
vt 0.128804 0.745016
vt 0.128812 0.745617
vt 0.128838 0.746168
vt 0.128874 0.746665
vt 0.128910 0.747108
vt 0.128937 0.747503
vt 0.128948 0.750000
vt 0.128269 0.744383
vt 0.128304 0.743750
vt 0.128265 0.745008
vt 0.128291 0.745597
vt 0.128337 0.746131
vt 0.128396 0.746606
vt 0.128453 0.747025
vt 0.128495 0.747395
vt 0.128512 0.750000
vt 0.127756 0.744381
vt 0.127778 0.743750
vt 0.127772 0.744999
vt 0.127820 0.745575
vt 0.127891 0.746094
vt 0.127975 0.746549
vt 0.128055 0.746945
vt 0.128118 0.747288
vt 0.128144 0.750000
vt 0.127283 0.744378
vt 0.127285 0.743750
vt 0.127323 0.744990
vt 0.127397 0.745558
vt 0.127495 0.746065
vt 0.127605 0.746506
vt 0.127712 0.746883
vt 0.127803 0.747197
vt 0.127845 0.750000
vt 0.125000 0.744377
vt 0.125000 0.743750
vt 0.125000 0.744985
vt 0.125000 0.745549
vt 0.125000 0.746052
vt 0.125000 0.746488
vt 0.125000 0.746856
vt 0.125000 0.747155
vt 0.127642 0.750000
vt 0.381250 0.994363
vt 0.380631 0.994375
vt 0.380637 0.993750
vt 0.381250 0.994969
vt 0.380628 0.994998
vt 0.381250 0.995564
vt 0.380625 0.995604
vt 0.381250 0.996142
vt 0.380623 0.996183
vt 0.381250 0.996696
vt 0.380623 0.996730
vt 0.381250 0.997222
vt 0.380623 0.997240
vt 0.381250 0.997715
vt 0.380624 0.997712
vt 0.381250 1.000000
vt 0.380623 1.000000
vt 0.380009 0.994381
vt 0.380031 0.993750
vt 0.379998 0.995015
vt 0.379994 0.995626
vt 0.379996 0.996200
vt 0.380002 0.996734
vt 0.380008 0.997224
vt 0.380013 0.997672
vt 0.380015 1.000000
vt 0.379401 0.994383
vt 0.379436 0.993750
vt 0.379384 0.995020
vt 0.379383 0.995629
vt 0.379394 0.996194
vt 0.379412 0.996710
vt 0.379431 0.997177
vt 0.379446 0.997599
vt 0.379451 1.000000
vt 0.378819 0.994383
vt 0.378858 0.993750
vt 0.378804 0.995016
vt 0.378812 0.995617
vt 0.378838 0.996168
vt 0.378874 0.996665
vt 0.378910 0.997108
vt 0.378937 0.997503
vt 0.378948 1.000000
vt 0.378269 0.994383
vt 0.378304 0.993750
vt 0.378265 0.995008
vt 0.378291 0.995597
vt 0.378337 0.996131
vt 0.378396 0.996606
vt 0.378453 0.997025
vt 0.378495 0.997395
vt 0.378512 1.000000
vt 0.377756 0.994381
vt 0.377778 0.993750
vt 0.377772 0.994999
vt 0.377820 0.995575
vt 0.377891 0.996094
vt 0.377975 0.996549
vt 0.378055 0.996945
vt 0.378118 0.997288
vt 0.378144 1.000000
vt 0.377283 0.994378
vt 0.377285 0.993750
vt 0.377323 0.994990
vt 0.377397 0.995558
vt 0.377495 0.996065
vt 0.377605 0.996506
vt 0.377712 0.996883
vt 0.377803 0.997197
vt 0.377845 1.000000
vt 0.375000 0.994377
vt 0.375000 0.993750
vt 0.375000 0.994985
vt 0.375000 0.995549
vt 0.375000 0.996052
vt 0.375000 0.996488
vt 0.375000 0.996856
vt 0.375000 0.997155
vt 0.377642 1.000000
vt 0.380637 0.006250
vt 0.380625 0.005631
vt 0.381250 0.005637
vt 0.380031 0.006250
vt 0.380002 0.005628
vt 0.379436 0.006250
vt 0.379396 0.005625
vt 0.378858 0.006250
vt 0.378817 0.005623
vt 0.378304 0.006250
vt 0.378270 0.005623
vt 0.377778 0.006250
vt 0.377760 0.005623
vt 0.377285 0.006250
vt 0.377288 0.005624
vt 0.375000 0.006250
vt 0.375000 0.005623
vt 0.380619 0.005009
vt 0.381250 0.005031
vt 0.379985 0.004998
vt 0.379374 0.004994
vt 0.378800 0.004996
vt 0.378266 0.005002
vt 0.377776 0.005008
vt 0.377328 0.005013
vt 0.375000 0.005015
vt 0.380617 0.004401
vt 0.381250 0.004436
vt 0.379980 0.004384
vt 0.379371 0.004383
vt 0.378806 0.004394
vt 0.378290 0.004412
vt 0.377823 0.004431
vt 0.377401 0.004446
vt 0.375000 0.004451
vt 0.380617 0.003819
vt 0.381250 0.003858
vt 0.379984 0.003804
vt 0.379383 0.003812
vt 0.378832 0.003838
vt 0.378335 0.003874
vt 0.377892 0.003910
vt 0.377497 0.003937
vt 0.375000 0.003948
vt 0.380618 0.003269
vt 0.381250 0.003304
vt 0.379992 0.003265
vt 0.379403 0.003291
vt 0.378869 0.003337
vt 0.378394 0.003396
vt 0.377975 0.003453
vt 0.377605 0.003495
vt 0.375000 0.003512
vt 0.380619 0.002756
vt 0.381250 0.002778
vt 0.380001 0.002772
vt 0.379425 0.002820
vt 0.378906 0.002891
vt 0.378451 0.002975
vt 0.378055 0.003055
vt 0.377712 0.003118
vt 0.375000 0.003144
vt 0.380622 0.002283
vt 0.381250 0.002285
vt 0.380010 0.002323
vt 0.379442 0.002397
vt 0.378935 0.002495
vt 0.378494 0.002605
vt 0.378118 0.002712
vt 0.377803 0.002803
vt 0.375000 0.002845
vt 0.380623 0.000000
vt 0.381250 0.000000
vt 0.380015 0.000000
vt 0.379451 0.000000
vt 0.378948 0.000000
vt 0.378512 0.000000
vt 0.378144 0.000000
vt 0.377845 0.000000
vt 0.375000 0.002642
vt 0.619363 0.993750
vt 0.619375 0.994369
vt 0.618750 0.994363
vt 0.619969 0.993750
vt 0.619998 0.994372
vt 0.620564 0.993750
vt 0.620604 0.994375
vt 0.621142 0.993750
vt 0.621183 0.994377
vt 0.621696 0.993750
vt 0.621730 0.994377
vt 0.622222 0.993750
vt 0.622240 0.994377
vt 0.622715 0.993750
vt 0.622712 0.994376
vt 0.625000 0.993750
vt 0.625000 0.994377
vt 0.619381 0.994991
vt 0.618750 0.994969
vt 0.620015 0.995002
vt 0.620626 0.995006
vt 0.621200 0.995004
vt 0.621734 0.994998
vt 0.622224 0.994992
vt 0.622672 0.994987
vt 0.625000 0.994985
vt 0.619383 0.995599
vt 0.618750 0.995564
vt 0.620020 0.995616
vt 0.620629 0.995617
vt 0.621194 0.995605
vt 0.621710 0.995587
vt 0.622177 0.995569
vt 0.622599 0.995554
vt 0.625000 0.995549
vt 0.619383 0.996181
vt 0.618750 0.996142
vt 0.620016 0.996196
vt 0.620617 0.996188
vt 0.621168 0.996162
vt 0.621665 0.996126
vt 0.622108 0.996090
vt 0.622503 0.996063
vt 0.625000 0.996052
vt 0.619382 0.996731
vt 0.618750 0.996696
vt 0.620008 0.996735
vt 0.620597 0.996709
vt 0.621131 0.996663
vt 0.621606 0.996604
vt 0.622025 0.996547
vt 0.622395 0.996505
vt 0.625000 0.996488
vt 0.619381 0.997244
vt 0.618750 0.997222
vt 0.619999 0.997228
vt 0.620575 0.997180
vt 0.621094 0.997109
vt 0.621549 0.997025
vt 0.621945 0.996945
vt 0.622288 0.996882
vt 0.625000 0.996856
vt 0.619378 0.997717
vt 0.618750 0.997715
vt 0.619990 0.997677
vt 0.620558 0.997603
vt 0.621065 0.997505
vt 0.621506 0.997395
vt 0.621882 0.997288
vt 0.622197 0.997197
vt 0.625000 0.997155
vt 0.619377 1.000000
vt 0.618750 1.000000
vt 0.619985 1.000000
vt 0.620549 1.000000
vt 0.621052 1.000000
vt 0.621488 1.000000
vt 0.621856 1.000000
vt 0.622155 1.000000
vt 0.625000 0.997358
vt 0.869363 0.743750
vt 0.869375 0.744369
vt 0.868750 0.744363
vt 0.869969 0.743750
vt 0.869998 0.744372
vt 0.870564 0.743750
vt 0.870604 0.744375
vt 0.871142 0.743750
vt 0.871183 0.744377
vt 0.871696 0.743750
vt 0.871730 0.744377
vt 0.872222 0.743750
vt 0.872240 0.744377
vt 0.872715 0.743750
vt 0.872712 0.744376
vt 0.875000 0.743750
vt 0.875000 0.744377
vt 0.869381 0.744991
vt 0.868750 0.744969
vt 0.870015 0.745002
vt 0.870626 0.745006
vt 0.871200 0.745004
vt 0.871734 0.744998
vt 0.872224 0.744992
vt 0.872672 0.744987
vt 0.875000 0.744985
vt 0.869383 0.745599
vt 0.868750 0.745564
vt 0.870020 0.745616
vt 0.870629 0.745617
vt 0.871194 0.745605
vt 0.871710 0.745588
vt 0.872177 0.745569
vt 0.872599 0.745554
vt 0.875000 0.745549
vt 0.869383 0.746181
vt 0.868750 0.746142
vt 0.870016 0.746196
vt 0.870617 0.746188
vt 0.871168 0.746162
vt 0.871665 0.746126
vt 0.872108 0.746090
vt 0.872503 0.746063
vt 0.875000 0.746052
vt 0.869382 0.746731
vt 0.868750 0.746696
vt 0.870008 0.746735
vt 0.870597 0.746709
vt 0.871131 0.746663
vt 0.871606 0.746604
vt 0.872025 0.746547
vt 0.872395 0.746505
vt 0.875000 0.746488
vt 0.869381 0.747244
vt 0.868750 0.747222
vt 0.869999 0.747228
vt 0.870575 0.747180
vt 0.871094 0.747109
vt 0.871549 0.747025
vt 0.871945 0.746945
vt 0.872288 0.746882
vt 0.875000 0.746856
vt 0.869378 0.747717
vt 0.868750 0.747715
vt 0.869990 0.747677
vt 0.870558 0.747603
vt 0.871065 0.747505
vt 0.871506 0.747396
vt 0.871882 0.747288
vt 0.872197 0.747197
vt 0.875000 0.747155
vt 0.869377 0.750000
vt 0.868750 0.750000
vt 0.869985 0.750000
vt 0.870549 0.750000
vt 0.871052 0.750000
vt 0.871488 0.750000
vt 0.871856 0.750000
vt 0.872155 0.750000
vt 0.875000 0.747358
vt 0.618750 0.005637
vt 0.619369 0.005625
vt 0.619363 0.006250
vt 0.618750 0.005031
vt 0.619372 0.005002
vt 0.618750 0.004436
vt 0.619375 0.004396
vt 0.618750 0.003858
vt 0.619377 0.003817
vt 0.618750 0.003304
vt 0.619377 0.003270
vt 0.618750 0.002778
vt 0.619377 0.002760
vt 0.618750 0.002285
vt 0.619376 0.002288
vt 0.618750 0.000000
vt 0.619377 0.000000
vt 0.619991 0.005619
vt 0.619969 0.006250
vt 0.620002 0.004985
vt 0.620006 0.004374
vt 0.620004 0.003800
vt 0.619999 0.003266
vt 0.619992 0.002776
vt 0.619987 0.002328
vt 0.619985 0.000000
vt 0.620599 0.005617
vt 0.620564 0.006250
vt 0.620616 0.004980
vt 0.620617 0.004371
vt 0.620605 0.003806
vt 0.620587 0.003290
vt 0.620569 0.002823
vt 0.620554 0.002401
vt 0.620549 0.000000
vt 0.621181 0.005617
vt 0.621142 0.006250
vt 0.621196 0.004984
vt 0.621188 0.004383
vt 0.621162 0.003832
vt 0.621126 0.003335
vt 0.621090 0.002892
vt 0.621063 0.002497
vt 0.621052 0.000000
vt 0.621731 0.005618
vt 0.621696 0.006250
vt 0.621735 0.004992
vt 0.621709 0.004403
vt 0.621662 0.003869
vt 0.621604 0.003394
vt 0.621547 0.002975
vt 0.621505 0.002605
vt 0.621488 0.000000
vt 0.622244 0.005619
vt 0.622222 0.006250
vt 0.622228 0.005001
vt 0.622180 0.004425
vt 0.622109 0.003906
vt 0.622025 0.003451
vt 0.621945 0.003055
vt 0.621882 0.002712
vt 0.621856 0.000000
vt 0.622717 0.005622
vt 0.622715 0.006250
vt 0.622677 0.005010
vt 0.622603 0.004442
vt 0.622505 0.003935
vt 0.622395 0.003494
vt 0.622288 0.003118
vt 0.622197 0.002803
vt 0.622155 0.000000
vt 0.625000 0.005623
vt 0.625000 0.006250
vt 0.625000 0.005015
vt 0.625000 0.004451
vt 0.625000 0.003948
vt 0.625000 0.003512
vt 0.625000 0.003144
vt 0.625000 0.002845
vt 0.622358 0.000000
vt 0.131250 0.506250
vt 0.130637 0.506250
vt 0.130625 0.505631
vt 0.131250 0.505637
vt 0.130031 0.506250
vt 0.130002 0.505628
vt 0.129436 0.506250
vt 0.129395 0.505625
vt 0.128858 0.506250
vt 0.128817 0.505623
vt 0.128304 0.506250
vt 0.128270 0.505623
vt 0.127778 0.506250
vt 0.127760 0.505623
vt 0.127285 0.506250
vt 0.127288 0.505624
vt 0.125000 0.506250
vt 0.125000 0.505623
vt 0.130619 0.505009
vt 0.131250 0.505031
vt 0.129985 0.504998
vt 0.129374 0.504994
vt 0.128800 0.504996
vt 0.128266 0.505002
vt 0.127776 0.505008
vt 0.127328 0.505013
vt 0.125000 0.505015
vt 0.130617 0.504401
vt 0.131250 0.504436
vt 0.129980 0.504384
vt 0.129371 0.504383
vt 0.128806 0.504394
vt 0.128290 0.504412
vt 0.127823 0.504431
vt 0.127401 0.504446
vt 0.125000 0.504451
vt 0.130617 0.503819
vt 0.131250 0.503858
vt 0.129984 0.503804
vt 0.129383 0.503812
vt 0.128832 0.503838
vt 0.128335 0.503874
vt 0.127892 0.503910
vt 0.127497 0.503937
vt 0.125000 0.503948
vt 0.130618 0.503269
vt 0.131250 0.503304
vt 0.129992 0.503265
vt 0.129403 0.503291
vt 0.128869 0.503337
vt 0.128394 0.503396
vt 0.127975 0.503453
vt 0.127605 0.503495
vt 0.125000 0.503512
vt 0.130619 0.502756
vt 0.131250 0.502778
vt 0.130001 0.502772
vt 0.129425 0.502820
vt 0.128906 0.502891
vt 0.128451 0.502975
vt 0.128055 0.503055
vt 0.127712 0.503118
vt 0.125000 0.503144
vt 0.130622 0.502283
vt 0.131250 0.502285
vt 0.130010 0.502323
vt 0.129442 0.502397
vt 0.128935 0.502495
vt 0.128494 0.502605
vt 0.128118 0.502712
vt 0.127803 0.502803
vt 0.125000 0.502845
vt 0.130623 0.500000
vt 0.131250 0.500000
vt 0.130015 0.500000
vt 0.129451 0.500000
vt 0.128948 0.500000
vt 0.128512 0.500000
vt 0.128144 0.500000
vt 0.127845 0.500000
vt 0.125000 0.502642
vt 0.381250 0.244363
vt 0.380631 0.244375
vt 0.380637 0.243750
vt 0.381250 0.244969
vt 0.380628 0.244998
vt 0.381250 0.245564
vt 0.380625 0.245604
vt 0.381250 0.246142
vt 0.380623 0.246183
vt 0.381250 0.246696
vt 0.380623 0.246730
vt 0.381250 0.247222
vt 0.380623 0.247240
vt 0.381250 0.247715
vt 0.380624 0.247712
vt 0.381250 0.250000
vt 0.380623 0.250000
vt 0.380009 0.244381
vt 0.380031 0.243750
vt 0.379998 0.245015
vt 0.379994 0.245626
vt 0.379996 0.246200
vt 0.380002 0.246734
vt 0.380008 0.247224
vt 0.380013 0.247672
vt 0.380015 0.250000
vt 0.379401 0.244383
vt 0.379436 0.243750
vt 0.379384 0.245020
vt 0.379383 0.245629
vt 0.379394 0.246194
vt 0.379412 0.246710
vt 0.379431 0.247177
vt 0.379446 0.247599
vt 0.379451 0.250000
vt 0.378819 0.244383
vt 0.378858 0.243750
vt 0.378804 0.245016
vt 0.378812 0.245617
vt 0.378838 0.246168
vt 0.378874 0.246665
vt 0.378910 0.247108
vt 0.378937 0.247503
vt 0.378948 0.250000
vt 0.378269 0.244382
vt 0.378304 0.243750
vt 0.378265 0.245008
vt 0.378291 0.245597
vt 0.378337 0.246131
vt 0.378396 0.246606
vt 0.378453 0.247025
vt 0.378495 0.247395
vt 0.378512 0.250000
vt 0.377756 0.244381
vt 0.377778 0.243750
vt 0.377772 0.244999
vt 0.377820 0.245575
vt 0.377891 0.246094
vt 0.377975 0.246549
vt 0.378055 0.246945
vt 0.378118 0.247288
vt 0.378144 0.250000
vt 0.377283 0.244378
vt 0.377285 0.243750
vt 0.377323 0.244990
vt 0.377397 0.245558
vt 0.377495 0.246065
vt 0.377605 0.246506
vt 0.377712 0.246882
vt 0.377803 0.247197
vt 0.377845 0.250000
vt 0.375000 0.244377
vt 0.375000 0.243750
vt 0.375000 0.244985
vt 0.375000 0.245549
vt 0.375000 0.246052
vt 0.375000 0.246488
vt 0.375000 0.246856
vt 0.375000 0.247155
vt 0.377642 0.250000
vt 0.380637 0.256250
vt 0.380625 0.255631
vt 0.381250 0.255637
vt 0.380031 0.256250
vt 0.380002 0.255628
vt 0.379436 0.256250
vt 0.379396 0.255625
vt 0.378858 0.256250
vt 0.378817 0.255623
vt 0.378304 0.256250
vt 0.378270 0.255623
vt 0.377778 0.256250
vt 0.377760 0.255623
vt 0.377285 0.256250
vt 0.377288 0.255624
vt 0.375000 0.256250
vt 0.375000 0.255623
vt 0.380619 0.255009
vt 0.381250 0.255031
vt 0.379985 0.254998
vt 0.379374 0.254994
vt 0.378800 0.254996
vt 0.378266 0.255002
vt 0.377776 0.255008
vt 0.377328 0.255013
vt 0.375000 0.255015
vt 0.380617 0.254401
vt 0.381250 0.254436
vt 0.379980 0.254384
vt 0.379371 0.254383
vt 0.378806 0.254394
vt 0.378290 0.254412
vt 0.377823 0.254431
vt 0.377401 0.254446
vt 0.375000 0.254451
vt 0.380617 0.253819
vt 0.381250 0.253858
vt 0.379984 0.253804
vt 0.379383 0.253812
vt 0.378832 0.253838
vt 0.378335 0.253874
vt 0.377892 0.253910
vt 0.377497 0.253937
vt 0.375000 0.253948
vt 0.380618 0.253269
vt 0.381250 0.253304
vt 0.379992 0.253265
vt 0.379403 0.253291
vt 0.378869 0.253337
vt 0.378394 0.253396
vt 0.377975 0.253453
vt 0.377605 0.253495
vt 0.375000 0.253512
vt 0.380619 0.252756
vt 0.381250 0.252778
vt 0.380001 0.252772
vt 0.379425 0.252820
vt 0.378906 0.252891
vt 0.378451 0.252975
vt 0.378055 0.253055
vt 0.377712 0.253118
vt 0.375000 0.253144
vt 0.380622 0.252283
vt 0.381250 0.252285
vt 0.380010 0.252323
vt 0.379442 0.252397
vt 0.378935 0.252495
vt 0.378494 0.252605
vt 0.378118 0.252712
vt 0.377803 0.252803
vt 0.375000 0.252845
vt 0.375000 0.252642
vt 0.868750 0.505637
vt 0.869369 0.505625
vt 0.869363 0.506250
vt 0.868750 0.505031
vt 0.869372 0.505002
vt 0.868750 0.504436
vt 0.869375 0.504395
vt 0.868750 0.503858
vt 0.869377 0.503817
vt 0.868750 0.503304
vt 0.869377 0.503270
vt 0.868750 0.502778
vt 0.869377 0.502760
vt 0.868750 0.502285
vt 0.869376 0.502288
vt 0.868750 0.500000
vt 0.869377 0.500000
vt 0.869991 0.505619
vt 0.869969 0.506250
vt 0.870002 0.504985
vt 0.870006 0.504374
vt 0.870004 0.503800
vt 0.869999 0.503266
vt 0.869992 0.502776
vt 0.869987 0.502328
vt 0.869985 0.500000
vt 0.870599 0.505617
vt 0.870564 0.506250
vt 0.870616 0.504980
vt 0.870617 0.504371
vt 0.870605 0.503806
vt 0.870588 0.503290
vt 0.870569 0.502823
vt 0.870554 0.502401
vt 0.870549 0.500000
vt 0.871181 0.505617
vt 0.871142 0.506250
vt 0.871196 0.504984
vt 0.871188 0.504383
vt 0.871162 0.503832
vt 0.871126 0.503335
vt 0.871090 0.502892
vt 0.871063 0.502497
vt 0.871052 0.500000
vt 0.871731 0.505618
vt 0.871696 0.506250
vt 0.871735 0.504992
vt 0.871709 0.504403
vt 0.871663 0.503869
vt 0.871604 0.503394
vt 0.871547 0.502975
vt 0.871505 0.502605
vt 0.871488 0.500000
vt 0.872244 0.505619
vt 0.872222 0.506250
vt 0.872228 0.505001
vt 0.872180 0.504425
vt 0.872109 0.503906
vt 0.872025 0.503451
vt 0.871945 0.503055
vt 0.871882 0.502712
vt 0.871856 0.500000
vt 0.872717 0.505622
vt 0.872715 0.506250
vt 0.872677 0.505010
vt 0.872603 0.504442
vt 0.872505 0.503935
vt 0.872395 0.503494
vt 0.872288 0.503118
vt 0.872197 0.502803
vt 0.872155 0.500000
vt 0.875000 0.505623
vt 0.875000 0.506250
vt 0.875000 0.505015
vt 0.875000 0.504451
vt 0.875000 0.503948
vt 0.875000 0.503512
vt 0.875000 0.503144
vt 0.875000 0.502845
vt 0.872358 0.500000
vt 0.618750 0.255637
vt 0.619369 0.255625
vt 0.619363 0.256250
vt 0.618750 0.255031
vt 0.619372 0.255002
vt 0.618750 0.254436
vt 0.619375 0.254396
vt 0.618750 0.253858
vt 0.619377 0.253817
vt 0.618750 0.253304
vt 0.619377 0.253270
vt 0.618750 0.252778
vt 0.619377 0.252760
vt 0.618750 0.252285
vt 0.619376 0.252288
vt 0.618750 0.250000
vt 0.619377 0.250000
vt 0.619991 0.255619
vt 0.619969 0.256250
vt 0.620002 0.254985
vt 0.620006 0.254374
vt 0.620004 0.253800
vt 0.619999 0.253266
vt 0.619992 0.252776
vt 0.619987 0.252328
vt 0.619985 0.250000
vt 0.620599 0.255617
vt 0.620564 0.256250
vt 0.620616 0.254980
vt 0.620617 0.254371
vt 0.620605 0.253806
vt 0.620587 0.253290
vt 0.620569 0.252823
vt 0.620554 0.252401
vt 0.620549 0.250000
vt 0.621181 0.255617
vt 0.621142 0.256250
vt 0.621196 0.254984
vt 0.621188 0.254383
vt 0.621162 0.253832
vt 0.621126 0.253335
vt 0.621090 0.252892
vt 0.621063 0.252497
vt 0.621052 0.250000
vt 0.621731 0.255618
vt 0.621696 0.256250
vt 0.621735 0.254992
vt 0.621709 0.254403
vt 0.621662 0.253868
vt 0.621604 0.253394
vt 0.621547 0.252975
vt 0.621505 0.252605
vt 0.621488 0.250000
vt 0.622244 0.255619
vt 0.622222 0.256250
vt 0.622228 0.255001
vt 0.622180 0.254425
vt 0.622109 0.253906
vt 0.622025 0.253451
vt 0.621945 0.253055
vt 0.621882 0.252712
vt 0.621856 0.250000
vt 0.622717 0.255622
vt 0.622715 0.256250
vt 0.622677 0.255010
vt 0.622603 0.254442
vt 0.622505 0.253935
vt 0.622395 0.253494
vt 0.622288 0.253118
vt 0.622197 0.252803
vt 0.622155 0.250000
vt 0.625000 0.255623
vt 0.625000 0.256250
vt 0.625000 0.255015
vt 0.625000 0.254451
vt 0.625000 0.253948
vt 0.625000 0.253512
vt 0.625000 0.253144
vt 0.625000 0.252845
vt 0.622358 0.250000
vt 0.619363 0.243750
vt 0.619375 0.244369
vt 0.618750 0.244363
vt 0.619969 0.243750
vt 0.619998 0.244372
vt 0.620564 0.243750
vt 0.620604 0.244375
vt 0.621142 0.243750
vt 0.621183 0.244377
vt 0.621696 0.243750
vt 0.621730 0.244377
vt 0.622222 0.243750
vt 0.622240 0.244377
vt 0.622715 0.243750
vt 0.622712 0.244376
vt 0.625000 0.243750
vt 0.625000 0.244377
vt 0.619381 0.244991
vt 0.618750 0.244969
vt 0.620015 0.245002
vt 0.620626 0.245006
vt 0.621200 0.245004
vt 0.621734 0.244998
vt 0.622224 0.244992
vt 0.622672 0.244987
vt 0.625000 0.244985
vt 0.619383 0.245599
vt 0.618750 0.245564
vt 0.620020 0.245616
vt 0.620629 0.245617
vt 0.621194 0.245605
vt 0.621710 0.245588
vt 0.622177 0.245569
vt 0.622599 0.245554
vt 0.625000 0.245549
vt 0.619383 0.246181
vt 0.618750 0.246142
vt 0.620016 0.246196
vt 0.620617 0.246188
vt 0.621168 0.246162
vt 0.621665 0.246126
vt 0.622108 0.246090
vt 0.622503 0.246063
vt 0.625000 0.246052
vt 0.619382 0.246731
vt 0.618750 0.246696
vt 0.620008 0.246735
vt 0.620597 0.246709
vt 0.621131 0.246663
vt 0.621606 0.246604
vt 0.622025 0.246547
vt 0.622395 0.246505
vt 0.625000 0.246488
vt 0.619381 0.247244
vt 0.618750 0.247222
vt 0.619999 0.247228
vt 0.620575 0.247180
vt 0.621094 0.247109
vt 0.621549 0.247025
vt 0.621945 0.246945
vt 0.622288 0.246882
vt 0.625000 0.246856
vt 0.619378 0.247717
vt 0.618750 0.247715
vt 0.619990 0.247677
vt 0.620558 0.247603
vt 0.621065 0.247505
vt 0.621506 0.247395
vt 0.621882 0.247288
vt 0.622197 0.247197
vt 0.625000 0.247155
vt 0.625000 0.247358
vt 0.368750 0.743750
vt 0.369363 0.743750
vt 0.369375 0.744369
vt 0.368750 0.744363
vt 0.369969 0.743750
vt 0.369998 0.744372
vt 0.370564 0.743750
vt 0.370604 0.744375
vt 0.371142 0.743750
vt 0.371183 0.744377
vt 0.371696 0.743750
vt 0.371730 0.744377
vt 0.372222 0.743750
vt 0.372240 0.744377
vt 0.372715 0.743750
vt 0.372712 0.744376
vt 0.375000 0.743750
vt 0.375000 0.744377
vt 0.369381 0.744991
vt 0.368750 0.744969
vt 0.370015 0.745002
vt 0.370626 0.745006
vt 0.371200 0.745004
vt 0.371734 0.744998
vt 0.372224 0.744992
vt 0.372672 0.744987
vt 0.375000 0.744985
vt 0.369383 0.745599
vt 0.368750 0.745564
vt 0.370020 0.745616
vt 0.370629 0.745617
vt 0.371194 0.745605
vt 0.371710 0.745588
vt 0.372177 0.745569
vt 0.372599 0.745554
vt 0.375000 0.745549
vt 0.369383 0.746181
vt 0.368750 0.746142
vt 0.370016 0.746196
vt 0.370617 0.746188
vt 0.371168 0.746162
vt 0.371665 0.746126
vt 0.372108 0.746090
vt 0.372503 0.746063
vt 0.375000 0.746052
vt 0.369382 0.746731
vt 0.368750 0.746696
vt 0.370008 0.746735
vt 0.370597 0.746709
vt 0.371132 0.746663
vt 0.371606 0.746604
vt 0.372025 0.746547
vt 0.372395 0.746505
vt 0.375000 0.746488
vt 0.369381 0.747244
vt 0.368750 0.747222
vt 0.369999 0.747228
vt 0.370575 0.747180
vt 0.371094 0.747109
vt 0.371549 0.747025
vt 0.371945 0.746945
vt 0.372288 0.746882
vt 0.375000 0.746856
vt 0.369378 0.747717
vt 0.368750 0.747715
vt 0.369990 0.747677
vt 0.370558 0.747603
vt 0.371065 0.747505
vt 0.371506 0.747396
vt 0.371882 0.747288
vt 0.372197 0.747197
vt 0.375000 0.747155
vt 0.369377 0.750000
vt 0.368750 0.750000
vt 0.369985 0.750000
vt 0.370549 0.750000
vt 0.371052 0.750000
vt 0.371488 0.750000
vt 0.371856 0.750000
vt 0.372155 0.750000
vt 0.375881 0.750000
vt 0.381250 0.744363
vt 0.380631 0.744375
vt 0.380637 0.743750
vt 0.381250 0.744969
vt 0.380628 0.744998
vt 0.381250 0.745564
vt 0.380625 0.745604
vt 0.381250 0.746142
vt 0.380623 0.746183
vt 0.381250 0.746696
vt 0.380623 0.746730
vt 0.381250 0.747222
vt 0.380623 0.747240
vt 0.381250 0.747715
vt 0.380624 0.747712
vt 0.381250 0.750000
vt 0.380623 0.750000
vt 0.380009 0.744381
vt 0.380031 0.743750
vt 0.379998 0.745015
vt 0.379994 0.745626
vt 0.379996 0.746200
vt 0.380002 0.746734
vt 0.380008 0.747224
vt 0.380013 0.747672
vt 0.380015 0.750000
vt 0.379401 0.744383
vt 0.379436 0.743750
vt 0.379384 0.745020
vt 0.379383 0.745629
vt 0.379394 0.746194
vt 0.379412 0.746710
vt 0.379431 0.747177
vt 0.379446 0.747599
vt 0.379451 0.750000
vt 0.378819 0.744383
vt 0.378858 0.743750
vt 0.378804 0.745016
vt 0.378812 0.745617
vt 0.378838 0.746168
vt 0.378874 0.746665
vt 0.378910 0.747108
vt 0.378937 0.747503
vt 0.378948 0.750000
vt 0.378269 0.744383
vt 0.378304 0.743750
vt 0.378265 0.745008
vt 0.378291 0.745597
vt 0.378337 0.746131
vt 0.378396 0.746606
vt 0.378453 0.747025
vt 0.378495 0.747395
vt 0.378512 0.750000
vt 0.377756 0.744381
vt 0.377778 0.743750
vt 0.377772 0.744999
vt 0.377820 0.745575
vt 0.377891 0.746094
vt 0.377975 0.746549
vt 0.378055 0.746945
vt 0.378118 0.747288
vt 0.378144 0.750000
vt 0.377283 0.744378
vt 0.377285 0.743750
vt 0.377323 0.744990
vt 0.377397 0.745558
vt 0.377495 0.746065
vt 0.377605 0.746506
vt 0.377712 0.746883
vt 0.377803 0.747197
vt 0.377845 0.750000
vt 0.375000 0.744985
vt 0.375000 0.746052
vt 0.380637 0.756250
vt 0.380625 0.755631
vt 0.381250 0.755637
vt 0.380031 0.756250
vt 0.380002 0.755628
vt 0.379436 0.756250
vt 0.379396 0.755625
vt 0.378858 0.756250
vt 0.378817 0.755623
vt 0.378304 0.756250
vt 0.378270 0.755623
vt 0.377778 0.756250
vt 0.377760 0.755623
vt 0.377285 0.756250
vt 0.377288 0.755624
vt 0.375000 0.756250
vt 0.375000 0.755623
vt 0.380619 0.755009
vt 0.381250 0.755031
vt 0.379985 0.754998
vt 0.379374 0.754994
vt 0.378800 0.754996
vt 0.378266 0.755002
vt 0.377776 0.755008
vt 0.377328 0.755013
vt 0.375000 0.755015
vt 0.380617 0.754401
vt 0.381250 0.754436
vt 0.379980 0.754384
vt 0.379371 0.754383
vt 0.378806 0.754394
vt 0.378290 0.754412
vt 0.377823 0.754431
vt 0.377401 0.754446
vt 0.375000 0.754451
vt 0.380617 0.753819
vt 0.381250 0.753858
vt 0.379984 0.753804
vt 0.379383 0.753812
vt 0.378832 0.753838
vt 0.378335 0.753874
vt 0.377892 0.753910
vt 0.377497 0.753937
vt 0.375000 0.753948
vt 0.380618 0.753269
vt 0.381250 0.753304
vt 0.379992 0.753265
vt 0.379403 0.753291
vt 0.378869 0.753337
vt 0.378394 0.753396
vt 0.377975 0.753453
vt 0.377605 0.753495
vt 0.375000 0.753512
vt 0.380619 0.752756
vt 0.381250 0.752778
vt 0.380001 0.752772
vt 0.379425 0.752820
vt 0.378906 0.752891
vt 0.378451 0.752975
vt 0.378055 0.753055
vt 0.377712 0.753118
vt 0.375000 0.753144
vt 0.380622 0.752283
vt 0.381250 0.752285
vt 0.380010 0.752323
vt 0.379442 0.752397
vt 0.378935 0.752495
vt 0.378494 0.752605
vt 0.378118 0.752712
vt 0.377803 0.752803
vt 0.375000 0.752845
vt 0.631250 0.744363
vt 0.630631 0.744375
vt 0.630637 0.743750
vt 0.631250 0.744969
vt 0.630628 0.744998
vt 0.631250 0.745564
vt 0.630625 0.745604
vt 0.631250 0.746142
vt 0.630623 0.746183
vt 0.631250 0.746696
vt 0.630623 0.746730
vt 0.631250 0.747222
vt 0.630623 0.747240
vt 0.631250 0.747715
vt 0.630623 0.747712
vt 0.631250 0.750000
vt 0.630623 0.750000
vt 0.630009 0.744381
vt 0.630031 0.743750
vt 0.629998 0.745015
vt 0.629994 0.745626
vt 0.629996 0.746200
vt 0.630002 0.746734
vt 0.630008 0.747224
vt 0.630013 0.747672
vt 0.630015 0.750000
vt 0.629401 0.744383
vt 0.629436 0.743750
vt 0.629384 0.745020
vt 0.629383 0.745629
vt 0.629394 0.746194
vt 0.629412 0.746710
vt 0.629431 0.747177
vt 0.629446 0.747599
vt 0.629451 0.750000
vt 0.628819 0.744383
vt 0.628858 0.743750
vt 0.628804 0.745016
vt 0.628812 0.745617
vt 0.628838 0.746168
vt 0.628874 0.746665
vt 0.628910 0.747108
vt 0.628937 0.747503
vt 0.628948 0.750000
vt 0.628269 0.744383
vt 0.628304 0.743750
vt 0.628265 0.745008
vt 0.628291 0.745597
vt 0.628337 0.746131
vt 0.628396 0.746606
vt 0.628453 0.747025
vt 0.628495 0.747395
vt 0.628512 0.750000
vt 0.627756 0.744381
vt 0.627778 0.743750
vt 0.627772 0.744999
vt 0.627820 0.745575
vt 0.627891 0.746094
vt 0.627975 0.746549
vt 0.628055 0.746945
vt 0.628118 0.747288
vt 0.628144 0.750000
vt 0.627283 0.744378
vt 0.627285 0.743750
vt 0.627323 0.744990
vt 0.627397 0.745558
vt 0.627495 0.746065
vt 0.627605 0.746506
vt 0.627712 0.746883
vt 0.627803 0.747197
vt 0.627845 0.750000
vt 0.625000 0.744377
vt 0.625000 0.743750
vt 0.625000 0.744985
vt 0.625000 0.745549
vt 0.625000 0.746052
vt 0.625000 0.746488
vt 0.625000 0.746856
vt 0.625000 0.747155
vt 0.625000 0.749119
vt 0.618750 0.755637
vt 0.619369 0.755625
vt 0.619363 0.756250
vt 0.618750 0.755031
vt 0.619372 0.755002
vt 0.618750 0.754436
vt 0.619375 0.754395
vt 0.618750 0.753858
vt 0.619377 0.753817
vt 0.618750 0.753304
vt 0.619377 0.753270
vt 0.618750 0.752778
vt 0.619377 0.752760
vt 0.618750 0.752285
vt 0.619376 0.752288
vt 0.618750 0.750000
vt 0.619377 0.750000
vt 0.619991 0.755619
vt 0.619969 0.756250
vt 0.620002 0.754985
vt 0.620006 0.754374
vt 0.620004 0.753800
vt 0.619999 0.753266
vt 0.619992 0.752776
vt 0.619987 0.752328
vt 0.619985 0.750000
vt 0.620599 0.755617
vt 0.620564 0.756250
vt 0.620616 0.754980
vt 0.620617 0.754371
vt 0.620605 0.753806
vt 0.620587 0.753290
vt 0.620569 0.752823
vt 0.620554 0.752401
vt 0.620549 0.750000
vt 0.621181 0.755617
vt 0.621142 0.756250
vt 0.621196 0.754984
vt 0.621188 0.754383
vt 0.621162 0.753832
vt 0.621126 0.753335
vt 0.621090 0.752892
vt 0.621063 0.752497
vt 0.621052 0.750000
vt 0.621731 0.755618
vt 0.621696 0.756250
vt 0.621735 0.754992
vt 0.621709 0.754403
vt 0.621662 0.753868
vt 0.621604 0.753394
vt 0.621547 0.752975
vt 0.621505 0.752605
vt 0.621488 0.750000
vt 0.622244 0.755619
vt 0.622222 0.756250
vt 0.622228 0.755001
vt 0.622180 0.754425
vt 0.622109 0.753906
vt 0.622025 0.753451
vt 0.621945 0.753055
vt 0.621882 0.752712
vt 0.621856 0.750000
vt 0.622717 0.755622
vt 0.622715 0.756250
vt 0.622677 0.755010
vt 0.622603 0.754442
vt 0.622505 0.753935
vt 0.622395 0.753494
vt 0.622288 0.753118
vt 0.622197 0.752803
vt 0.622155 0.750000
vt 0.625000 0.755623
vt 0.625000 0.756250
vt 0.625000 0.755015
vt 0.625000 0.754451
vt 0.625000 0.753948
vt 0.625000 0.753512
vt 0.625000 0.753144
vt 0.625000 0.752845
vt 0.619363 0.743750
vt 0.619375 0.744369
vt 0.618750 0.744363
vt 0.619969 0.743750
vt 0.619998 0.744372
vt 0.620564 0.743750
vt 0.620604 0.744375
vt 0.621142 0.743750
vt 0.621183 0.744377
vt 0.621696 0.743750
vt 0.621730 0.744377
vt 0.622222 0.743750
vt 0.622240 0.744377
vt 0.622715 0.743750
vt 0.622712 0.744376
vt 0.619381 0.744991
vt 0.618750 0.744969
vt 0.620015 0.745002
vt 0.620626 0.745006
vt 0.621200 0.745004
vt 0.621734 0.744998
vt 0.622224 0.744992
vt 0.622672 0.744987
vt 0.619383 0.745599
vt 0.618750 0.745564
vt 0.620020 0.745616
vt 0.620629 0.745617
vt 0.621194 0.745605
vt 0.621710 0.745588
vt 0.622177 0.745569
vt 0.622599 0.745554
vt 0.619383 0.746181
vt 0.618750 0.746142
vt 0.620016 0.746196
vt 0.620617 0.746188
vt 0.621168 0.746162
vt 0.621665 0.746126
vt 0.622108 0.746090
vt 0.622503 0.746063
vt 0.619382 0.746731
vt 0.618750 0.746696
vt 0.620008 0.746735
vt 0.620597 0.746709
vt 0.621131 0.746663
vt 0.621606 0.746604
vt 0.622025 0.746547
vt 0.622395 0.746505
vt 0.619381 0.747244
vt 0.618750 0.747222
vt 0.619999 0.747228
vt 0.620575 0.747180
vt 0.621094 0.747109
vt 0.621549 0.747025
vt 0.621945 0.746945
vt 0.622288 0.746882
vt 0.619378 0.747717
vt 0.618750 0.747715
vt 0.619990 0.747677
vt 0.620558 0.747603
vt 0.621065 0.747505
vt 0.621506 0.747396
vt 0.621882 0.747288
vt 0.622197 0.747197
vt 0.619985 0.750000
vt 0.368750 0.506250
vt 0.368750 0.505637
vt 0.369369 0.505625
vt 0.369363 0.506250
vt 0.368750 0.505031
vt 0.369372 0.505002
vt 0.368750 0.504436
vt 0.369375 0.504395
vt 0.368750 0.503858
vt 0.369377 0.503817
vt 0.368750 0.503304
vt 0.369377 0.503270
vt 0.368750 0.502778
vt 0.369377 0.502760
vt 0.368750 0.502285
vt 0.369376 0.502288
vt 0.368750 0.500000
vt 0.369377 0.500000
vt 0.369991 0.505619
vt 0.369969 0.506250
vt 0.370002 0.504985
vt 0.370006 0.504374
vt 0.370004 0.503800
vt 0.369998 0.503266
vt 0.369992 0.502776
vt 0.369987 0.502328
vt 0.369985 0.500000
vt 0.370599 0.505617
vt 0.370564 0.506250
vt 0.370616 0.504980
vt 0.370617 0.504371
vt 0.370606 0.503806
vt 0.370588 0.503290
vt 0.370569 0.502823
vt 0.370554 0.502401
vt 0.370549 0.500000
vt 0.371181 0.505617
vt 0.371142 0.506250
vt 0.371196 0.504984
vt 0.371187 0.504383
vt 0.371162 0.503832
vt 0.371126 0.503335
vt 0.371090 0.502892
vt 0.371063 0.502497
vt 0.371052 0.500000
vt 0.371731 0.505618
vt 0.371696 0.506250
vt 0.371735 0.504992
vt 0.371709 0.504403
vt 0.371663 0.503869
vt 0.371604 0.503394
vt 0.371547 0.502975
vt 0.371505 0.502605
vt 0.371488 0.500000
vt 0.372244 0.505619
vt 0.372222 0.506250
vt 0.372228 0.505001
vt 0.372180 0.504425
vt 0.372109 0.503906
vt 0.372025 0.503451
vt 0.371945 0.503055
vt 0.371882 0.502712
vt 0.371856 0.500000
vt 0.372717 0.505622
vt 0.372715 0.506250
vt 0.372677 0.505010
vt 0.372603 0.504442
vt 0.372505 0.503935
vt 0.372395 0.503494
vt 0.372288 0.503118
vt 0.372197 0.502803
vt 0.372155 0.500000
vt 0.375000 0.505623
vt 0.375000 0.506250
vt 0.375000 0.505015
vt 0.375000 0.504451
vt 0.375000 0.503948
vt 0.375000 0.503512
vt 0.375000 0.503144
vt 0.375000 0.502845
vt 0.375000 0.500881
vt 0.381250 0.494363
vt 0.380631 0.494375
vt 0.380637 0.493750
vt 0.381250 0.494969
vt 0.380628 0.494998
vt 0.381250 0.495564
vt 0.380625 0.495604
vt 0.381250 0.496142
vt 0.380623 0.496183
vt 0.381250 0.496696
vt 0.380623 0.496730
vt 0.381250 0.497222
vt 0.380623 0.497240
vt 0.381250 0.497715
vt 0.380624 0.497712
vt 0.381250 0.500000
vt 0.380623 0.500000
vt 0.380009 0.494381
vt 0.380031 0.493750
vt 0.379998 0.495015
vt 0.379994 0.495626
vt 0.379996 0.496200
vt 0.380002 0.496734
vt 0.380008 0.497224
vt 0.380013 0.497672
vt 0.380015 0.500000
vt 0.379401 0.494383
vt 0.379436 0.493750
vt 0.379384 0.495020
vt 0.379383 0.495629
vt 0.379394 0.496194
vt 0.379412 0.496710
vt 0.379431 0.497177
vt 0.379446 0.497599
vt 0.379451 0.500000
vt 0.378819 0.494383
vt 0.378858 0.493750
vt 0.378804 0.495016
vt 0.378812 0.495617
vt 0.378838 0.496168
vt 0.378874 0.496665
vt 0.378910 0.497108
vt 0.378937 0.497503
vt 0.378948 0.500000
vt 0.378269 0.494382
vt 0.378304 0.493750
vt 0.378265 0.495008
vt 0.378291 0.495597
vt 0.378337 0.496131
vt 0.378396 0.496606
vt 0.378453 0.497025
vt 0.378495 0.497395
vt 0.378512 0.500000
vt 0.377756 0.494381
vt 0.377778 0.493750
vt 0.377772 0.494999
vt 0.377820 0.495575
vt 0.377891 0.496094
vt 0.377975 0.496549
vt 0.378055 0.496945
vt 0.378118 0.497288
vt 0.378144 0.500000
vt 0.377283 0.494378
vt 0.377285 0.493750
vt 0.377323 0.494990
vt 0.377397 0.495558
vt 0.377495 0.496065
vt 0.377605 0.496506
vt 0.377712 0.496882
vt 0.377803 0.497197
vt 0.377845 0.500000
vt 0.375000 0.494377
vt 0.375000 0.493750
vt 0.375000 0.494985
vt 0.375000 0.495549
vt 0.375000 0.496052
vt 0.375000 0.496488
vt 0.375000 0.496856
vt 0.375000 0.497155
vt 0.380637 0.506250
vt 0.380625 0.505631
vt 0.381250 0.505637
vt 0.380031 0.506250
vt 0.380002 0.505628
vt 0.379436 0.506250
vt 0.379396 0.505625
vt 0.378858 0.506250
vt 0.378817 0.505623
vt 0.378304 0.506250
vt 0.378270 0.505623
vt 0.377778 0.506250
vt 0.377760 0.505623
vt 0.377285 0.506250
vt 0.377288 0.505624
vt 0.380619 0.505009
vt 0.381250 0.505031
vt 0.379985 0.504998
vt 0.379374 0.504994
vt 0.378800 0.504996
vt 0.378266 0.505002
vt 0.377776 0.505008
vt 0.377328 0.505013
vt 0.380617 0.504401
vt 0.381250 0.504436
vt 0.379980 0.504384
vt 0.379371 0.504383
vt 0.378806 0.504394
vt 0.378290 0.504412
vt 0.377823 0.504431
vt 0.377401 0.504446
vt 0.380617 0.503819
vt 0.381250 0.503858
vt 0.379984 0.503804
vt 0.379383 0.503812
vt 0.378832 0.503838
vt 0.378335 0.503874
vt 0.377892 0.503910
vt 0.377497 0.503937
vt 0.380618 0.503269
vt 0.381250 0.503304
vt 0.379992 0.503265
vt 0.379403 0.503291
vt 0.378869 0.503337
vt 0.378394 0.503396
vt 0.377975 0.503453
vt 0.377605 0.503495
vt 0.380619 0.502756
vt 0.381250 0.502778
vt 0.380001 0.502772
vt 0.379425 0.502820
vt 0.378906 0.502891
vt 0.378451 0.502975
vt 0.378055 0.503055
vt 0.377712 0.503118
vt 0.380622 0.502283
vt 0.381250 0.502285
vt 0.380010 0.502323
vt 0.379442 0.502397
vt 0.378935 0.502495
vt 0.378494 0.502605
vt 0.378118 0.502712
vt 0.377803 0.502803
vt 0.630637 0.506250
vt 0.630625 0.505631
vt 0.631250 0.505637
vt 0.630031 0.506250
vt 0.630002 0.505628
vt 0.629436 0.506250
vt 0.629395 0.505625
vt 0.628858 0.506250
vt 0.628817 0.505623
vt 0.628304 0.506250
vt 0.628270 0.505623
vt 0.627778 0.506250
vt 0.627760 0.505623
vt 0.627285 0.506250
vt 0.627288 0.505624
vt 0.625000 0.506250
vt 0.625000 0.505623
vt 0.630619 0.505009
vt 0.631250 0.505031
vt 0.629985 0.504998
vt 0.629374 0.504994
vt 0.628800 0.504996
vt 0.628266 0.505002
vt 0.627776 0.505008
vt 0.627328 0.505013
vt 0.625000 0.505015
vt 0.630617 0.504401
vt 0.631250 0.504436
vt 0.629980 0.504384
vt 0.629371 0.504383
vt 0.628806 0.504394
vt 0.628290 0.504412
vt 0.627823 0.504431
vt 0.627401 0.504446
vt 0.625000 0.504451
vt 0.630617 0.503819
vt 0.631250 0.503858
vt 0.629984 0.503804
vt 0.629383 0.503812
vt 0.628832 0.503838
vt 0.628335 0.503874
vt 0.627892 0.503910
vt 0.627497 0.503937
vt 0.625000 0.503948
vt 0.630618 0.503269
vt 0.631250 0.503304
vt 0.629992 0.503265
vt 0.629403 0.503291
vt 0.628869 0.503337
vt 0.628394 0.503396
vt 0.627975 0.503453
vt 0.627605 0.503495
vt 0.625000 0.503512
vt 0.630619 0.502756
vt 0.631250 0.502778
vt 0.630001 0.502772
vt 0.629425 0.502820
vt 0.628906 0.502891
vt 0.628451 0.502975
vt 0.628055 0.503055
vt 0.627712 0.503118
vt 0.625000 0.503144
vt 0.630622 0.502283
vt 0.631250 0.502285
vt 0.630010 0.502323
vt 0.629442 0.502397
vt 0.628935 0.502495
vt 0.628494 0.502605
vt 0.628118 0.502712
vt 0.627803 0.502803
vt 0.625000 0.502845
vt 0.630623 0.500000
vt 0.631250 0.500000
vt 0.630015 0.500000
vt 0.629451 0.500000
vt 0.628948 0.500000
vt 0.628512 0.500000
vt 0.628144 0.500000
vt 0.627845 0.500000
vt 0.624120 0.500000
vt 0.618750 0.505637
vt 0.619369 0.505625
vt 0.619363 0.506250
vt 0.618750 0.505031
vt 0.619372 0.505002
vt 0.618750 0.504436
vt 0.619375 0.504395
vt 0.618750 0.503858
vt 0.619377 0.503817
vt 0.618750 0.503304
vt 0.619377 0.503270
vt 0.618750 0.502778
vt 0.619377 0.502760
vt 0.618750 0.502285
vt 0.619376 0.502288
vt 0.618750 0.500000
vt 0.619377 0.500000
vt 0.619991 0.505619
vt 0.619969 0.506250
vt 0.620002 0.504985
vt 0.620006 0.504374
vt 0.620004 0.503800
vt 0.619999 0.503266
vt 0.619992 0.502776
vt 0.619987 0.502328
vt 0.619985 0.500000
vt 0.620599 0.505617
vt 0.620564 0.506250
vt 0.620616 0.504980
vt 0.620617 0.504371
vt 0.620605 0.503806
vt 0.620587 0.503290
vt 0.620569 0.502823
vt 0.620554 0.502401
vt 0.620549 0.500000
vt 0.621181 0.505617
vt 0.621142 0.506250
vt 0.621196 0.504984
vt 0.621188 0.504383
vt 0.621162 0.503832
vt 0.621126 0.503335
vt 0.621090 0.502892
vt 0.621063 0.502497
vt 0.621052 0.500000
vt 0.621731 0.505618
vt 0.621696 0.506250
vt 0.621735 0.504992
vt 0.621709 0.504403
vt 0.621662 0.503869
vt 0.621604 0.503394
vt 0.621547 0.502975
vt 0.621505 0.502605
vt 0.621488 0.500000
vt 0.622244 0.505619
vt 0.622222 0.506250
vt 0.622228 0.505001
vt 0.622180 0.504425
vt 0.622109 0.503906
vt 0.622025 0.503451
vt 0.621945 0.503055
vt 0.621882 0.502712
vt 0.621856 0.500000
vt 0.622717 0.505622
vt 0.622715 0.506250
vt 0.622677 0.505010
vt 0.622603 0.504442
vt 0.622505 0.503935
vt 0.622395 0.503494
vt 0.622288 0.503118
vt 0.622197 0.502803
vt 0.622155 0.500000
vt 0.625000 0.503512
vt 0.619363 0.493750
vt 0.619375 0.494369
vt 0.618750 0.494363
vt 0.619969 0.493750
vt 0.619998 0.494372
vt 0.620564 0.493750
vt 0.620604 0.494375
vt 0.621142 0.493750
vt 0.621183 0.494377
vt 0.621696 0.493750
vt 0.621730 0.494377
vt 0.622222 0.493750
vt 0.622240 0.494377
vt 0.622715 0.493750
vt 0.622712 0.494376
vt 0.625000 0.493750
vt 0.625000 0.494377
vt 0.619381 0.494991
vt 0.618750 0.494969
vt 0.620015 0.495002
vt 0.620626 0.495006
vt 0.621200 0.495004
vt 0.621734 0.494998
vt 0.622224 0.494992
vt 0.622672 0.494987
vt 0.625000 0.494985
vt 0.619383 0.495599
vt 0.618750 0.495564
vt 0.620020 0.495616
vt 0.620629 0.495617
vt 0.621194 0.495605
vt 0.621710 0.495587
vt 0.622177 0.495569
vt 0.622599 0.495554
vt 0.625000 0.495549
vt 0.619383 0.496181
vt 0.618750 0.496142
vt 0.620016 0.496196
vt 0.620617 0.496188
vt 0.621168 0.496162
vt 0.621665 0.496126
vt 0.622108 0.496090
vt 0.622503 0.496063
vt 0.625000 0.496052
vt 0.619382 0.496731
vt 0.618750 0.496696
vt 0.620008 0.496735
vt 0.620597 0.496709
vt 0.621131 0.496663
vt 0.621606 0.496604
vt 0.622025 0.496547
vt 0.622395 0.496505
vt 0.625000 0.496488
vt 0.619381 0.497244
vt 0.618750 0.497222
vt 0.619999 0.497228
vt 0.620575 0.497180
vt 0.621094 0.497109
vt 0.621549 0.497025
vt 0.621945 0.496945
vt 0.622288 0.496882
vt 0.625000 0.496856
vt 0.619378 0.497717
vt 0.618750 0.497715
vt 0.619990 0.497677
vt 0.620558 0.497603
vt 0.621065 0.497505
vt 0.621506 0.497395
vt 0.621882 0.497288
vt 0.622197 0.497197
vt 0.625000 0.497155
s 0
usemtl Material.001
f 871/1/1 1087/2/1 218/3/1 2/4/1
f 1305/5/2 1521/6/2 1088/7/2 870/8/2
f 1520/9/3 652/10/3 219/11/3 1086/12/3
f 3/13/4 220/14/4 654/15/4 436/16/4
f 437/17/5 653/18/5 1522/19/5 1304/20/5
f 1/21/6 4/22/6 13/23/6 12/24/6
f 4/22/7 5/25/7 14/26/7 13/23/7
f 5/25/8 6/27/8 15/28/8 14/26/8
f 6/27/9 7/29/9 16/30/9 15/28/9
f 7/29/10 8/31/10 17/32/10 16/30/10
f 8/31/11 9/33/11 18/34/11 17/32/11
f 9/33/12 10/35/12 19/36/12 18/34/12
f 10/35/13 11/37/13 20/38/13 19/36/13
f 12/24/14 13/23/14 22/39/14 21/40/14
f 13/23/15 14/26/15 23/41/15 22/39/15
f 14/26/16 15/28/16 24/42/16 23/41/16
f 15/28/17 16/30/17 25/43/17 24/42/17
f 16/30/18 17/32/18 26/44/18 25/43/18
f 17/32/19 18/34/19 27/45/19 26/44/19
f 18/34/20 19/36/20 28/46/20 27/45/20
f 19/36/21 20/38/21 29/47/21 28/46/21
f 21/40/22 22/39/22 31/48/22 30/49/22
f 22/39/23 23/41/23 32/50/23 31/48/23
f 23/41/24 24/42/24 33/51/24 32/50/24
f 24/42/25 25/43/25 34/52/25 33/51/25
f 25/43/26 26/44/26 35/53/26 34/52/26
f 26/44/27 27/45/27 36/54/27 35/53/27
f 27/45/28 28/46/28 37/55/28 36/54/28
f 28/46/29 29/47/29 38/56/29 37/55/29
f 30/49/30 31/48/30 40/57/30 39/58/30
f 31/48/31 32/50/31 41/59/31 40/57/31
f 32/50/32 33/51/32 42/60/32 41/59/32
f 33/51/33 34/52/33 43/61/33 42/60/33
f 34/52/34 35/53/34 44/62/34 43/61/34
f 35/53/35 36/54/35 45/63/35 44/62/35
f 36/54/36 37/55/36 46/64/36 45/63/36
f 37/55/37 38/56/37 47/65/37 46/64/37
f 39/58/38 40/57/38 49/66/38 48/67/38
f 40/57/39 41/59/39 50/68/39 49/66/39
f 41/59/40 42/60/40 51/69/40 50/68/40
f 42/60/41 43/61/41 52/70/41 51/69/41
f 43/61/42 44/62/42 53/71/42 52/70/42
f 44/62/43 45/63/43 54/72/43 53/71/43
f 45/63/44 46/64/44 55/73/44 54/72/44
f 46/64/45 47/65/45 56/74/45 55/73/45
f 48/67/46 49/66/46 58/75/46 57/76/46
f 49/66/47 50/68/47 59/77/47 58/75/47
f 50/68/48 51/69/48 60/78/48 59/77/48
f 51/69/49 52/70/49 61/79/49 60/78/49
f 52/70/50 53/71/50 62/80/50 61/79/50
f 53/71/51 54/72/51 63/81/51 62/80/51
f 54/72/52 55/73/52 64/82/52 63/81/52
f 55/73/53 56/74/53 65/83/53 64/82/53
f 57/76/54 58/75/54 67/84/54 66/85/54
f 58/75/55 59/77/55 68/86/55 67/84/55
f 59/77/56 60/78/56 69/87/56 68/86/56
f 60/78/57 61/79/57 70/88/57 69/87/57
f 61/79/58 62/80/58 71/89/58 70/88/58
f 62/80/59 63/81/59 72/90/59 71/89/59
f 63/81/60 64/82/60 73/91/60 72/90/60
f 64/82/61 65/83/61 74/92/61 73/91/61
f 66/85/62 67/84/62 163/93/62 154/94/62
f 67/84/63 68/86/63 172/95/63 163/93/63
f 68/86/64 69/87/64 181/96/64 172/95/64
f 69/87/65 70/88/65 190/97/65 181/96/65
f 70/88/66 71/89/66 199/98/66 190/97/66
f 71/89/67 72/90/67 208/99/67 199/98/67
f 72/90/68 73/91/68 217/100/68 208/99/68
f 73/91/69 74/92/69 75/101/69 217/100/69
f 2/4/70 76/102/70 85/103/70 84/104/70
f 76/102/71 77/105/71 86/106/71 85/103/71
f 77/105/72 78/107/72 87/108/72 86/106/72
f 78/107/73 79/109/73 88/110/73 87/108/73
f 79/109/74 80/111/74 89/112/74 88/110/74
f 80/111/75 81/113/75 90/114/75 89/112/75
f 81/113/76 82/115/76 91/116/76 90/114/76
f 82/115/77 83/117/77 92/118/77 91/116/77
f 84/104/78 85/103/78 94/119/78 93/120/78
f 85/103/79 86/106/79 95/121/79 94/119/79
f 86/106/80 87/108/80 96/122/80 95/121/80
f 87/108/81 88/110/81 97/123/81 96/122/81
f 88/110/82 89/112/82 98/124/82 97/123/82
f 89/112/83 90/114/83 99/125/83 98/124/83
f 90/114/84 91/116/84 100/126/84 99/125/84
f 91/116/85 92/118/85 101/127/85 100/126/85
f 93/120/86 94/119/86 103/128/86 102/129/86
f 94/119/87 95/121/87 104/130/87 103/128/87
f 95/121/88 96/122/88 105/131/88 104/130/88
f 96/122/89 97/123/89 106/132/89 105/131/89
f 97/123/90 98/124/90 107/133/90 106/132/90
f 98/124/91 99/125/91 108/134/91 107/133/91
f 99/125/92 100/126/92 109/135/92 108/134/92
f 100/126/93 101/127/93 110/136/93 109/135/93
f 102/129/94 103/128/94 112/137/94 111/138/94
f 103/128/95 104/130/95 113/139/95 112/137/95
f 104/130/96 105/131/96 114/140/96 113/139/96
f 105/131/97 106/132/97 115/141/97 114/140/97
f 106/132/98 107/133/98 116/142/98 115/141/98
f 107/133/99 108/134/99 117/143/99 116/142/99
f 108/134/100 109/135/100 118/144/100 117/143/100
f 109/135/101 110/136/101 119/145/101 118/144/101
f 111/138/102 112/137/102 121/146/102 120/147/102
f 112/137/103 113/139/103 122/148/103 121/146/103
f 113/139/104 114/140/104 123/149/104 122/148/104
f 114/140/105 115/141/105 124/150/105 123/149/105
f 115/141/106 116/142/106 125/151/106 124/150/106
f 116/142/107 117/143/107 126/152/107 125/151/107
f 117/143/108 118/144/108 127/153/108 126/152/108
f 118/144/109 119/145/109 128/154/109 127/153/109
f 120/147/110 121/146/110 130/155/110 129/156/110
f 121/146/111 122/148/111 131/157/111 130/155/111
f 122/148/112 123/149/112 132/158/112 131/157/112
f 123/149/113 124/150/113 133/159/113 132/158/113
f 124/150/114 125/151/114 134/160/114 133/159/114
f 125/151/115 126/152/115 135/161/115 134/160/115
f 126/152/116 127/153/116 136/162/116 135/161/116
f 127/153/117 128/154/117 137/163/117 136/162/117
f 129/156/118 130/155/118 139/164/118 138/165/118
f 130/155/119 131/157/119 140/166/119 139/164/119
f 131/157/120 132/158/120 141/167/120 140/166/120
f 132/158/121 133/159/121 142/168/121 141/167/121
f 133/159/122 134/160/122 143/169/122 142/168/122
f 134/160/123 135/161/123 144/170/123 143/169/123
f 135/161/124 136/162/124 145/171/124 144/170/124
f 136/162/125 137/163/125 146/172/125 145/171/125
f 138/165/126 139/164/126 20/173/126 11/174/126
f 139/164/127 140/166/127 29/175/127 20/173/127
f 140/166/128 141/167/128 38/176/128 29/175/128
f 141/167/129 142/168/129 47/177/129 38/176/129
f 142/168/130 143/169/130 56/178/130 47/177/130
f 143/169/131 144/170/131 65/179/131 56/178/131
f 144/170/132 145/171/132 74/180/132 65/179/132
f 145/171/133 146/172/133 75/181/133 74/180/133
f 3/13/134 147/182/134 156/183/134 155/184/134
f 147/182/135 148/185/135 157/186/135 156/183/135
f 148/185/136 149/187/136 158/188/136 157/186/136
f 149/187/137 150/189/137 159/190/137 158/188/137
f 150/189/138 151/191/138 160/192/138 159/190/138
f 151/191/139 152/193/139 161/194/139 160/192/139
f 152/193/140 153/195/140 162/196/140 161/194/140
f 153/195/141 154/197/141 163/198/141 162/196/141
f 155/184/142 156/183/142 165/199/142 164/200/142
f 156/183/143 157/186/143 166/201/143 165/199/143
f 157/186/144 158/188/144 167/202/144 166/201/144
f 158/188/145 159/190/145 168/203/145 167/202/145
f 159/190/146 160/192/146 169/204/146 168/203/146
f 160/192/147 161/194/147 170/205/147 169/204/147
f 161/194/148 162/196/148 171/206/148 170/205/148
f 162/196/149 163/198/149 172/207/149 171/206/149
f 164/200/150 165/199/150 174/208/150 173/209/150
f 165/199/151 166/201/151 175/210/151 174/208/151
f 166/201/152 167/202/152 176/211/152 175/210/152
f 167/202/153 168/203/153 177/212/153 176/211/153
f 168/203/154 169/204/154 178/213/154 177/212/154
f 169/204/155 170/205/155 179/214/155 178/213/155
f 170/205/156 171/206/156 180/215/156 179/214/156
f 171/206/157 172/207/157 181/216/157 180/215/157
f 173/209/158 174/208/158 183/217/158 182/218/158
f 174/208/159 175/210/159 184/219/159 183/217/159
f 175/210/160 176/211/160 185/220/160 184/219/160
f 176/211/161 177/212/161 186/221/161 185/220/161
f 177/212/162 178/213/162 187/222/162 186/221/162
f 178/213/163 179/214/163 188/223/163 187/222/163
f 179/214/164 180/215/164 189/224/164 188/223/164
f 180/215/165 181/216/165 190/225/165 189/224/165
f 182/218/166 183/217/166 192/226/166 191/227/166
f 183/217/167 184/219/167 193/228/167 192/226/167
f 184/219/168 185/220/168 194/229/168 193/228/168
f 185/220/169 186/221/169 195/230/169 194/229/169
f 186/221/170 187/222/170 196/231/170 195/230/170
f 187/222/171 188/223/171 197/232/171 196/231/171
f 188/223/172 189/224/172 198/233/172 197/232/172
f 189/224/173 190/225/173 199/234/173 198/233/173
f 191/227/174 192/226/174 201/235/174 200/236/174
f 192/226/175 193/228/175 202/237/175 201/235/175
f 193/228/176 194/229/176 203/238/176 202/237/176
f 194/229/177 195/230/177 204/239/177 203/238/177
f 195/230/178 196/231/178 205/240/178 204/239/178
f 196/231/179 197/232/179 206/241/179 205/240/179
f 197/232/180 198/233/180 207/242/180 206/241/180
f 198/233/181 199/234/181 208/243/181 207/242/181
f 200/236/182 201/235/182 210/244/182 209/245/182
f 201/235/183 202/237/183 211/246/183 210/244/183
f 202/237/184 203/238/184 212/247/184 211/246/184
f 203/238/185 204/239/185 213/248/185 212/247/185
f 204/239/186 205/240/186 214/249/186 213/248/186
f 205/240/187 206/241/187 215/250/187 214/249/187
f 206/241/188 207/242/188 216/251/188 215/250/188
f 207/242/189 208/243/189 217/252/189 216/251/189
f 209/245/190 210/244/190 92/253/190 83/254/190
f 210/244/191 211/246/191 101/255/191 92/253/191
f 211/246/192 212/247/192 110/256/192 101/255/192
f 212/247/193 213/248/193 119/257/193 110/256/193
f 213/248/194 214/249/194 128/258/194 119/257/194
f 214/249/195 215/250/195 137/259/195 128/258/195
f 215/250/196 216/251/196 146/260/196 137/259/196
f 216/251/197 217/252/197 75/261/197 146/260/197
f 218/3/198 221/262/198 230/263/198 229/264/198
f 221/262/199 222/265/199 231/266/199 230/263/199
f 222/265/200 223/267/200 232/268/200 231/266/200
f 223/267/201 224/269/201 233/270/201 232/268/201
f 224/269/202 225/271/202 234/272/202 233/270/202
f 225/271/203 226/273/203 235/274/203 234/272/203
f 226/273/204 227/275/204 236/276/204 235/274/204
f 227/275/205 228/277/205 237/278/205 236/276/205
f 229/264/206 230/263/206 239/279/206 238/280/206
f 230/263/207 231/266/207 240/281/207 239/279/207
f 231/266/208 232/268/208 241/282/208 240/281/208
f 232/268/209 233/270/209 242/283/209 241/282/209
f 233/270/210 234/272/210 243/284/210 242/283/210
f 234/272/211 235/274/211 244/285/211 243/284/211
f 235/274/212 236/276/212 245/286/212 244/285/212
f 236/276/213 237/278/213 246/287/213 245/286/213
f 238/280/214 239/279/214 248/288/214 247/289/214
f 239/279/215 240/281/215 249/290/215 248/288/215
f 240/281/216 241/282/216 250/291/216 249/290/216
f 241/282/217 242/283/217 251/292/217 250/291/217
f 242/283/218 243/284/218 252/293/218 251/292/218
f 243/284/219 244/285/219 253/294/219 252/293/219
f 244/285/220 245/286/220 254/295/220 253/294/220
f 245/286/221 246/287/221 255/296/221 254/295/221
f 247/289/222 248/288/222 257/297/222 256/298/222
f 248/288/223 249/290/223 258/299/223 257/297/223
f 249/290/224 250/291/224 259/300/224 258/299/224
f 250/291/225 251/292/225 260/301/225 259/300/225
f 251/292/226 252/293/226 261/302/226 260/301/226
f 252/293/227 253/294/227 262/303/227 261/302/227
f 253/294/228 254/295/228 263/304/228 262/303/228
f 254/295/229 255/296/229 264/305/229 263/304/229
f 256/298/230 257/297/230 266/306/230 265/307/230
f 257/297/231 258/299/231 267/308/231 266/306/231
f 258/299/232 259/300/232 268/309/232 267/308/232
f 259/300/233 260/301/233 269/310/233 268/309/233
f 260/301/234 261/302/234 270/311/234 269/310/234
f 261/302/235 262/303/235 271/312/235 270/311/235
f 262/303/236 263/304/236 272/313/236 271/312/236
f 263/304/237 264/305/237 273/314/237 272/313/237
f 265/307/238 266/306/238 275/315/238 274/316/238
f 266/306/239 267/308/239 276/317/239 275/315/239
f 267/308/240 268/309/240 277/318/240 276/317/240
f 268/309/241 269/310/241 278/319/241 277/318/241
f 269/310/242 270/311/242 279/320/242 278/319/242
f 270/311/243 271/312/243 280/321/243 279/320/243
f 271/312/244 272/313/244 281/322/244 280/321/244
f 272/313/245 273/314/245 282/323/245 281/322/245
f 274/316/246 275/315/246 284/324/246 283/325/246
f 275/315/247 276/317/247 285/326/247 284/324/247
f 276/317/248 277/318/248 286/327/248 285/326/248
f 277/318/249 278/319/249 287/328/249 286/327/249
f 278/319/250 279/320/250 288/329/250 287/328/250
f 279/320/251 280/321/251 289/330/251 288/329/251
f 280/321/252 281/322/252 290/331/252 289/330/252
f 281/322/253 282/323/253 291/332/253 290/331/253
f 283/325/254 284/324/254 380/333/254 371/334/254
f 284/324/255 285/326/255 389/335/255 380/333/255
f 285/326/256 286/327/256 398/336/256 389/335/256
f 286/327/257 287/328/257 407/337/257 398/336/257
f 287/328/258 288/329/258 416/338/258 407/337/258
f 288/329/259 289/330/259 425/339/259 416/338/259
f 289/330/260 290/331/260 434/340/260 425/339/260
f 290/331/261 291/332/261 292/341/261 434/340/261
f 219/11/262 293/342/262 302/343/262 301/344/262
f 293/342/263 294/345/263 303/346/263 302/343/263
f 294/345/264 295/347/264 304/348/264 303/346/264
f 295/347/265 296/349/265 305/350/265 304/348/265
f 296/349/266 297/351/266 306/352/266 305/350/266
f 297/351/267 298/353/267 307/354/267 306/352/267
f 298/353/268 299/355/268 308/356/268 307/354/268
f 299/355/269 300/357/269 309/358/269 308/356/269
f 301/344/270 302/343/270 311/359/270 310/360/270
f 302/343/271 303/346/271 312/361/271 311/359/271
f 303/346/272 304/348/272 313/362/272 312/361/272
f 304/348/273 305/350/273 314/363/273 313/362/273
f 305/350/274 306/352/274 315/364/274 314/363/274
f 306/352/275 307/354/275 316/365/275 315/364/275
f 307/354/276 308/356/276 317/366/276 316/365/276
f 308/356/277 309/358/277 318/367/277 317/366/277
f 310/360/278 311/359/278 320/368/278 319/369/278
f 311/359/279 312/361/279 321/370/279 320/368/279
f 312/361/280 313/362/280 322/371/280 321/370/280
f 313/362/281 314/363/281 323/372/281 322/371/281
f 314/363/282 315/364/282 324/373/282 323/372/282
f 315/364/283 316/365/283 325/374/283 324/373/283
f 316/365/284 317/366/284 326/375/284 325/374/284
f 317/366/285 318/367/285 327/376/285 326/375/285
f 319/369/286 320/368/286 329/377/286 328/378/286
f 320/368/287 321/370/287 330/379/287 329/377/287
f 321/370/288 322/371/288 331/380/288 330/379/288
f 322/371/289 323/372/289 332/381/289 331/380/289
f 323/372/290 324/373/290 333/382/290 332/381/290
f 324/373/291 325/374/291 334/383/291 333/382/291
f 325/374/292 326/375/292 335/384/292 334/383/292
f 326/375/293 327/376/293 336/385/293 335/384/293
f 328/378/294 329/377/294 338/386/294 337/387/294
f 329/377/295 330/379/295 339/388/295 338/386/295
f 330/379/296 331/380/296 340/389/296 339/388/296
f 331/380/297 332/381/297 341/390/297 340/389/297
f 332/381/298 333/382/298 342/391/298 341/390/298
f 333/382/299 334/383/299 343/392/299 342/391/299
f 334/383/300 335/384/300 344/393/300 343/392/300
f 335/384/301 336/385/301 345/394/301 344/393/301
f 337/387/302 338/386/302 347/395/302 346/396/302
f 338/386/303 339/388/303 348/397/303 347/395/303
f 339/388/304 340/389/304 349/398/304 348/397/304
f 340/389/305 341/390/305 350/399/305 349/398/305
f 341/390/306 342/391/306 351/400/306 350/399/306
f 342/391/307 343/392/307 352/401/307 351/400/307
f 343/392/308 344/393/308 353/402/308 352/401/308
f 344/393/309 345/394/309 354/403/309 353/402/309
f 346/396/310 347/395/310 356/404/310 355/405/310
f 347/395/311 348/397/311 357/406/311 356/404/311
f 348/397/312 349/398/312 358/407/312 357/406/312
f 349/398/313 350/399/313 359/408/313 358/407/313
f 350/399/314 351/400/314 360/409/314 359/408/314
f 351/400/315 352/401/315 361/410/315 360/409/315
f 352/401/316 353/402/316 362/411/316 361/410/316
f 353/402/317 354/403/317 363/412/317 362/411/317
f 355/405/318 356/404/318 237/413/318 228/414/318
f 356/404/319 357/406/319 246/415/319 237/413/319
f 357/406/320 358/407/320 255/416/320 246/415/320
f 358/407/321 359/408/321 264/417/321 255/416/321
f 359/408/322 360/409/322 273/418/322 264/417/322
f 360/409/323 361/410/323 282/419/323 273/418/323
f 361/410/324 362/411/324 291/420/324 282/419/324
f 362/411/325 363/412/325 292/421/325 291/420/325
f 220/14/326 364/422/326 373/423/326 372/424/326
f 364/422/327 365/425/327 374/426/327 373/423/327
f 365/425/328 366/427/328 375/428/328 374/426/328
f 366/427/329 367/429/329 376/430/329 375/428/329
f 367/429/330 368/431/330 377/432/330 376/430/330
f 368/431/331 369/433/331 378/434/331 377/432/331
f 369/433/332 370/435/332 379/436/332 378/434/332
f 370/435/333 371/437/333 380/438/333 379/436/333
f 372/424/334 373/423/334 382/439/334 381/440/334
f 373/423/335 374/426/335 383/441/335 382/439/335
f 374/426/336 375/428/336 384/442/336 383/441/336
f 375/428/337 376/430/337 385/443/337 384/442/337
f 376/430/338 377/432/338 386/444/338 385/443/338
f 377/432/339 378/434/339 387/445/339 386/444/339
f 378/434/340 379/436/340 388/446/340 387/445/340
f 379/436/341 380/438/341 389/447/341 388/446/341
f 381/440/342 382/439/342 391/448/342 390/449/342
f 382/439/343 383/441/343 392/450/343 391/448/343
f 383/441/344 384/442/344 393/451/344 392/450/344
f 384/442/345 385/443/345 394/452/345 393/451/345
f 385/443/346 386/444/346 395/453/346 394/452/346
f 386/444/347 387/445/347 396/454/347 395/453/347
f 387/445/348 388/446/348 397/455/348 396/454/348
f 388/446/349 389/447/349 398/456/349 397/455/349
f 390/449/350 391/448/350 400/457/350 399/458/350
f 391/448/351 392/450/351 401/459/351 400/457/351
f 392/450/352 393/451/352 402/460/352 401/459/352
f 393/451/353 394/452/353 403/461/353 402/460/353
f 394/452/354 395/453/354 404/462/354 403/461/354
f 395/453/355 396/454/355 405/463/355 404/462/355
f 396/454/356 397/455/356 406/464/356 405/463/356
f 397/455/357 398/456/357 407/465/357 406/464/357
f 399/458/358 400/457/358 409/466/358 408/467/358
f 400/457/359 401/459/359 410/468/359 409/466/359
f 401/459/360 402/460/360 411/469/360 410/468/360
f 402/460/361 403/461/361 412/470/361 411/469/361
f 403/461/362 404/462/362 413/471/362 412/470/362
f 404/462/363 405/463/363 414/472/363 413/471/363
f 405/463/364 406/464/364 415/473/364 414/472/364
f 406/464/365 407/465/365 416/474/365 415/473/365
f 408/467/366 409/466/366 418/475/366 417/476/366
f 409/466/367 410/468/367 419/477/367 418/475/367
f 410/468/368 411/469/368 420/478/368 419/477/368
f 411/469/369 412/470/369 421/479/369 420/478/369
f 412/470/370 413/471/370 422/480/370 421/479/370
f 413/471/371 414/472/371 423/481/371 422/480/371
f 414/472/372 415/473/372 424/482/372 423/481/372
f 415/473/373 416/474/373 425/483/373 424/482/373
f 417/476/374 418/475/374 427/484/374 426/485/374
f 418/475/375 419/477/375 428/486/375 427/484/375
f 419/477/376 420/478/376 429/487/376 428/486/376
f 420/478/377 421/479/377 430/488/377 429/487/377
f 421/479/378 422/480/378 431/489/378 430/488/378
f 422/480/379 423/481/379 432/490/379 431/489/379
f 423/481/380 424/482/380 433/491/380 432/490/380
f 424/482/381 425/483/381 434/492/381 433/491/381
f 426/485/382 427/484/382 309/493/382 300/494/382
f 427/484/383 428/486/383 318/495/383 309/493/383
f 428/486/384 429/487/384 327/496/384 318/495/384
f 429/487/385 430/488/385 336/497/385 327/496/385
f 430/488/386 431/489/386 345/498/386 336/497/386
f 431/489/387 432/490/387 354/499/387 345/498/387
f 432/490/388 433/491/388 363/500/388 354/499/388
f 433/491/389 434/492/389 292/501/389 363/500/389
f 435/502/390 438/503/390 447/504/390 446/505/390
f 438/503/391 439/506/391 448/507/391 447/504/391
f 439/506/392 440/508/392 449/509/392 448/507/392
f 440/508/393 441/510/393 450/511/393 449/509/393
f 441/510/394 442/512/394 451/513/394 450/511/394
f 442/512/395 443/514/395 452/515/395 451/513/395
f 443/514/396 444/516/396 453/517/396 452/515/396
f 444/516/397 445/518/397 454/519/397 453/517/397
f 446/505/398 447/504/398 456/520/398 455/521/398
f 447/504/399 448/507/399 457/522/399 456/520/399
f 448/507/400 449/509/400 458/523/400 457/522/400
f 449/509/401 450/511/401 459/524/401 458/523/401
f 450/511/402 451/513/402 460/525/402 459/524/402
f 451/513/403 452/515/403 461/526/403 460/525/403
f 452/515/404 453/517/404 462/527/404 461/526/404
f 453/517/405 454/519/405 463/528/405 462/527/405
f 455/521/406 456/520/406 465/529/406 464/530/406
f 456/520/407 457/522/407 466/531/407 465/529/407
f 457/522/408 458/523/408 467/532/408 466/531/408
f 458/523/409 459/524/409 468/533/409 467/532/409
f 459/524/410 460/525/410 469/534/410 468/533/410
f 460/525/411 461/526/411 470/535/411 469/534/411
f 461/526/412 462/527/412 471/536/412 470/535/412
f 462/527/413 463/528/413 472/537/413 471/536/413
f 464/530/414 465/529/414 474/538/414 473/539/414
f 465/529/415 466/531/415 475/540/415 474/538/415
f 466/531/416 467/532/416 476/541/416 475/540/416
f 467/532/417 468/533/417 477/542/417 476/541/417
f 468/533/418 469/534/418 478/543/418 477/542/418
f 469/534/419 470/535/419 479/544/419 478/543/419
f 470/535/420 471/536/420 480/545/420 479/544/420
f 471/536/421 472/537/421 481/546/421 480/545/421
f 473/539/422 474/538/422 483/547/422 482/548/422
f 474/538/423 475/540/423 484/549/423 483/547/423
f 475/540/424 476/541/424 485/550/424 484/549/424
f 476/541/425 477/542/425 486/551/425 485/550/425
f 477/542/426 478/543/426 487/552/426 486/551/426
f 478/543/427 479/544/427 488/553/427 487/552/427
f 479/544/428 480/545/428 489/554/428 488/553/428
f 480/545/429 481/546/429 490/555/429 489/554/429
f 482/548/430 483/547/430 492/556/430 491/557/430
f 483/547/431 484/549/431 493/558/431 492/556/431
f 484/549/432 485/550/432 494/559/432 493/558/432
f 485/550/433 486/551/433 495/560/433 494/559/433
f 486/551/434 487/552/434 496/561/434 495/560/434
f 487/552/435 488/553/435 497/562/435 496/561/435
f 488/553/436 489/554/436 498/563/436 497/562/436
f 489/554/437 490/555/437 499/564/437 498/563/437
f 491/557/438 492/556/438 501/565/438 500/566/438
f 492/556/439 493/558/439 502/567/439 501/565/439
f 493/558/440 494/559/440 503/568/440 502/567/440
f 494/559/441 495/560/441 504/569/441 503/568/441
f 495/560/442 496/561/442 505/570/442 504/569/442
f 496/561/443 497/562/443 506/571/443 505/570/443
f 497/562/444 498/563/444 507/572/444 506/571/444
f 498/563/445 499/564/445 508/573/445 507/572/445
f 500/566/446 501/565/446 597/574/446 588/575/446
f 501/565/447 502/567/447 606/576/447 597/574/447
f 502/567/448 503/568/448 615/577/448 606/576/448
f 503/568/449 504/569/449 624/578/449 615/577/449
f 504/569/450 505/570/450 633/579/450 624/578/450
f 505/570/451 506/571/451 642/580/451 633/579/451
f 506/571/452 507/572/452 651/581/452 642/580/452
f 507/572/453 508/573/453 509/582/453 651/581/453
f 436/16/454 510/583/454 519/584/454 518/585/454
f 510/583/455 511/586/455 520/587/455 519/584/455
f 511/586/456 512/588/456 521/589/456 520/587/456
f 512/588/457 513/590/457 522/591/457 521/589/457
f 513/590/458 514/592/458 523/593/458 522/591/458
f 514/592/459 515/594/459 524/595/459 523/593/459
f 515/594/460 516/596/460 525/597/460 524/595/460
f 516/596/461 517/598/461 526/599/461 525/597/461
f 518/585/462 519/584/462 528/600/462 527/601/462
f 519/584/463 520/587/463 529/602/463 528/600/463
f 520/587/464 521/589/464 530/603/464 529/602/464
f 521/589/465 522/591/465 531/604/465 530/603/465
f 522/591/466 523/593/466 532/605/466 531/604/466
f 523/593/467 524/595/467 533/606/467 532/605/467
f 524/595/468 525/597/468 534/607/468 533/606/468
f 525/597/469 526/599/469 535/608/469 534/607/469
f 527/601/470 528/600/470 537/609/470 536/610/470
f 528/600/471 529/602/471 538/611/471 537/609/471
f 529/602/472 530/603/472 539/612/472 538/611/472
f 530/603/473 531/604/473 540/613/473 539/612/473
f 531/604/474 532/605/474 541/614/474 540/613/474
f 532/605/475 533/606/475 542/615/475 541/614/475
f 533/606/476 534/607/476 543/616/476 542/615/476
f 534/607/477 535/608/477 544/617/477 543/616/477
f 536/610/478 537/609/478 546/618/478 545/619/478
f 537/609/479 538/611/479 547/620/479 546/618/479
f 538/611/480 539/612/480 548/621/480 547/620/480
f 539/612/481 540/613/481 549/622/481 548/621/481
f 540/613/482 541/614/482 550/623/482 549/622/482
f 541/614/483 542/615/483 551/624/483 550/623/483
f 542/615/484 543/616/484 552/625/484 551/624/484
f 543/616/485 544/617/485 553/626/485 552/625/485
f 545/619/486 546/618/486 555/627/486 554/628/486
f 546/618/487 547/620/487 556/629/487 555/627/487
f 547/620/488 548/621/488 557/630/488 556/629/488
f 548/621/489 549/622/489 558/631/489 557/630/489
f 549/622/490 550/623/490 559/632/490 558/631/490
f 550/623/491 551/624/491 560/633/491 559/632/491
f 551/624/492 552/625/492 561/634/492 560/633/492
f 552/625/493 553/626/493 562/635/493 561/634/493
f 554/628/494 555/627/494 564/636/494 563/637/494
f 555/627/495 556/629/495 565/638/495 564/636/495
f 556/629/496 557/630/496 566/639/496 565/638/496
f 557/630/497 558/631/497 567/640/497 566/639/497
f 558/631/498 559/632/498 568/641/498 567/640/498
f 559/632/499 560/633/499 569/642/499 568/641/499
f 560/633/500 561/634/500 570/643/500 569/642/500
f 561/634/501 562/635/501 571/644/501 570/643/501
f 563/637/502 564/636/502 573/645/502 572/646/502
f 564/636/503 565/638/503 574/647/503 573/645/503
f 565/638/504 566/639/504 575/648/504 574/647/504
f 566/639/505 567/640/505 576/649/505 575/648/505
f 567/640/506 568/641/506 577/650/506 576/649/506
f 568/641/507 569/642/507 578/651/507 577/650/507
f 569/642/508 570/643/508 579/652/508 578/651/508
f 570/643/509 571/644/509 580/653/509 579/652/509
f 572/646/510 573/645/510 454/654/510 445/655/510
f 573/645/511 574/647/511 463/656/511 454/654/511
f 574/647/512 575/648/512 472/657/512 463/656/512
f 575/648/513 576/649/513 481/658/513 472/657/513
f 576/649/514 577/650/514 490/659/514 481/658/514
f 577/650/515 578/651/515 499/660/515 490/659/515
f 578/651/516 579/652/516 508/661/516 499/660/516
f 579/652/517 580/653/517 509/662/517 508/661/517
f 437/17/518 581/663/518 590/664/518 589/665/518
f 581/663/519 582/666/519 591/667/519 590/664/519
f 582/666/520 583/668/520 592/669/520 591/667/520
f 583/668/521 584/670/521 593/671/521 592/669/521
f 584/670/522 585/672/522 594/673/522 593/671/522
f 585/672/523 586/674/523 595/675/523 594/673/523
f 586/674/524 587/676/524 596/677/524 595/675/524
f 587/676/525 588/678/525 597/679/525 596/677/525
f 589/665/526 590/664/526 599/680/526 598/681/526
f 590/664/527 591/667/527 600/682/527 599/680/527
f 591/667/528 592/669/528 601/683/528 600/682/528
f 592/669/529 593/671/529 602/684/529 601/683/529
f 593/671/530 594/673/530 603/685/530 602/684/530
f 594/673/531 595/675/531 604/686/531 603/685/531
f 595/675/532 596/677/532 605/687/532 604/686/532
f 596/677/533 597/679/533 606/688/533 605/687/533
f 598/681/534 599/680/534 608/689/534 607/690/534
f 599/680/535 600/682/535 609/691/535 608/689/535
f 600/682/536 601/683/536 610/692/536 609/691/536
f 601/683/537 602/684/537 611/693/537 610/692/537
f 602/684/538 603/685/538 612/694/538 611/693/538
f 603/685/539 604/686/539 613/695/539 612/694/539
f 604/686/540 605/687/540 614/696/540 613/695/540
f 605/687/541 606/688/541 615/697/541 614/696/541
f 607/690/542 608/689/542 617/698/542 616/699/542
f 608/689/543 609/691/543 618/700/543 617/698/543
f 609/691/544 610/692/544 619/701/544 618/700/544
f 610/692/545 611/693/545 620/702/545 619/701/545
f 611/693/546 612/694/546 621/703/546 620/702/546
f 612/694/547 613/695/547 622/704/547 621/703/547
f 613/695/548 614/696/548 623/705/548 622/704/548
f 614/696/549 615/697/549 624/706/549 623/705/549
f 616/699/550 617/698/550 626/707/550 625/708/550
f 617/698/551 618/700/551 627/709/551 626/707/551
f 618/700/552 619/701/552 628/710/552 627/709/552
f 619/701/553 620/702/553 629/711/553 628/710/553
f 620/702/554 621/703/554 630/712/554 629/711/554
f 621/703/555 622/704/555 631/713/555 630/712/555
f 622/704/556 623/705/556 632/714/556 631/713/556
f 623/705/557 624/706/557 633/715/557 632/714/557
f 625/708/558 626/707/558 635/716/558 634/717/558
f 626/707/559 627/709/559 636/718/559 635/716/559
f 627/709/560 628/710/560 637/719/560 636/718/560
f 628/710/561 629/711/561 638/720/561 637/719/561
f 629/711/562 630/712/562 639/721/562 638/720/562
f 630/712/563 631/713/563 640/722/563 639/721/563
f 631/713/564 632/714/564 641/723/564 640/722/564
f 632/714/565 633/715/565 642/724/565 641/723/565
f 634/717/566 635/716/566 644/725/566 643/726/566
f 635/716/567 636/718/567 645/727/567 644/725/567
f 636/718/568 637/719/568 646/728/568 645/727/568
f 637/719/569 638/720/569 647/729/569 646/728/569
f 638/720/570 639/721/570 648/730/570 647/729/570
f 639/721/571 640/722/571 649/731/571 648/730/571
f 640/722/572 641/723/572 650/732/572 649/731/572
f 641/723/573 642/724/573 651/733/573 650/732/573
f 643/726/574 644/725/574 526/599/574 517/598/574
f 644/725/575 645/727/575 535/608/575 526/599/575
f 645/727/576 646/728/576 544/617/576 535/608/576
f 646/728/577 647/729/577 553/626/577 544/617/577
f 647/729/578 648/730/578 562/635/578 553/626/578
f 648/730/579 649/731/579 571/644/579 562/635/579
f 649/731/580 650/732/580 580/653/580 571/644/580
f 650/732/581 651/733/581 509/734/581 580/653/581
f 652/10/582 655/735/582 664/736/582 663/737/582
f 655/735/583 656/738/583 665/739/583 664/736/583
f 656/738/584 657/740/584 666/741/584 665/739/584
f 657/740/585 658/742/585 667/743/585 666/741/585
f 658/742/586 659/744/586 668/745/586 667/743/586
f 659/744/587 660/746/587 669/747/587 668/745/587
f 660/746/588 661/748/588 670/749/588 669/747/588
f 661/748/589 662/750/589 671/751/589 670/749/589
f 663/737/590 664/736/590 673/752/590 672/753/590
f 664/736/591 665/739/591 674/754/591 673/752/591
f 665/739/592 666/741/592 675/755/592 674/754/592
f 666/741/593 667/743/593 676/756/593 675/755/593
f 667/743/594 668/745/594 677/757/594 676/756/594
f 668/745/595 669/747/595 678/758/595 677/757/595
f 669/747/596 670/749/596 679/759/596 678/758/596
f 670/749/597 671/751/597 680/760/597 679/759/597
f 672/753/598 673/752/598 682/761/598 681/762/598
f 673/752/599 674/754/599 683/763/599 682/761/599
f 674/754/600 675/755/600 684/764/600 683/763/600
f 675/755/601 676/756/601 685/765/601 684/764/601
f 676/756/602 677/757/602 686/766/602 685/765/602
f 677/757/603 678/758/603 687/767/603 686/766/603
f 678/758/604 679/759/604 688/768/604 687/767/604
f 679/759/605 680/760/605 689/769/605 688/768/605
f 681/762/606 682/761/606 691/770/606 690/771/606
f 682/761/607 683/763/607 692/772/607 691/770/607
f 683/763/608 684/764/608 693/773/608 692/772/608
f 684/764/609 685/765/609 694/774/609 693/773/609
f 685/765/610 686/766/610 695/775/610 694/774/610
f 686/766/611 687/767/611 696/776/611 695/775/611
f 687/767/612 688/768/612 697/777/612 696/776/612
f 688/768/613 689/769/613 698/778/613 697/777/613
f 690/771/614 691/770/614 700/779/614 699/780/614
f 691/770/615 692/772/615 701/781/615 700/779/615
f 692/772/616 693/773/616 702/782/616 701/781/616
f 693/773/617 694/774/617 703/783/617 702/782/617
f 694/774/618 695/775/618 704/784/618 703/783/618
f 695/775/619 696/776/619 705/785/619 704/784/619
f 696/776/620 697/777/620 706/786/620 705/785/620
f 697/777/621 698/778/621 707/787/621 706/786/621
f 699/780/622 700/779/622 709/788/622 708/789/622
f 700/779/623 701/781/623 710/790/623 709/788/623
f 701/781/624 702/782/624 711/791/624 710/790/624
f 702/782/625 703/783/625 712/792/625 711/791/625
f 703/783/626 704/784/626 713/793/626 712/792/626
f 704/784/627 705/785/627 714/794/627 713/793/627
f 705/785/628 706/786/628 715/795/628 714/794/628
f 706/786/629 707/787/629 716/796/629 715/795/629
f 708/789/630 709/788/630 718/797/630 717/798/630
f 709/788/631 710/790/631 719/799/631 718/797/631
f 710/790/632 711/791/632 720/800/632 719/799/632
f 711/791/633 712/792/633 721/801/633 720/800/633
f 712/792/634 713/793/634 722/802/634 721/801/634
f 713/793/635 714/794/635 723/803/635 722/802/635
f 714/794/636 715/795/636 724/804/636 723/803/636
f 715/795/637 716/796/637 725/805/637 724/804/637
f 717/798/638 718/797/638 814/806/638 805/807/638
f 718/797/639 719/799/639 823/808/639 814/806/639
f 719/799/640 720/800/640 832/809/640 823/808/640
f 720/800/641 721/801/641 841/810/641 832/809/641
f 721/801/642 722/802/642 850/811/642 841/810/642
f 722/802/643 723/803/643 859/812/643 850/811/643
f 723/803/644 724/804/644 868/813/644 859/812/644
f 724/804/645 725/805/645 726/814/645 868/813/645
f 653/18/646 727/815/646 736/816/646 735/817/646
f 727/815/647 728/818/647 737/819/647 736/816/647
f 728/818/648 729/820/648 738/821/648 737/819/648
f 729/820/649 730/822/649 739/823/649 738/821/649
f 730/822/650 731/824/650 740/825/650 739/823/650
f 731/824/651 732/826/651 741/827/651 740/825/651
f 732/826/652 733/828/652 742/829/652 741/827/652
f 733/828/653 734/830/653 743/831/653 742/829/653
f 735/817/654 736/816/654 745/832/654 744/833/654
f 736/816/655 737/819/655 746/834/655 745/832/655
f 737/819/656 738/821/656 747/835/656 746/834/656
f 738/821/657 739/823/657 748/836/657 747/835/657
f 739/823/658 740/825/658 749/837/658 748/836/658
f 740/825/659 741/827/659 750/838/659 749/837/659
f 741/827/660 742/829/660 751/839/660 750/838/660
f 742/829/661 743/831/661 752/840/661 751/839/661
f 744/833/662 745/832/662 754/841/662 753/842/662
f 745/832/663 746/834/663 755/843/663 754/841/663
f 746/834/664 747/835/664 756/844/664 755/843/664
f 747/835/665 748/836/665 757/845/665 756/844/665
f 748/836/666 749/837/666 758/846/666 757/845/666
f 749/837/667 750/838/667 759/847/667 758/846/667
f 750/838/668 751/839/668 760/848/668 759/847/668
f 751/839/669 752/840/669 761/849/669 760/848/669
f 753/842/670 754/841/670 763/850/670 762/851/670
f 754/841/671 755/843/671 764/852/671 763/850/671
f 755/843/672 756/844/672 765/853/672 764/852/672
f 756/844/673 757/845/673 766/854/673 765/853/673
f 757/845/674 758/846/674 767/855/674 766/854/674
f 758/846/675 759/847/675 768/856/675 767/855/675
f 759/847/676 760/848/676 769/857/676 768/856/676
f 760/848/677 761/849/677 770/858/677 769/857/677
f 762/851/678 763/850/678 772/859/678 771/860/678
f 763/850/679 764/852/679 773/861/679 772/859/679
f 764/852/680 765/853/680 774/862/680 773/861/680
f 765/853/681 766/854/681 775/863/681 774/862/681
f 766/854/682 767/855/682 776/864/682 775/863/682
f 767/855/683 768/856/683 777/865/683 776/864/683
f 768/856/684 769/857/684 778/866/684 777/865/684
f 769/857/685 770/858/685 779/867/685 778/866/685
f 771/860/686 772/859/686 781/868/686 780/869/686
f 772/859/687 773/861/687 782/870/687 781/868/687
f 773/861/688 774/862/688 783/871/688 782/870/688
f 774/862/689 775/863/689 784/872/689 783/871/689
f 775/863/690 776/864/690 785/873/690 784/872/690
f 776/864/691 777/865/691 786/874/691 785/873/691
f 777/865/692 778/866/692 787/875/692 786/874/692
f 778/866/693 779/867/693 788/876/693 787/875/693
f 780/869/694 781/868/694 790/877/694 789/878/694
f 781/868/695 782/870/695 791/879/695 790/877/695
f 782/870/696 783/871/696 792/880/696 791/879/696
f 783/871/697 784/872/697 793/881/697 792/880/697
f 784/872/698 785/873/698 794/882/698 793/881/698
f 785/873/699 786/874/699 795/883/699 794/882/699
f 786/874/700 787/875/700 796/884/700 795/883/700
f 787/875/701 788/876/701 797/885/701 796/884/701
f 789/878/702 790/877/702 671/886/702 662/887/702
f 790/877/703 791/879/703 680/888/703 671/886/703
f 791/879/704 792/880/704 689/889/704 680/888/704
f 792/880/705 793/881/705 698/890/705 689/889/705
f 793/881/706 794/882/706 707/891/706 698/890/706
f 794/882/707 795/883/707 716/892/707 707/891/707
f 795/883/708 796/884/708 725/893/708 716/892/708
f 796/884/709 797/885/709 726/894/709 725/893/709
f 654/15/710 798/895/710 807/896/710 806/897/710
f 798/895/711 799/898/711 808/899/711 807/896/711
f 799/898/712 800/900/712 809/901/712 808/899/712
f 800/900/713 801/902/713 810/903/713 809/901/713
f 801/902/714 802/904/714 811/905/714 810/903/714
f 802/904/715 803/906/715 812/907/715 811/905/715
f 803/906/716 804/908/716 813/909/716 812/907/716
f 804/908/717 805/910/717 814/911/717 813/909/717
f 806/897/718 807/896/718 816/912/718 815/913/718
f 807/896/719 808/899/719 817/914/719 816/912/719
f 808/899/720 809/901/720 818/915/720 817/914/720
f 809/901/721 810/903/721 819/916/721 818/915/721
f 810/903/722 811/905/722 820/917/722 819/916/722
f 811/905/723 812/907/723 821/918/723 820/917/723
f 812/907/724 813/909/724 822/919/724 821/918/724
f 813/909/725 814/911/725 823/920/725 822/919/725
f 815/913/726 816/912/726 825/921/726 824/922/726
f 816/912/727 817/914/727 826/923/727 825/921/727
f 817/914/728 818/915/728 827/924/728 826/923/728
f 818/915/729 819/916/729 828/925/729 827/924/729
f 819/916/730 820/917/730 829/926/730 828/925/730
f 820/917/731 821/918/731 830/927/731 829/926/731
f 821/918/732 822/919/732 831/928/732 830/927/732
f 822/919/733 823/920/733 832/929/733 831/928/733
f 824/922/734 825/921/734 834/930/734 833/931/734
f 825/921/735 826/923/735 835/932/735 834/930/735
f 826/923/736 827/924/736 836/933/736 835/932/736
f 827/924/737 828/925/737 837/934/737 836/933/737
f 828/925/738 829/926/738 838/935/738 837/934/738
f 829/926/739 830/927/739 839/936/739 838/935/739
f 830/927/740 831/928/740 840/937/740 839/936/740
f 831/928/741 832/929/741 841/938/741 840/937/741
f 833/931/742 834/930/742 843/939/742 842/940/742
f 834/930/743 835/932/743 844/941/743 843/939/743
f 835/932/744 836/933/744 845/942/744 844/941/744
f 836/933/745 837/934/745 846/943/745 845/942/745
f 837/934/746 838/935/746 847/944/746 846/943/746
f 838/935/747 839/936/747 848/945/747 847/944/747
f 839/936/748 840/937/748 849/946/748 848/945/748
f 840/937/749 841/938/749 850/947/749 849/946/749
f 842/940/750 843/939/750 852/948/750 851/949/750
f 843/939/751 844/941/751 853/950/751 852/948/751
f 844/941/752 845/942/752 854/951/752 853/950/752
f 845/942/753 846/943/753 855/952/753 854/951/753
f 846/943/754 847/944/754 856/953/754 855/952/754
f 847/944/755 848/945/755 857/954/755 856/953/755
f 848/945/756 849/946/756 858/955/756 857/954/756
f 849/946/757 850/947/757 859/956/757 858/955/757
f 851/949/758 852/948/758 861/957/758 860/958/758
f 852/948/759 853/950/759 862/959/759 861/957/759
f 853/950/760 854/951/760 863/960/760 862/959/760
f 854/951/761 855/952/761 864/961/761 863/960/761
f 855/952/762 856/953/762 865/962/762 864/961/762
f 856/953/763 857/954/763 866/963/763 865/962/763
f 857/954/764 858/955/764 867/964/764 866/963/764
f 858/955/765 859/956/765 868/965/765 867/964/765
f 860/958/766 861/957/766 743/831/766 734/830/766
f 861/957/767 862/959/767 752/840/767 743/831/767
f 862/959/768 863/960/768 761/849/768 752/840/768
f 863/960/769 864/961/769 770/858/769 761/849/769
f 864/961/770 865/962/770 779/867/770 770/858/770
f 865/962/771 866/963/771 788/876/771 779/867/771
f 866/963/772 867/964/772 797/885/772 788/876/772
f 867/964/773 868/965/773 726/966/773 797/885/773
f 869/967/774 872/968/774 881/969/774 880/970/774
f 872/968/775 873/971/775 882/972/775 881/969/775
f 873/971/776 874/973/776 883/974/776 882/972/776
f 874/973/777 875/975/777 884/976/777 883/974/777
f 875/975/778 876/977/778 885/978/778 884/976/778
f 876/977/779 877/979/779 886/980/779 885/978/779
f 877/979/780 878/981/780 887/982/780 886/980/780
f 878/981/781 879/983/781 888/984/781 887/982/781
f 880/970/782 881/969/782 890/985/782 889/986/782
f 881/969/783 882/972/783 891/987/783 890/985/783
f 882/972/784 883/974/784 892/988/784 891/987/784
f 883/974/785 884/976/785 893/989/785 892/988/785
f 884/976/786 885/978/786 894/990/786 893/989/786
f 885/978/787 886/980/787 895/991/787 894/990/787
f 886/980/788 887/982/788 896/992/788 895/991/788
f 887/982/789 888/984/789 897/993/789 896/992/789
f 889/986/790 890/985/790 899/994/790 898/995/790
f 890/985/791 891/987/791 900/996/791 899/994/791
f 891/987/792 892/988/792 901/997/792 900/996/792
f 892/988/793 893/989/793 902/998/793 901/997/793
f 893/989/794 894/990/794 903/999/794 902/998/794
f 894/990/795 895/991/795 904/1000/795 903/999/795
f 895/991/796 896/992/796 905/1001/796 904/1000/796
f 896/992/797 897/993/797 906/1002/797 905/1001/797
f 898/995/798 899/994/798 908/1003/798 907/1004/798
f 899/994/799 900/996/799 909/1005/799 908/1003/799
f 900/996/800 901/997/800 910/1006/800 909/1005/800
f 901/997/801 902/998/801 911/1007/801 910/1006/801
f 902/998/802 903/999/802 912/1008/802 911/1007/802
f 903/999/803 904/1000/803 913/1009/803 912/1008/803
f 904/1000/804 905/1001/804 914/1010/804 913/1009/804
f 905/1001/805 906/1002/805 915/1011/805 914/1010/805
f 907/1004/806 908/1003/806 917/1012/806 916/1013/806
f 908/1003/807 909/1005/807 918/1014/807 917/1012/807
f 909/1005/808 910/1006/808 919/1015/808 918/1014/808
f 910/1006/809 911/1007/809 920/1016/809 919/1015/809
f 911/1007/810 912/1008/810 921/1017/810 920/1016/810
f 912/1008/811 913/1009/811 922/1018/811 921/1017/811
f 913/1009/812 914/1010/812 923/1019/812 922/1018/812
f 914/1010/813 915/1011/813 924/1020/813 923/1019/813
f 916/1013/814 917/1012/814 926/1021/814 925/1022/814
f 917/1012/815 918/1014/815 927/1023/815 926/1021/815
f 918/1014/816 919/1015/816 928/1024/816 927/1023/816
f 919/1015/817 920/1016/817 929/1025/817 928/1024/817
f 920/1016/818 921/1017/818 930/1026/818 929/1025/818
f 921/1017/819 922/1018/819 931/1027/819 930/1026/819
f 922/1018/820 923/1019/820 932/1028/820 931/1027/820
f 923/1019/821 924/1020/821 933/1029/821 932/1028/821
f 925/1022/822 926/1021/822 935/1030/822 934/1031/822
f 926/1021/823 927/1023/823 936/1032/823 935/1030/823
f 927/1023/824 928/1024/824 937/1033/824 936/1032/824
f 928/1024/825 929/1025/825 938/1034/825 937/1033/825
f 929/1025/826 930/1026/826 939/1035/826 938/1034/826
f 930/1026/827 931/1027/827 940/1036/827 939/1035/827
f 931/1027/828 932/1028/828 941/1037/828 940/1036/828
f 932/1028/829 933/1029/829 942/1038/829 941/1037/829
f 934/1031/830 935/1030/830 1031/1039/830 1022/1040/830
f 935/1030/831 936/1032/831 1040/1041/831 1031/1039/831
f 936/1032/832 937/1033/832 1049/1042/832 1040/1041/832
f 937/1033/833 938/1034/833 1058/1043/833 1049/1042/833
f 938/1034/834 939/1035/834 1067/1044/834 1058/1043/834
f 939/1035/835 940/1036/835 1076/1045/835 1067/1044/835
f 940/1036/836 941/1037/836 1085/1046/836 1076/1045/836
f 941/1037/837 942/1038/837 943/1047/837 1085/1046/837
f 870/8/838 944/1048/838 953/1049/838 952/1050/838
f 944/1048/839 945/1051/839 954/1052/839 953/1049/839
f 945/1051/840 946/1053/840 955/1054/840 954/1052/840
f 946/1053/841 947/1055/841 956/1056/841 955/1054/841
f 947/1055/842 948/1057/842 957/1058/842 956/1056/842
f 948/1057/843 949/1059/843 958/1060/843 957/1058/843
f 949/1059/844 950/1061/844 959/1062/844 958/1060/844
f 950/1061/845 951/1063/845 960/1064/845 959/1062/845
f 952/1050/846 953/1049/846 962/1065/846 961/1066/846
f 953/1049/847 954/1052/847 963/1067/847 962/1065/847
f 954/1052/848 955/1054/848 964/1068/848 963/1067/848
f 955/1054/849 956/1056/849 965/1069/849 964/1068/849
f 956/1056/850 957/1058/850 966/1070/850 965/1069/850
f 957/1058/851 958/1060/851 967/1071/851 966/1070/851
f 958/1060/852 959/1062/852 968/1072/852 967/1071/852
f 959/1062/853 960/1064/853 969/1073/853 968/1072/853
f 961/1066/854 962/1065/854 971/1074/854 970/1075/854
f 962/1065/855 963/1067/855 972/1076/855 971/1074/855
f 963/1067/856 964/1068/856 973/1077/856 972/1076/856
f 964/1068/857 965/1069/857 974/1078/857 973/1077/857
f 965/1069/858 966/1070/858 975/1079/858 974/1078/858
f 966/1070/859 967/1071/859 976/1080/859 975/1079/859
f 967/1071/860 968/1072/860 977/1081/860 976/1080/860
f 968/1072/861 969/1073/861 978/1082/861 977/1081/861
f 970/1075/862 971/1074/862 980/1083/862 979/1084/862
f 971/1074/863 972/1076/863 981/1085/863 980/1083/863
f 972/1076/864 973/1077/864 982/1086/864 981/1085/864
f 973/1077/865 974/1078/865 983/1087/865 982/1086/865
f 974/1078/866 975/1079/866 984/1088/866 983/1087/866
f 975/1079/867 976/1080/867 985/1089/867 984/1088/867
f 976/1080/868 977/1081/868 986/1090/868 985/1089/868
f 977/1081/869 978/1082/869 987/1091/869 986/1090/869
f 979/1084/870 980/1083/870 989/1092/870 988/1093/870
f 980/1083/871 981/1085/871 990/1094/871 989/1092/871
f 981/1085/872 982/1086/872 991/1095/872 990/1094/872
f 982/1086/873 983/1087/873 992/1096/873 991/1095/873
f 983/1087/874 984/1088/874 993/1097/874 992/1096/874
f 984/1088/875 985/1089/875 994/1098/875 993/1097/875
f 985/1089/876 986/1090/876 995/1099/876 994/1098/876
f 986/1090/877 987/1091/877 996/1100/877 995/1099/877
f 988/1093/878 989/1092/878 998/1101/878 997/1102/878
f 989/1092/879 990/1094/879 999/1103/879 998/1101/879
f 990/1094/880 991/1095/880 1000/1104/880 999/1103/880
f 991/1095/881 992/1096/881 1001/1105/881 1000/1104/881
f 992/1096/882 993/1097/882 1002/1106/882 1001/1105/882
f 993/1097/883 994/1098/883 1003/1107/883 1002/1106/883
f 994/1098/884 995/1099/884 1004/1108/884 1003/1107/884
f 995/1099/885 996/1100/885 1005/1109/885 1004/1108/885
f 997/1102/886 998/1101/886 1007/1110/886 1006/1111/886
f 998/1101/887 999/1103/887 1008/1112/887 1007/1110/887
f 999/1103/888 1000/1104/888 1009/1113/888 1008/1112/888
f 1000/1104/889 1001/1105/889 1010/1114/889 1009/1113/889
f 1001/1105/890 1002/1106/890 1011/1115/890 1010/1114/890
f 1002/1106/891 1003/1107/891 1012/1116/891 1011/1115/891
f 1003/1107/892 1004/1108/892 1013/1117/892 1012/1116/892
f 1004/1108/893 1005/1109/893 1014/1118/893 1013/1117/893
f 1006/1111/894 1007/1110/894 888/984/894 879/983/894
f 1007/1110/895 1008/1112/895 897/1119/895 888/984/895
f 1008/1112/896 1009/1113/896 906/1002/896 897/1119/896
f 1009/1113/897 1010/1114/897 915/1120/897 906/1002/897
f 1010/1114/898 1011/1115/898 924/1020/898 915/1120/898
f 1011/1115/899 1012/1116/899 933/1029/899 924/1020/899
f 1012/1116/900 1013/1117/900 942/1038/900 933/1029/900
f 1013/1117/901 1014/1118/901 943/1047/901 942/1038/901
f 871/1/902 1015/1121/902 1024/1122/902 1023/1123/902
f 1015/1121/903 1016/1124/903 1025/1125/903 1024/1122/903
f 1016/1124/904 1017/1126/904 1026/1127/904 1025/1125/904
f 1017/1126/905 1018/1128/905 1027/1129/905 1026/1127/905
f 1018/1128/906 1019/1130/906 1028/1131/906 1027/1129/906
f 1019/1130/907 1020/1132/907 1029/1133/907 1028/1131/907
f 1020/1132/908 1021/1134/908 1030/1135/908 1029/1133/908
f 1021/1134/909 1022/1136/909 1031/1137/909 1030/1135/909
f 1023/1123/910 1024/1122/910 1033/1138/910 1032/1139/910
f 1024/1122/911 1025/1125/911 1034/1140/911 1033/1138/911
f 1025/1125/912 1026/1127/912 1035/1141/912 1034/1140/912
f 1026/1127/913 1027/1129/913 1036/1142/913 1035/1141/913
f 1027/1129/914 1028/1131/914 1037/1143/914 1036/1142/914
f 1028/1131/915 1029/1133/915 1038/1144/915 1037/1143/915
f 1029/1133/916 1030/1135/916 1039/1145/916 1038/1144/916
f 1030/1135/917 1031/1137/917 1040/1146/917 1039/1145/917
f 1032/1139/918 1033/1138/918 1042/1147/918 1041/1148/918
f 1033/1138/919 1034/1140/919 1043/1149/919 1042/1147/919
f 1034/1140/920 1035/1141/920 1044/1150/920 1043/1149/920
f 1035/1141/921 1036/1142/921 1045/1151/921 1044/1150/921
f 1036/1142/922 1037/1143/922 1046/1152/922 1045/1151/922
f 1037/1143/923 1038/1144/923 1047/1153/923 1046/1152/923
f 1038/1144/924 1039/1145/924 1048/1154/924 1047/1153/924
f 1039/1145/925 1040/1146/925 1049/1155/925 1048/1154/925
f 1041/1148/926 1042/1147/926 1051/1156/926 1050/1157/926
f 1042/1147/927 1043/1149/927 1052/1158/927 1051/1156/927
f 1043/1149/928 1044/1150/928 1053/1159/928 1052/1158/928
f 1044/1150/929 1045/1151/929 1054/1160/929 1053/1159/929
f 1045/1151/930 1046/1152/930 1055/1161/930 1054/1160/930
f 1046/1152/931 1047/1153/931 1056/1162/931 1055/1161/931
f 1047/1153/932 1048/1154/932 1057/1163/932 1056/1162/932
f 1048/1154/933 1049/1155/933 1058/1164/933 1057/1163/933
f 1050/1157/934 1051/1156/934 1060/1165/934 1059/1166/934
f 1051/1156/935 1052/1158/935 1061/1167/935 1060/1165/935
f 1052/1158/936 1053/1159/936 1062/1168/936 1061/1167/936
f 1053/1159/937 1054/1160/937 1063/1169/937 1062/1168/937
f 1054/1160/938 1055/1161/938 1064/1170/938 1063/1169/938
f 1055/1161/939 1056/1162/939 1065/1171/939 1064/1170/939
f 1056/1162/940 1057/1163/940 1066/1172/940 1065/1171/940
f 1057/1163/941 1058/1164/941 1067/1173/941 1066/1172/941
f 1059/1166/942 1060/1165/942 1069/1174/942 1068/1175/942
f 1060/1165/943 1061/1167/943 1070/1176/943 1069/1174/943
f 1061/1167/944 1062/1168/944 1071/1177/944 1070/1176/944
f 1062/1168/945 1063/1169/945 1072/1178/945 1071/1177/945
f 1063/1169/946 1064/1170/946 1073/1179/946 1072/1178/946
f 1064/1170/947 1065/1171/947 1074/1180/947 1073/1179/947
f 1065/1171/948 1066/1172/948 1075/1181/948 1074/1180/948
f 1066/1172/949 1067/1173/949 1076/1182/949 1075/1181/949
f 1068/1175/950 1069/1174/950 1078/1183/950 1077/1184/950
f 1069/1174/951 1070/1176/951 1079/1185/951 1078/1183/951
f 1070/1176/952 1071/1177/952 1080/1186/952 1079/1185/952
f 1071/1177/953 1072/1178/953 1081/1187/953 1080/1186/953
f 1072/1178/954 1073/1179/954 1082/1188/954 1081/1187/954
f 1073/1179/955 1074/1180/955 1083/1189/955 1082/1188/955
f 1074/1180/956 1075/1181/956 1084/1190/956 1083/1189/956
f 1075/1181/957 1076/1182/957 1085/1191/957 1084/1190/957
f 1077/1184/958 1078/1183/958 960/1064/958 951/1063/958
f 1078/1183/959 1079/1185/959 969/1073/959 960/1064/959
f 1079/1185/960 1080/1186/960 978/1082/960 969/1073/960
f 1080/1186/961 1081/1187/961 987/1091/961 978/1082/961
f 1081/1187/962 1082/1188/962 996/1100/962 987/1091/962
f 1082/1188/963 1083/1189/963 1005/1109/963 996/1100/963
f 1083/1189/964 1084/1190/964 1014/1118/964 1005/1109/964
f 1084/1190/965 1085/1191/965 943/1047/965 1014/1118/965
f 1086/12/966 1089/1192/966 1098/1193/966 1097/1194/966
f 1089/1192/967 1090/1195/967 1099/1196/967 1098/1193/967
f 1090/1195/968 1091/1197/968 1100/1198/968 1099/1196/968
f 1091/1197/969 1092/1199/969 1101/1200/969 1100/1198/969
f 1092/1199/970 1093/1201/970 1102/1202/970 1101/1200/970
f 1093/1201/971 1094/1203/971 1103/1204/971 1102/1202/971
f 1094/1203/972 1095/1205/972 1104/1206/972 1103/1204/972
f 1095/1205/973 1096/1207/973 1105/1208/973 1104/1206/973
f 1097/1194/974 1098/1193/974 1107/1209/974 1106/1210/974
f 1098/1193/975 1099/1196/975 1108/1211/975 1107/1209/975
f 1099/1196/976 1100/1198/976 1109/1212/976 1108/1211/976
f 1100/1198/977 1101/1200/977 1110/1213/977 1109/1212/977
f 1101/1200/978 1102/1202/978 1111/1214/978 1110/1213/978
f 1102/1202/979 1103/1204/979 1112/1215/979 1111/1214/979
f 1103/1204/980 1104/1206/980 1113/1216/980 1112/1215/980
f 1104/1206/981 1105/1208/981 1114/1217/981 1113/1216/981
f 1106/1210/982 1107/1209/982 1116/1218/982 1115/1219/982
f 1107/1209/983 1108/1211/983 1117/1220/983 1116/1218/983
f 1108/1211/984 1109/1212/984 1118/1221/984 1117/1220/984
f 1109/1212/985 1110/1213/985 1119/1222/985 1118/1221/985
f 1110/1213/986 1111/1214/986 1120/1223/986 1119/1222/986
f 1111/1214/987 1112/1215/987 1121/1224/987 1120/1223/987
f 1112/1215/988 1113/1216/988 1122/1225/988 1121/1224/988
f 1113/1216/989 1114/1217/989 1123/1226/989 1122/1225/989
f 1115/1219/990 1116/1218/990 1125/1227/990 1124/1228/990
f 1116/1218/991 1117/1220/991 1126/1229/991 1125/1227/991
f 1117/1220/992 1118/1221/992 1127/1230/992 1126/1229/992
f 1118/1221/993 1119/1222/993 1128/1231/993 1127/1230/993
f 1119/1222/994 1120/1223/994 1129/1232/994 1128/1231/994
f 1120/1223/995 1121/1224/995 1130/1233/995 1129/1232/995
f 1121/1224/996 1122/1225/996 1131/1234/996 1130/1233/996
f 1122/1225/997 1123/1226/997 1132/1235/997 1131/1234/997
f 1124/1228/998 1125/1227/998 1134/1236/998 1133/1237/998
f 1125/1227/999 1126/1229/999 1135/1238/999 1134/1236/999
f 1126/1229/1000 1127/1230/1000 1136/1239/1000 1135/1238/1000
f 1127/1230/1001 1128/1231/1001 1137/1240/1001 1136/1239/1001
f 1128/1231/1002 1129/1232/1002 1138/1241/1002 1137/1240/1002
f 1129/1232/1003 1130/1233/1003 1139/1242/1003 1138/1241/1003
f 1130/1233/1004 1131/1234/1004 1140/1243/1004 1139/1242/1004
f 1131/1234/1005 1132/1235/1005 1141/1244/1005 1140/1243/1005
f 1133/1237/1006 1134/1236/1006 1143/1245/1006 1142/1246/1006
f 1134/1236/1007 1135/1238/1007 1144/1247/1007 1143/1245/1007
f 1135/1238/1008 1136/1239/1008 1145/1248/1008 1144/1247/1008
f 1136/1239/1009 1137/1240/1009 1146/1249/1009 1145/1248/1009
f 1137/1240/1010 1138/1241/1010 1147/1250/1010 1146/1249/1010
f 1138/1241/1011 1139/1242/1011 1148/1251/1011 1147/1250/1011
f 1139/1242/1012 1140/1243/1012 1149/1252/1012 1148/1251/1012
f 1140/1243/1013 1141/1244/1013 1150/1253/1013 1149/1252/1013
f 1142/1246/1014 1143/1245/1014 1152/1254/1014 1151/1255/1014
f 1143/1245/1015 1144/1247/1015 1153/1256/1015 1152/1254/1015
f 1144/1247/1016 1145/1248/1016 1154/1257/1016 1153/1256/1016
f 1145/1248/1017 1146/1249/1017 1155/1258/1017 1154/1257/1017
f 1146/1249/1018 1147/1250/1018 1156/1259/1018 1155/1258/1018
f 1147/1250/1019 1148/1251/1019 1157/1260/1019 1156/1259/1019
f 1148/1251/1020 1149/1252/1020 1158/1261/1020 1157/1260/1020
f 1149/1252/1021 1150/1253/1021 1159/1262/1021 1158/1261/1021
f 1151/1255/1022 1152/1254/1022 1248/1263/1022 1239/1264/1022
f 1152/1254/1023 1153/1256/1023 1257/1265/1023 1248/1263/1023
f 1153/1256/1024 1154/1257/1024 1266/1266/1024 1257/1265/1024
f 1154/1257/1025 1155/1258/1025 1275/1267/1025 1266/1266/1025
f 1155/1258/1026 1156/1259/1026 1284/1268/1026 1275/1267/1026
f 1156/1259/1027 1157/1260/1027 1293/1269/1027 1284/1268/1027
f 1157/1260/1028 1158/1261/1028 1302/1270/1028 1293/1269/1028
f 1158/1261/1029 1159/1262/1029 1160/1271/1029 1302/1270/1029
f 1087/2/1030 1161/1272/1030 1170/1273/1030 1169/1274/1030
f 1161/1272/1031 1162/1275/1031 1171/1276/1031 1170/1273/1031
f 1162/1275/1032 1163/1277/1032 1172/1278/1032 1171/1276/1032
f 1163/1277/1033 1164/1279/1033 1173/1280/1033 1172/1278/1033
f 1164/1279/1034 1165/1281/1034 1174/1282/1034 1173/1280/1034
f 1165/1281/1035 1166/1283/1035 1175/1284/1035 1174/1282/1035
f 1166/1283/1036 1167/1285/1036 1176/1286/1036 1175/1284/1036
f 1167/1285/1037 1168/1287/1037 1177/1288/1037 1176/1286/1037
f 1169/1274/1038 1170/1273/1038 1179/1289/1038 1178/1290/1038
f 1170/1273/1039 1171/1276/1039 1180/1291/1039 1179/1289/1039
f 1171/1276/1040 1172/1278/1040 1181/1292/1040 1180/1291/1040
f 1172/1278/1041 1173/1280/1041 1182/1293/1041 1181/1292/1041
f 1173/1280/1042 1174/1282/1042 1183/1294/1042 1182/1293/1042
f 1174/1282/1043 1175/1284/1043 1184/1295/1043 1183/1294/1043
f 1175/1284/1044 1176/1286/1044 1185/1296/1044 1184/1295/1044
f 1176/1286/1045 1177/1288/1045 1186/1297/1045 1185/1296/1045
f 1178/1290/1046 1179/1289/1046 1188/1298/1046 1187/1299/1046
f 1179/1289/1047 1180/1291/1047 1189/1300/1047 1188/1298/1047
f 1180/1291/1048 1181/1292/1048 1190/1301/1048 1189/1300/1048
f 1181/1292/1049 1182/1293/1049 1191/1302/1049 1190/1301/1049
f 1182/1293/1050 1183/1294/1050 1192/1303/1050 1191/1302/1050
f 1183/1294/1051 1184/1295/1051 1193/1304/1051 1192/1303/1051
f 1184/1295/1052 1185/1296/1052 1194/1305/1052 1193/1304/1052
f 1185/1296/1053 1186/1297/1053 1195/1306/1053 1194/1305/1053
f 1187/1299/1054 1188/1298/1054 1197/1307/1054 1196/1308/1054
f 1188/1298/1055 1189/1300/1055 1198/1309/1055 1197/1307/1055
f 1189/1300/1056 1190/1301/1056 1199/1310/1056 1198/1309/1056
f 1190/1301/1057 1191/1302/1057 1200/1311/1057 1199/1310/1057
f 1191/1302/1058 1192/1303/1058 1201/1312/1058 1200/1311/1058
f 1192/1303/1059 1193/1304/1059 1202/1313/1059 1201/1312/1059
f 1193/1304/1060 1194/1305/1060 1203/1314/1060 1202/1313/1060
f 1194/1305/1061 1195/1306/1061 1204/1315/1061 1203/1314/1061
f 1196/1308/1062 1197/1307/1062 1206/1316/1062 1205/1317/1062
f 1197/1307/1063 1198/1309/1063 1207/1318/1063 1206/1316/1063
f 1198/1309/1064 1199/1310/1064 1208/1319/1064 1207/1318/1064
f 1199/1310/1065 1200/1311/1065 1209/1320/1065 1208/1319/1065
f 1200/1311/1066 1201/1312/1066 1210/1321/1066 1209/1320/1066
f 1201/1312/1067 1202/1313/1067 1211/1322/1067 1210/1321/1067
f 1202/1313/1068 1203/1314/1068 1212/1323/1068 1211/1322/1068
f 1203/1314/1069 1204/1315/1069 1213/1324/1069 1212/1323/1069
f 1205/1317/1070 1206/1316/1070 1215/1325/1070 1214/1326/1070
f 1206/1316/1071 1207/1318/1071 1216/1327/1071 1215/1325/1071
f 1207/1318/1072 1208/1319/1072 1217/1328/1072 1216/1327/1072
f 1208/1319/1073 1209/1320/1073 1218/1329/1073 1217/1328/1073
f 1209/1320/1074 1210/1321/1074 1219/1330/1074 1218/1329/1074
f 1210/1321/1075 1211/1322/1075 1220/1331/1075 1219/1330/1075
f 1211/1322/1076 1212/1323/1076 1221/1332/1076 1220/1331/1076
f 1212/1323/1077 1213/1324/1077 1222/1333/1077 1221/1332/1077
f 1214/1326/1078 1215/1325/1078 1224/1334/1078 1223/1335/1078
f 1215/1325/1079 1216/1327/1079 1225/1336/1079 1224/1334/1079
f 1216/1327/1080 1217/1328/1080 1226/1337/1080 1225/1336/1080
f 1217/1328/1081 1218/1329/1081 1227/1338/1081 1226/1337/1081
f 1218/1329/1082 1219/1330/1082 1228/1339/1082 1227/1338/1082
f 1219/1330/1083 1220/1331/1083 1229/1340/1083 1228/1339/1083
f 1220/1331/1084 1221/1332/1084 1230/1341/1084 1229/1340/1084
f 1221/1332/1085 1222/1333/1085 1231/1342/1085 1230/1341/1085
f 1223/1335/1086 1224/1334/1086 1105/1343/1086 1096/1344/1086
f 1224/1334/1087 1225/1336/1087 1114/1345/1087 1105/1343/1087
f 1225/1336/1088 1226/1337/1088 1123/1346/1088 1114/1345/1088
f 1226/1337/1089 1227/1338/1089 1132/1347/1089 1123/1346/1089
f 1227/1338/1090 1228/1339/1090 1141/1348/1090 1132/1347/1090
f 1228/1339/1091 1229/1340/1091 1150/1349/1091 1141/1348/1091
f 1229/1340/1092 1230/1341/1092 1159/1350/1092 1150/1349/1092
f 1230/1341/1093 1231/1342/1093 1160/1271/1093 1159/1350/1093
f 1088/7/1094 1232/1351/1094 1241/1352/1094 1240/1353/1094
f 1232/1351/1095 1233/1354/1095 1242/1355/1095 1241/1352/1095
f 1233/1354/1096 1234/1356/1096 1243/1357/1096 1242/1355/1096
f 1234/1356/1097 1235/1358/1097 1244/1359/1097 1243/1357/1097
f 1235/1358/1098 1236/1360/1098 1245/1361/1098 1244/1359/1098
f 1236/1360/1099 1237/1362/1099 1246/1363/1099 1245/1361/1099
f 1237/1362/1100 1238/1364/1100 1247/1365/1100 1246/1363/1100
f 1238/1364/1101 1239/1264/1101 1248/1263/1101 1247/1365/1101
f 1240/1353/1102 1241/1352/1102 1250/1366/1102 1249/1367/1102
f 1241/1352/1103 1242/1355/1103 1251/1368/1103 1250/1366/1103
f 1242/1355/1104 1243/1357/1104 1252/1369/1104 1251/1368/1104
f 1243/1357/1105 1244/1359/1105 1253/1370/1105 1252/1369/1105
f 1244/1359/1106 1245/1361/1106 1254/1371/1106 1253/1370/1106
f 1245/1361/1107 1246/1363/1107 1255/1372/1107 1254/1371/1107
f 1246/1363/1108 1247/1365/1108 1256/1373/1108 1255/1372/1108
f 1247/1365/1109 1248/1263/1109 1257/1265/1109 1256/1373/1109
f 1249/1367/1110 1250/1366/1110 1259/1374/1110 1258/1375/1110
f 1250/1366/1111 1251/1368/1111 1260/1376/1111 1259/1374/1111
f 1251/1368/1112 1252/1369/1112 1261/1377/1112 1260/1376/1112
f 1252/1369/1113 1253/1370/1113 1262/1378/1113 1261/1377/1113
f 1253/1370/1114 1254/1371/1114 1263/1379/1114 1262/1378/1114
f 1254/1371/1115 1255/1372/1115 1264/1380/1115 1263/1379/1115
f 1255/1372/1116 1256/1373/1116 1265/1381/1116 1264/1380/1116
f 1256/1373/1117 1257/1265/1117 1266/1266/1117 1265/1381/1117
f 1258/1375/1118 1259/1374/1118 1268/1382/1118 1267/1383/1118
f 1259/1374/1119 1260/1376/1119 1269/1384/1119 1268/1382/1119
f 1260/1376/1120 1261/1377/1120 1270/1385/1120 1269/1384/1120
f 1261/1377/1121 1262/1378/1121 1271/1386/1121 1270/1385/1121
f 1262/1378/1122 1263/1379/1122 1272/1387/1122 1271/1386/1122
f 1263/1379/1123 1264/1380/1123 1273/1388/1123 1272/1387/1123
f 1264/1380/1124 1265/1381/1124 1274/1389/1124 1273/1388/1124
f 1265/1381/1125 1266/1266/1125 1275/1267/1125 1274/1389/1125
f 1267/1383/1126 1268/1382/1126 1277/1390/1126 1276/1391/1126
f 1268/1382/1127 1269/1384/1127 1278/1392/1127 1277/1390/1127
f 1269/1384/1128 1270/1385/1128 1279/1393/1128 1278/1392/1128
f 1270/1385/1129 1271/1386/1129 1280/1394/1129 1279/1393/1129
f 1271/1386/1130 1272/1387/1130 1281/1395/1130 1280/1394/1130
f 1272/1387/1131 1273/1388/1131 1282/1396/1131 1281/1395/1131
f 1273/1388/1132 1274/1389/1132 1283/1397/1132 1282/1396/1132
f 1274/1389/1133 1275/1267/1133 1284/1268/1133 1283/1397/1133
f 1276/1391/1134 1277/1390/1134 1286/1398/1134 1285/1399/1134
f 1277/1390/1135 1278/1392/1135 1287/1400/1135 1286/1398/1135
f 1278/1392/1136 1279/1393/1136 1288/1401/1136 1287/1400/1136
f 1279/1393/1137 1280/1394/1137 1289/1402/1137 1288/1401/1137
f 1280/1394/1138 1281/1395/1138 1290/1403/1138 1289/1402/1138
f 1281/1395/1139 1282/1396/1139 1291/1404/1139 1290/1403/1139
f 1282/1396/1140 1283/1397/1140 1292/1405/1140 1291/1404/1140
f 1283/1397/1141 1284/1268/1141 1293/1269/1141 1292/1405/1141
f 1285/1399/1142 1286/1398/1142 1295/1406/1142 1294/1407/1142
f 1286/1398/1143 1287/1400/1143 1296/1408/1143 1295/1406/1143
f 1287/1400/1144 1288/1401/1144 1297/1409/1144 1296/1408/1144
f 1288/1401/1145 1289/1402/1145 1298/1410/1145 1297/1409/1145
f 1289/1402/1146 1290/1403/1146 1299/1411/1146 1298/1410/1146
f 1290/1403/1147 1291/1404/1147 1300/1412/1147 1299/1411/1147
f 1291/1404/1148 1292/1405/1148 1301/1413/1148 1300/1412/1148
f 1292/1405/1149 1293/1269/1149 1302/1270/1149 1301/1413/1149
f 1294/1407/1150 1295/1406/1150 1177/1288/1150 1168/1287/1150
f 1295/1406/1151 1296/1408/1151 1186/1414/1151 1177/1288/1151
f 1296/1408/1152 1297/1409/1152 1195/1306/1152 1186/1414/1152
f 1297/1409/1153 1298/1410/1153 1204/1315/1153 1195/1306/1153
f 1298/1410/1154 1299/1411/1154 1213/1324/1154 1204/1315/1154
f 1299/1411/1155 1300/1412/1155 1222/1333/1155 1213/1324/1155
f 1300/1412/1156 1301/1413/1156 1231/1342/1156 1222/1333/1156
f 1301/1413/1157 1302/1270/1157 1160/1271/1157 1231/1342/1157
f 1303/1415/1158 1306/1416/1158 1315/1417/1158 1314/1418/1158
f 1306/1416/1159 1307/1419/1159 1316/1420/1159 1315/1417/1159
f 1307/1419/1160 1308/1421/1160 1317/1422/1160 1316/1420/1160
f 1308/1421/1161 1309/1423/1161 1318/1424/1161 1317/1422/1161
f 1309/1423/1162 1310/1425/1162 1319/1426/1162 1318/1424/1162
f 1310/1425/1163 1311/1427/1163 1320/1428/1163 1319/1426/1163
f 1311/1427/1164 1312/1429/1164 1321/1430/1164 1320/1428/1164
f 1312/1429/1165 1313/1431/1165 1322/1432/1165 1321/1430/1165
f 1314/1418/1166 1315/1417/1166 1324/1433/1166 1323/1434/1166
f 1315/1417/1167 1316/1420/1167 1325/1435/1167 1324/1433/1167
f 1316/1420/1168 1317/1422/1168 1326/1436/1168 1325/1435/1168
f 1317/1422/1169 1318/1424/1169 1327/1437/1169 1326/1436/1169
f 1318/1424/1170 1319/1426/1170 1328/1438/1170 1327/1437/1170
f 1319/1426/1171 1320/1428/1171 1329/1439/1171 1328/1438/1171
f 1320/1428/1172 1321/1430/1172 1330/1440/1172 1329/1439/1172
f 1321/1430/1173 1322/1432/1173 1331/1441/1173 1330/1440/1173
f 1323/1434/1174 1324/1433/1174 1333/1442/1174 1332/1443/1174
f 1324/1433/1175 1325/1435/1175 1334/1444/1175 1333/1442/1175
f 1325/1435/1176 1326/1436/1176 1335/1445/1176 1334/1444/1176
f 1326/1436/1177 1327/1437/1177 1336/1446/1177 1335/1445/1177
f 1327/1437/1178 1328/1438/1178 1337/1447/1178 1336/1446/1178
f 1328/1438/1179 1329/1439/1179 1338/1448/1179 1337/1447/1179
f 1329/1439/1180 1330/1440/1180 1339/1449/1180 1338/1448/1180
f 1330/1440/1181 1331/1441/1181 1340/1450/1181 1339/1449/1181
f 1332/1443/1182 1333/1442/1182 1342/1451/1182 1341/1452/1182
f 1333/1442/1183 1334/1444/1183 1343/1453/1183 1342/1451/1183
f 1334/1444/1184 1335/1445/1184 1344/1454/1184 1343/1453/1184
f 1335/1445/1185 1336/1446/1185 1345/1455/1185 1344/1454/1185
f 1336/1446/1186 1337/1447/1186 1346/1456/1186 1345/1455/1186
f 1337/1447/1187 1338/1448/1187 1347/1457/1187 1346/1456/1187
f 1338/1448/1188 1339/1449/1188 1348/1458/1188 1347/1457/1188
f 1339/1449/1189 1340/1450/1189 1349/1459/1189 1348/1458/1189
f 1341/1452/1190 1342/1451/1190 1351/1460/1190 1350/1461/1190
f 1342/1451/1191 1343/1453/1191 1352/1462/1191 1351/1460/1191
f 1343/1453/1192 1344/1454/1192 1353/1463/1192 1352/1462/1192
f 1344/1454/1193 1345/1455/1193 1354/1464/1193 1353/1463/1193
f 1345/1455/1194 1346/1456/1194 1355/1465/1194 1354/1464/1194
f 1346/1456/1195 1347/1457/1195 1356/1466/1195 1355/1465/1195
f 1347/1457/1196 1348/1458/1196 1357/1467/1196 1356/1466/1196
f 1348/1458/1197 1349/1459/1197 1358/1468/1197 1357/1467/1197
f 1350/1461/1198 1351/1460/1198 1360/1469/1198 1359/1470/1198
f 1351/1460/1199 1352/1462/1199 1361/1471/1199 1360/1469/1199
f 1352/1462/1200 1353/1463/1200 1362/1472/1200 1361/1471/1200
f 1353/1463/1201 1354/1464/1201 1363/1473/1201 1362/1472/1201
f 1354/1464/1202 1355/1465/1202 1364/1474/1202 1363/1473/1202
f 1355/1465/1203 1356/1466/1203 1365/1475/1203 1364/1474/1203
f 1356/1466/1204 1357/1467/1204 1366/1476/1204 1365/1475/1204
f 1357/1467/1205 1358/1468/1205 1367/1477/1205 1366/1476/1205
f 1359/1470/1206 1360/1469/1206 1369/1478/1206 1368/1479/1206
f 1360/1469/1207 1361/1471/1207 1370/1480/1207 1369/1478/1207
f 1361/1471/1208 1362/1472/1208 1371/1481/1208 1370/1480/1208
f 1362/1472/1209 1363/1473/1209 1372/1482/1209 1371/1481/1209
f 1363/1473/1210 1364/1474/1210 1373/1483/1210 1372/1482/1210
f 1364/1474/1211 1365/1475/1211 1374/1484/1211 1373/1483/1211
f 1365/1475/1212 1366/1476/1212 1375/1485/1212 1374/1484/1212
f 1366/1476/1213 1367/1477/1213 1376/1486/1213 1375/1485/1213
f 1368/1479/1214 1369/1478/1214 1465/1487/1214 1456/1488/1214
f 1369/1478/1215 1370/1480/1215 1474/1489/1215 1465/1487/1215
f 1370/1480/1216 1371/1481/1216 1483/1490/1216 1474/1489/1216
f 1371/1481/1217 1372/1482/1217 1492/1491/1217 1483/1490/1217
f 1372/1482/1218 1373/1483/1218 1501/1492/1218 1492/1491/1218
f 1373/1483/1219 1374/1484/1219 1510/1493/1219 1501/1492/1219
f 1374/1484/1220 1375/1485/1220 1519/1494/1220 1510/1493/1220
f 1375/1485/1221 1376/1486/1221 1377/1495/1221 1519/1494/1221
f 1304/20/1222 1378/1496/1222 1387/1497/1222 1386/1498/1222
f 1378/1496/1223 1379/1499/1223 1388/1500/1223 1387/1497/1223
f 1379/1499/1224 1380/1501/1224 1389/1502/1224 1388/1500/1224
f 1380/1501/1225 1381/1503/1225 1390/1504/1225 1389/1502/1225
f 1381/1503/1226 1382/1505/1226 1391/1506/1226 1390/1504/1226
f 1382/1505/1227 1383/1507/1227 1392/1508/1227 1391/1506/1227
f 1383/1507/1228 1384/1509/1228 1393/1510/1228 1392/1508/1228
f 1384/1509/1229 1385/1511/1229 1394/1512/1229 1393/1510/1229
f 1386/1498/1230 1387/1497/1230 1396/1513/1230 1395/1514/1230
f 1387/1497/1231 1388/1500/1231 1397/1515/1231 1396/1513/1231
f 1388/1500/1232 1389/1502/1232 1398/1516/1232 1397/1515/1232
f 1389/1502/1233 1390/1504/1233 1399/1517/1233 1398/1516/1233
f 1390/1504/1234 1391/1506/1234 1400/1518/1234 1399/1517/1234
f 1391/1506/1235 1392/1508/1235 1401/1519/1235 1400/1518/1235
f 1392/1508/1236 1393/1510/1236 1402/1520/1236 1401/1519/1236
f 1393/1510/1237 1394/1512/1237 1403/1521/1237 1402/1520/1237
f 1395/1514/1238 1396/1513/1238 1405/1522/1238 1404/1523/1238
f 1396/1513/1239 1397/1515/1239 1406/1524/1239 1405/1522/1239
f 1397/1515/1240 1398/1516/1240 1407/1525/1240 1406/1524/1240
f 1398/1516/1241 1399/1517/1241 1408/1526/1241 1407/1525/1241
f 1399/1517/1242 1400/1518/1242 1409/1527/1242 1408/1526/1242
f 1400/1518/1243 1401/1519/1243 1410/1528/1243 1409/1527/1243
f 1401/1519/1244 1402/1520/1244 1411/1529/1244 1410/1528/1244
f 1402/1520/1245 1403/1521/1245 1412/1530/1245 1411/1529/1245
f 1404/1523/1246 1405/1522/1246 1414/1531/1246 1413/1532/1246
f 1405/1522/1247 1406/1524/1247 1415/1533/1247 1414/1531/1247
f 1406/1524/1248 1407/1525/1248 1416/1534/1248 1415/1533/1248
f 1407/1525/1249 1408/1526/1249 1417/1535/1249 1416/1534/1249
f 1408/1526/1250 1409/1527/1250 1418/1536/1250 1417/1535/1250
f 1409/1527/1251 1410/1528/1251 1419/1537/1251 1418/1536/1251
f 1410/1528/1252 1411/1529/1252 1420/1538/1252 1419/1537/1252
f 1411/1529/1253 1412/1530/1253 1421/1539/1253 1420/1538/1253
f 1413/1532/1254 1414/1531/1254 1423/1540/1254 1422/1541/1254
f 1414/1531/1255 1415/1533/1255 1424/1542/1255 1423/1540/1255
f 1415/1533/1256 1416/1534/1256 1425/1543/1256 1424/1542/1256
f 1416/1534/1257 1417/1535/1257 1426/1544/1257 1425/1543/1257
f 1417/1535/1258 1418/1536/1258 1427/1545/1258 1426/1544/1258
f 1418/1536/1259 1419/1537/1259 1428/1546/1259 1427/1545/1259
f 1419/1537/1260 1420/1538/1260 1429/1547/1260 1428/1546/1260
f 1420/1538/1261 1421/1539/1261 1430/1548/1261 1429/1547/1261
f 1422/1541/1262 1423/1540/1262 1432/1549/1262 1431/1550/1262
f 1423/1540/1263 1424/1542/1263 1433/1551/1263 1432/1549/1263
f 1424/1542/1264 1425/1543/1264 1434/1552/1264 1433/1551/1264
f 1425/1543/1265 1426/1544/1265 1435/1553/1265 1434/1552/1265
f 1426/1544/1266 1427/1545/1266 1436/1554/1266 1435/1553/1266
f 1427/1545/1267 1428/1546/1267 1437/1555/1267 1436/1554/1267
f 1428/1546/1268 1429/1547/1268 1438/1556/1268 1437/1555/1268
f 1429/1547/1269 1430/1548/1269 1439/1557/1269 1438/1556/1269
f 1431/1550/1270 1432/1549/1270 1441/1558/1270 1440/1559/1270
f 1432/1549/1271 1433/1551/1271 1442/1560/1271 1441/1558/1271
f 1433/1551/1272 1434/1552/1272 1443/1561/1272 1442/1560/1272
f 1434/1552/1273 1435/1553/1273 1444/1562/1273 1443/1561/1273
f 1435/1553/1274 1436/1554/1274 1445/1563/1274 1444/1562/1274
f 1436/1554/1275 1437/1555/1275 1446/1564/1275 1445/1563/1275
f 1437/1555/1276 1438/1556/1276 1447/1565/1276 1446/1564/1276
f 1438/1556/1277 1439/1557/1277 1448/1566/1277 1447/1565/1277
f 1440/1559/1278 1441/1558/1278 1322/1567/1278 1313/1568/1278
f 1441/1558/1279 1442/1560/1279 1331/1569/1279 1322/1567/1279
f 1442/1560/1280 1443/1561/1280 1340/1570/1280 1331/1569/1280
f 1443/1561/1281 1444/1562/1281 1349/1571/1281 1340/1570/1281
f 1444/1562/1282 1445/1563/1282 1358/1572/1282 1349/1571/1282
f 1445/1563/1283 1446/1564/1283 1367/1573/1283 1358/1572/1283
f 1446/1564/1284 1447/1565/1284 1376/1574/1284 1367/1573/1284
f 1447/1565/1285 1448/1566/1285 1377/1495/1285 1376/1574/1285
f 1305/5/1286 1449/1575/1286 1458/1576/1286 1457/1577/1286
f 1449/1575/1287 1450/1578/1287 1459/1579/1287 1458/1576/1287
f 1450/1578/1288 1451/1580/1288 1460/1581/1288 1459/1579/1288
f 1451/1580/1289 1452/1582/1289 1461/1583/1289 1460/1581/1289
f 1452/1582/1290 1453/1584/1290 1462/1585/1290 1461/1583/1290
f 1453/1584/1291 1454/1586/1291 1463/1587/1291 1462/1585/1291
f 1454/1586/1292 1455/1588/1292 1464/1589/1292 1463/1587/1292
f 1455/1588/1293 1456/1488/1293 1465/1487/1293 1464/1589/1293
f 1457/1577/1294 1458/1576/1294 1467/1590/1294 1466/1591/1294
f 1458/1576/1295 1459/1579/1295 1468/1592/1295 1467/1590/1295
f 1459/1579/1296 1460/1581/1296 1469/1593/1296 1468/1592/1296
f 1460/1581/1297 1461/1583/1297 1470/1594/1297 1469/1593/1297
f 1461/1583/1298 1462/1585/1298 1471/1595/1298 1470/1594/1298
f 1462/1585/1299 1463/1587/1299 1472/1596/1299 1471/1595/1299
f 1463/1587/1300 1464/1589/1300 1473/1597/1300 1472/1596/1300
f 1464/1589/1301 1465/1487/1301 1474/1489/1301 1473/1597/1301
f 1466/1591/1302 1467/1590/1302 1476/1598/1302 1475/1599/1302
f 1467/1590/1303 1468/1592/1303 1477/1600/1303 1476/1598/1303
f 1468/1592/1304 1469/1593/1304 1478/1601/1304 1477/1600/1304
f 1469/1593/1305 1470/1594/1305 1479/1602/1305 1478/1601/1305
f 1470/1594/1306 1471/1595/1306 1480/1603/1306 1479/1602/1306
f 1471/1595/1307 1472/1596/1307 1481/1604/1307 1480/1603/1307
f 1472/1596/1308 1473/1597/1308 1482/1605/1308 1481/1604/1308
f 1473/1597/1309 1474/1489/1309 1483/1490/1309 1482/1605/1309
f 1475/1599/1310 1476/1598/1310 1485/1606/1310 1484/1607/1310
f 1476/1598/1311 1477/1600/1311 1486/1608/1311 1485/1606/1311
f 1477/1600/1312 1478/1601/1312 1487/1609/1312 1486/1608/1312
f 1478/1601/1313 1479/1602/1313 1488/1610/1313 1487/1609/1313
f 1479/1602/1314 1480/1603/1314 1489/1611/1314 1488/1610/1314
f 1480/1603/1315 1481/1604/1315 1490/1612/1315 1489/1611/1315
f 1481/1604/1316 1482/1605/1316 1491/1613/1316 1490/1612/1316
f 1482/1605/1317 1483/1490/1317 1492/1491/1317 1491/1613/1317
f 1484/1607/1318 1485/1606/1318 1494/1614/1318 1493/1615/1318
f 1485/1606/1319 1486/1608/1319 1495/1616/1319 1494/1614/1319
f 1486/1608/1320 1487/1609/1320 1496/1617/1320 1495/1616/1320
f 1487/1609/1321 1488/1610/1321 1497/1618/1321 1496/1617/1321
f 1488/1610/1322 1489/1611/1322 1498/1619/1322 1497/1618/1322
f 1489/1611/1323 1490/1612/1323 1499/1620/1323 1498/1619/1323
f 1490/1612/1324 1491/1613/1324 1500/1621/1324 1499/1620/1324
f 1491/1613/1325 1492/1491/1325 1501/1492/1325 1500/1621/1325
f 1493/1615/1326 1494/1614/1326 1503/1622/1326 1502/1623/1326
f 1494/1614/1327 1495/1616/1327 1504/1624/1327 1503/1622/1327
f 1495/1616/1328 1496/1617/1328 1505/1625/1328 1504/1624/1328
f 1496/1617/1329 1497/1618/1329 1506/1626/1329 1505/1625/1329
f 1497/1618/1330 1498/1619/1330 1507/1627/1330 1506/1626/1330
f 1498/1619/1331 1499/1620/1331 1508/1628/1331 1507/1627/1331
f 1499/1620/1332 1500/1621/1332 1509/1629/1332 1508/1628/1332
f 1500/1621/1333 1501/1492/1333 1510/1493/1333 1509/1629/1333
f 1502/1623/1334 1503/1622/1334 1512/1630/1334 1511/1631/1334
f 1503/1622/1335 1504/1624/1335 1513/1632/1335 1512/1630/1335
f 1504/1624/1336 1505/1625/1336 1514/1633/1336 1513/1632/1336
f 1505/1625/1337 1506/1626/1337 1515/1634/1337 1514/1633/1337
f 1506/1626/1338 1507/1627/1338 1516/1635/1338 1515/1634/1338
f 1507/1627/1339 1508/1628/1339 1517/1636/1339 1516/1635/1339
f 1508/1628/1340 1509/1629/1340 1518/1637/1340 1517/1636/1340
f 1509/1629/1341 1510/1493/1341 1519/1494/1341 1518/1637/1341
f 1511/1631/1342 1512/1630/1342 1394/1512/1342 1385/1511/1342
f 1512/1630/1343 1513/1632/1343 1403/1521/1343 1394/1512/1343
f 1513/1632/1344 1514/1633/1344 1412/1530/1344 1403/1521/1344
f 1514/1633/1345 1515/1634/1345 1421/1539/1345 1412/1530/1345
f 1515/1634/1346 1516/1635/1346 1430/1548/1346 1421/1539/1346
f 1516/1635/1347 1517/1636/1347 1439/1557/1347 1430/1548/1347
f 1517/1636/1348 1518/1637/1348 1448/1566/1348 1439/1557/1348
f 1518/1637/1349 1519/1494/1349 1377/1495/1349 1448/1566/1349
f 1520/9/1350 1523/1638/1350 1532/1639/1350 1531/1640/1350
f 1523/1638/1351 1524/1641/1351 1533/1642/1351 1532/1639/1351
f 1524/1641/1352 1525/1643/1352 1534/1644/1352 1533/1642/1352
f 1525/1643/1353 1526/1645/1353 1535/1646/1353 1534/1644/1353
f 1526/1645/1354 1527/1647/1354 1536/1648/1354 1535/1646/1354
f 1527/1647/1355 1528/1649/1355 1537/1650/1355 1536/1648/1355
f 1528/1649/1356 1529/1651/1356 1538/1652/1356 1537/1650/1356
f 1529/1651/1357 1530/1653/1357 1539/1654/1357 1538/1652/1357
f 1531/1640/1358 1532/1639/1358 1541/1655/1358 1540/1656/1358
f 1532/1639/1359 1533/1642/1359 1542/1657/1359 1541/1655/1359
f 1533/1642/1360 1534/1644/1360 1543/1658/1360 1542/1657/1360
f 1534/1644/1361 1535/1646/1361 1544/1659/1361 1543/1658/1361
f 1535/1646/1362 1536/1648/1362 1545/1660/1362 1544/1659/1362
f 1536/1648/1363 1537/1650/1363 1546/1661/1363 1545/1660/1363
f 1537/1650/1364 1538/1652/1364 1547/1662/1364 1546/1661/1364
f 1538/1652/1365 1539/1654/1365 1548/1663/1365 1547/1662/1365
f 1540/1656/1366 1541/1655/1366 1550/1664/1366 1549/1665/1366
f 1541/1655/1367 1542/1657/1367 1551/1666/1367 1550/1664/1367
f 1542/1657/1368 1543/1658/1368 1552/1667/1368 1551/1666/1368
f 1543/1658/1369 1544/1659/1369 1553/1668/1369 1552/1667/1369
f 1544/1659/1370 1545/1660/1370 1554/1669/1370 1553/1668/1370
f 1545/1660/1371 1546/1661/1371 1555/1670/1371 1554/1669/1371
f 1546/1661/1372 1547/1662/1372 1556/1671/1372 1555/1670/1372
f 1547/1662/1373 1548/1663/1373 1557/1672/1373 1556/1671/1373
f 1549/1665/1374 1550/1664/1374 1559/1673/1374 1558/1674/1374
f 1550/1664/1375 1551/1666/1375 1560/1675/1375 1559/1673/1375
f 1551/1666/1376 1552/1667/1376 1561/1676/1376 1560/1675/1376
f 1552/1667/1377 1553/1668/1377 1562/1677/1377 1561/1676/1377
f 1553/1668/1378 1554/1669/1378 1563/1678/1378 1562/1677/1378
f 1554/1669/1379 1555/1670/1379 1564/1679/1379 1563/1678/1379
f 1555/1670/1380 1556/1671/1380 1565/1680/1380 1564/1679/1380
f 1556/1671/1381 1557/1672/1381 1566/1681/1381 1565/1680/1381
f 1558/1674/1382 1559/1673/1382 1568/1682/1382 1567/1683/1382
f 1559/1673/1383 1560/1675/1383 1569/1684/1383 1568/1682/1383
f 1560/1675/1384 1561/1676/1384 1570/1685/1384 1569/1684/1384
f 1561/1676/1385 1562/1677/1385 1571/1686/1385 1570/1685/1385
f 1562/1677/1386 1563/1678/1386 1572/1687/1386 1571/1686/1386
f 1563/1678/1387 1564/1679/1387 1573/1688/1387 1572/1687/1387
f 1564/1679/1388 1565/1680/1388 1574/1689/1388 1573/1688/1388
f 1565/1680/1389 1566/1681/1389 1575/1690/1389 1574/1689/1389
f 1567/1683/1390 1568/1682/1390 1577/1691/1390 1576/1692/1390
f 1568/1682/1391 1569/1684/1391 1578/1693/1391 1577/1691/1391
f 1569/1684/1392 1570/1685/1392 1579/1694/1392 1578/1693/1392
f 1570/1685/1393 1571/1686/1393 1580/1695/1393 1579/1694/1393
f 1571/1686/1394 1572/1687/1394 1581/1696/1394 1580/1695/1394
f 1572/1687/1395 1573/1688/1395 1582/1697/1395 1581/1696/1395
f 1573/1688/1396 1574/1689/1396 1583/1698/1396 1582/1697/1396
f 1574/1689/1397 1575/1690/1397 1584/1699/1397 1583/1698/1397
f 1576/1692/1398 1577/1691/1398 1586/1700/1398 1585/1701/1398
f 1577/1691/1399 1578/1693/1399 1587/1702/1399 1586/1700/1399
f 1578/1693/1400 1579/1694/1400 1588/1703/1400 1587/1702/1400
f 1579/1694/1401 1580/1695/1401 1589/1704/1401 1588/1703/1401
f 1580/1695/1402 1581/1696/1402 1590/1705/1402 1589/1704/1402
f 1581/1696/1403 1582/1697/1403 1591/1706/1403 1590/1705/1403
f 1582/1697/1404 1583/1698/1404 1592/1707/1404 1591/1706/1404
f 1583/1698/1405 1584/1699/1405 1593/1708/1405 1592/1707/1405
f 1585/1701/1406 1586/1700/1406 1682/1709/1406 1673/1710/1406
f 1586/1700/1407 1587/1702/1407 1691/1711/1407 1682/1709/1407
f 1587/1702/1408 1588/1703/1408 1700/1712/1408 1691/1711/1408
f 1588/1703/1409 1589/1704/1409 1709/1713/1409 1700/1712/1409
f 1589/1704/1410 1590/1705/1410 1718/1714/1410 1709/1713/1410
f 1590/1705/1411 1591/1706/1411 1727/1715/1411 1718/1714/1411
f 1591/1706/1412 1592/1707/1412 1736/1716/1412 1727/1715/1412
f 1592/1707/1413 1593/1708/1413 1594/1717/1413 1736/1716/1413
f 1521/6/1414 1595/1718/1414 1604/1719/1414 1603/1720/1414
f 1595/1718/1415 1596/1721/1415 1605/1722/1415 1604/1719/1415
f 1596/1721/1416 1597/1723/1416 1606/1724/1416 1605/1722/1416
f 1597/1723/1417 1598/1725/1417 1607/1726/1417 1606/1724/1417
f 1598/1725/1418 1599/1727/1418 1608/1728/1418 1607/1726/1418
f 1599/1727/1419 1600/1729/1419 1609/1730/1419 1608/1728/1419
f 1600/1729/1420 1601/1731/1420 1610/1732/1420 1609/1730/1420
f 1601/1731/1421 1602/1733/1421 1611/1734/1421 1610/1732/1421
f 1603/1720/1422 1604/1719/1422 1613/1735/1422 1612/1736/1422
f 1604/1719/1423 1605/1722/1423 1614/1737/1423 1613/1735/1423
f 1605/1722/1424 1606/1724/1424 1615/1738/1424 1614/1737/1424
f 1606/1724/1425 1607/1726/1425 1616/1739/1425 1615/1738/1425
f 1607/1726/1426 1608/1728/1426 1617/1740/1426 1616/1739/1426
f 1608/1728/1427 1609/1730/1427 1618/1741/1427 1617/1740/1427
f 1609/1730/1428 1610/1732/1428 1619/1742/1428 1618/1741/1428
f 1610/1732/1429 1611/1734/1429 1620/1743/1429 1619/1742/1429
f 1612/1736/1430 1613/1735/1430 1622/1744/1430 1621/1745/1430
f 1613/1735/1431 1614/1737/1431 1623/1746/1431 1622/1744/1431
f 1614/1737/1432 1615/1738/1432 1624/1747/1432 1623/1746/1432
f 1615/1738/1433 1616/1739/1433 1625/1748/1433 1624/1747/1433
f 1616/1739/1434 1617/1740/1434 1626/1749/1434 1625/1748/1434
f 1617/1740/1435 1618/1741/1435 1627/1750/1435 1626/1749/1435
f 1618/1741/1436 1619/1742/1436 1628/1751/1436 1627/1750/1436
f 1619/1742/1437 1620/1743/1437 1629/1752/1437 1628/1751/1437
f 1621/1745/1438 1622/1744/1438 1631/1753/1438 1630/1754/1438
f 1622/1744/1439 1623/1746/1439 1632/1755/1439 1631/1753/1439
f 1623/1746/1440 1624/1747/1440 1633/1756/1440 1632/1755/1440
f 1624/1747/1441 1625/1748/1441 1634/1757/1441 1633/1756/1441
f 1625/1748/1442 1626/1749/1442 1635/1758/1442 1634/1757/1442
f 1626/1749/1443 1627/1750/1443 1636/1759/1443 1635/1758/1443
f 1627/1750/1444 1628/1751/1444 1637/1760/1444 1636/1759/1444
f 1628/1751/1445 1629/1752/1445 1638/1761/1445 1637/1760/1445
f 1630/1754/1446 1631/1753/1446 1640/1762/1446 1639/1763/1446
f 1631/1753/1447 1632/1755/1447 1641/1764/1447 1640/1762/1447
f 1632/1755/1448 1633/1756/1448 1642/1765/1448 1641/1764/1448
f 1633/1756/1449 1634/1757/1449 1643/1766/1449 1642/1765/1449
f 1634/1757/1450 1635/1758/1450 1644/1767/1450 1643/1766/1450
f 1635/1758/1451 1636/1759/1451 1645/1768/1451 1644/1767/1451
f 1636/1759/1452 1637/1760/1452 1646/1769/1452 1645/1768/1452
f 1637/1760/1453 1638/1761/1453 1647/1770/1453 1646/1769/1453
f 1639/1763/1454 1640/1762/1454 1649/1771/1454 1648/1772/1454
f 1640/1762/1455 1641/1764/1455 1650/1773/1455 1649/1771/1455
f 1641/1764/1456 1642/1765/1456 1651/1774/1456 1650/1773/1456
f 1642/1765/1457 1643/1766/1457 1652/1775/1457 1651/1774/1457
f 1643/1766/1458 1644/1767/1458 1653/1776/1458 1652/1775/1458
f 1644/1767/1459 1645/1768/1459 1654/1777/1459 1653/1776/1459
f 1645/1768/1460 1646/1769/1460 1655/1778/1460 1654/1777/1460
f 1646/1769/1461 1647/1770/1461 1656/1779/1461 1655/1778/1461
f 1648/1772/1462 1649/1771/1462 1658/1780/1462 1657/1781/1462
f 1649/1771/1463 1650/1773/1463 1659/1782/1463 1658/1780/1463
f 1650/1773/1464 1651/1774/1464 1660/1783/1464 1659/1782/1464
f 1651/1774/1465 1652/1775/1465 1661/1784/1465 1660/1783/1465
f 1652/1775/1466 1653/1776/1466 1662/1785/1466 1661/1784/1466
f 1653/1776/1467 1654/1777/1467 1663/1786/1467 1662/1785/1467
f 1654/1777/1468 1655/1778/1468 1664/1787/1468 1663/1786/1468
f 1655/1778/1469 1656/1779/1469 1665/1788/1469 1664/1787/1469
f 1657/1781/1470 1658/1780/1470 1539/1654/1470 1530/1653/1470
f 1658/1780/1471 1659/1782/1471 1548/1663/1471 1539/1654/1471
f 1659/1782/1472 1660/1783/1472 1557/1672/1472 1548/1663/1472
f 1660/1783/1473 1661/1784/1473 1566/1681/1473 1557/1672/1473
f 1661/1784/1474 1662/1785/1474 1575/1789/1474 1566/1681/1474
f 1662/1785/1475 1663/1786/1475 1584/1699/1475 1575/1789/1475
f 1663/1786/1476 1664/1787/1476 1593/1708/1476 1584/1699/1476
f 1664/1787/1477 1665/1788/1477 1594/1717/1477 1593/1708/1477
f 1522/19/1478 1666/1790/1478 1675/1791/1478 1674/1792/1478
f 1666/1790/1479 1667/1793/1479 1676/1794/1479 1675/1791/1479
f 1667/1793/1480 1668/1795/1480 1677/1796/1480 1676/1794/1480
f 1668/1795/1481 1669/1797/1481 1678/1798/1481 1677/1796/1481
f 1669/1797/1482 1670/1799/1482 1679/1800/1482 1678/1798/1482
f 1670/1799/1483 1671/1801/1483 1680/1802/1483 1679/1800/1483
f 1671/1801/1484 1672/1803/1484 1681/1804/1484 1680/1802/1484
f 1672/1803/1485 1673/1805/1485 1682/1806/1485 1681/1804/1485
f 1674/1792/1486 1675/1791/1486 1684/1807/1486 1683/1808/1486
f 1675/1791/1487 1676/1794/1487 1685/1809/1487 1684/1807/1487
f 1676/1794/1488 1677/1796/1488 1686/1810/1488 1685/1809/1488
f 1677/1796/1489 1678/1798/1489 1687/1811/1489 1686/1810/1489
f 1678/1798/1490 1679/1800/1490 1688/1812/1490 1687/1811/1490
f 1679/1800/1491 1680/1802/1491 1689/1813/1491 1688/1812/1491
f 1680/1802/1492 1681/1804/1492 1690/1814/1492 1689/1813/1492
f 1681/1804/1493 1682/1806/1493 1691/1815/1493 1690/1814/1493
f 1683/1808/1494 1684/1807/1494 1693/1816/1494 1692/1817/1494
f 1684/1807/1495 1685/1809/1495 1694/1818/1495 1693/1816/1495
f 1685/1809/1496 1686/1810/1496 1695/1819/1496 1694/1818/1496
f 1686/1810/1497 1687/1811/1497 1696/1820/1497 1695/1819/1497
f 1687/1811/1498 1688/1812/1498 1697/1821/1498 1696/1820/1498
f 1688/1812/1499 1689/1813/1499 1698/1822/1499 1697/1821/1499
f 1689/1813/1500 1690/1814/1500 1699/1823/1500 1698/1822/1500
f 1690/1814/1501 1691/1815/1501 1700/1824/1501 1699/1823/1501
f 1692/1817/1502 1693/1816/1502 1702/1825/1502 1701/1826/1502
f 1693/1816/1503 1694/1818/1503 1703/1827/1503 1702/1825/1503
f 1694/1818/1504 1695/1819/1504 1704/1828/1504 1703/1827/1504
f 1695/1819/1505 1696/1820/1505 1705/1829/1505 1704/1828/1505
f 1696/1820/1506 1697/1821/1506 1706/1830/1506 1705/1829/1506
f 1697/1821/1507 1698/1822/1507 1707/1831/1507 1706/1830/1507
f 1698/1822/1508 1699/1823/1508 1708/1832/1508 1707/1831/1508
f 1699/1823/1509 1700/1824/1509 1709/1833/1509 1708/1832/1509
f 1701/1826/1510 1702/1825/1510 1711/1834/1510 1710/1835/1510
f 1702/1825/1511 1703/1827/1511 1712/1836/1511 1711/1834/1511
f 1703/1827/1512 1704/1828/1512 1713/1837/1512 1712/1836/1512
f 1704/1828/1513 1705/1829/1513 1714/1838/1513 1713/1837/1513
f 1705/1829/1514 1706/1830/1514 1715/1839/1514 1714/1838/1514
f 1706/1830/1515 1707/1831/1515 1716/1840/1515 1715/1839/1515
f 1707/1831/1516 1708/1832/1516 1717/1841/1516 1716/1840/1516
f 1708/1832/1517 1709/1833/1517 1718/1842/1517 1717/1841/1517
f 1710/1835/1518 1711/1834/1518 1720/1843/1518 1719/1844/1518
f 1711/1834/1519 1712/1836/1519 1721/1845/1519 1720/1843/1519
f 1712/1836/1520 1713/1837/1520 1722/1846/1520 1721/1845/1520
f 1713/1837/1521 1714/1838/1521 1723/1847/1521 1722/1846/1521
f 1714/1838/1522 1715/1839/1522 1724/1848/1522 1723/1847/1522
f 1715/1839/1523 1716/1840/1523 1725/1849/1523 1724/1848/1523
f 1716/1840/1524 1717/1841/1524 1726/1850/1524 1725/1849/1524
f 1717/1841/1525 1718/1842/1525 1727/1851/1525 1726/1850/1525
f 1719/1844/1526 1720/1843/1526 1729/1852/1526 1728/1853/1526
f 1720/1843/1527 1721/1845/1527 1730/1854/1527 1729/1852/1527
f 1721/1845/1528 1722/1846/1528 1731/1855/1528 1730/1854/1528
f 1722/1846/1529 1723/1847/1529 1732/1856/1529 1731/1855/1529
f 1723/1847/1530 1724/1848/1530 1733/1857/1530 1732/1856/1530
f 1724/1848/1531 1725/1849/1531 1734/1858/1531 1733/1857/1531
f 1725/1849/1532 1726/1850/1532 1735/1859/1532 1734/1858/1532
f 1726/1850/1533 1727/1851/1533 1736/1860/1533 1735/1859/1533
f 1728/1853/1534 1729/1852/1534 1611/1734/1534 1602/1733/1534
f 1729/1852/1535 1730/1854/1535 1620/1743/1535 1611/1734/1535
f 1730/1854/1536 1731/1855/1536 1629/1752/1536 1620/1743/1536
f 1731/1855/1537 1732/1856/1537 1638/1761/1537 1629/1752/1537
f 1732/1856/1538 1733/1857/1538 1647/1770/1538 1638/1761/1538
f 1733/1857/1539 1734/1858/1539 1656/1779/1539 1647/1770/1539
f 1734/1858/1540 1735/1859/1540 1665/1788/1540 1656/1779/1540
f 1735/1859/1541 1736/1860/1541 1594/1717/1541 1665/1788/1541
f 435/502/1542 1/21/1542 12/24/1542 438/503/1542
f 438/503/1543 12/24/1543 21/40/1543 439/506/1543
f 439/506/1544 21/40/1544 30/49/1544 440/508/1544
f 440/508/1545 30/49/1545 39/58/1545 441/510/1545
f 441/510/1546 39/58/1546 48/67/1546 442/512/1546
f 442/512/1547 48/67/1547 57/76/1547 443/514/1547
f 443/514/1548 57/76/1548 66/85/1548 444/516/1548
f 444/516/1549 66/85/1549 154/94/1549 445/518/1549
f 445/655/1550 154/197/1550 153/195/1550 572/646/1550
f 572/646/1551 153/195/1551 152/193/1551 563/637/1551
f 563/637/1552 152/193/1552 151/191/1552 554/628/1552
f 554/628/1553 151/191/1553 150/189/1553 545/619/1553
f 545/619/1554 150/189/1554 149/187/1554 536/610/1554
f 536/610/1555 149/187/1555 148/185/1555 527/601/1555
f 527/601/1556 148/185/1556 147/182/1556 518/585/1556
f 518/585/1557 147/182/1557 3/13/1557 436/16/1557
f 2/4/1558 218/3/1558 229/264/1558 76/102/1558
f 76/102/1559 229/264/1559 238/280/1559 77/105/1559
f 77/105/1560 238/280/1560 247/289/1560 78/107/1560
f 78/107/1561 247/289/1561 256/298/1561 79/109/1561
f 79/109/1562 256/298/1562 265/307/1562 80/111/1562
f 80/111/1563 265/307/1563 274/316/1563 81/113/1563
f 81/113/1564 274/316/1564 283/325/1564 82/115/1564
f 82/115/1565 283/325/1565 371/334/1565 83/117/1565
f 83/254/1566 371/437/1566 370/435/1566 209/245/1566
f 209/245/1567 370/435/1567 369/433/1567 200/236/1567
f 200/236/1568 369/433/1568 368/431/1568 191/227/1568
f 191/227/1569 368/431/1569 367/429/1569 182/218/1569
f 182/218/1570 367/429/1570 366/427/1570 173/209/1570
f 173/209/1571 366/427/1571 365/425/1571 164/200/1571
f 164/200/1572 365/425/1572 364/422/1572 155/184/1572
f 155/184/1573 364/422/1573 220/14/1573 3/13/1573
f 219/11/1574 652/10/1574 663/737/1574 293/342/1574
f 293/342/1575 663/737/1575 672/753/1575 294/345/1575
f 294/345/1576 672/753/1576 681/762/1576 295/347/1576
f 295/347/1577 681/762/1577 690/771/1577 296/349/1577
f 296/349/1578 690/771/1578 699/780/1578 297/351/1578
f 297/351/1579 699/780/1579 708/789/1579 298/353/1579
f 298/353/1580 708/789/1580 717/798/1580 299/355/1580
f 299/355/1581 717/798/1581 805/807/1581 300/357/1581
f 300/494/1582 805/910/1582 804/908/1582 426/485/1582
f 426/485/1583 804/908/1583 803/906/1583 417/476/1583
f 417/476/1584 803/906/1584 802/904/1584 408/467/1584
f 408/467/1585 802/904/1585 801/902/1585 399/458/1585
f 399/458/1586 801/902/1586 800/900/1586 390/449/1586
f 390/449/1587 800/900/1587 799/898/1587 381/440/1587
f 381/440/1588 799/898/1588 798/895/1588 372/424/1588
f 372/424/1589 798/895/1589 654/15/1589 220/14/1589
f 653/18/1590 437/17/1590 589/665/1590 727/815/1590
f 727/815/1591 589/665/1591 598/681/1591 728/818/1591
f 728/818/1592 598/681/1592 607/690/1592 729/820/1592
f 729/820/1593 607/690/1593 616/699/1593 730/822/1593
f 730/822/1594 616/699/1594 625/708/1594 731/824/1594
f 731/824/1595 625/708/1595 634/717/1595 732/826/1595
f 732/826/1596 634/717/1596 643/726/1596 733/828/1596
f 733/828/1597 643/726/1597 517/598/1597 734/830/1597
f 734/830/1598 517/598/1598 516/596/1598 860/958/1598
f 860/958/1599 516/596/1599 515/594/1599 851/949/1599
f 851/949/1600 515/594/1600 514/592/1600 842/940/1600
f 842/940/1601 514/592/1601 513/590/1601 833/931/1601
f 833/931/1602 513/590/1602 512/588/1602 824/922/1602
f 824/922/1603 512/588/1603 511/586/1603 815/913/1603
f 815/913/1604 511/586/1604 510/583/1604 806/897/1604
f 806/897/1605 510/583/1605 436/16/1605 654/15/1605
f 1303/1415/1606 435/502/1606 446/505/1606 1306/1416/1606
f 1306/1416/1607 446/505/1607 455/521/1607 1307/1419/1607
f 1307/1419/1608 455/521/1608 464/530/1608 1308/1421/1608
f 1308/1421/1609 464/530/1609 473/539/1609 1309/1423/1609
f 1309/1423/1610 473/539/1610 482/548/1610 1310/1425/1610
f 1310/1425/1611 482/548/1611 491/557/1611 1311/1427/1611
f 1311/1427/1612 491/557/1612 500/566/1612 1312/1429/1612
f 1312/1429/1613 500/566/1613 588/575/1613 1313/1431/1613
f 1313/1568/1614 588/678/1614 587/676/1614 1440/1559/1614
f 1440/1559/1615 587/676/1615 586/674/1615 1431/1550/1615
f 1431/1550/1616 586/674/1616 585/672/1616 1422/1541/1616
f 1422/1541/1617 585/672/1617 584/670/1617 1413/1532/1617
f 1413/1532/1618 584/670/1618 583/668/1618 1404/1523/1618
f 1404/1523/1619 583/668/1619 582/666/1619 1395/1514/1619
f 1395/1514/1620 582/666/1620 581/663/1620 1386/1498/1620
f 1386/1498/1621 581/663/1621 437/17/1621 1304/20/1621
f 652/10/1622 1520/9/1622 1531/1640/1622 655/735/1622
f 655/735/1623 1531/1640/1623 1540/1656/1623 656/738/1623
f 656/738/1624 1540/1656/1624 1549/1665/1624 657/740/1624
f 657/740/1625 1549/1665/1625 1558/1674/1625 658/742/1625
f 658/742/1626 1558/1674/1626 1567/1683/1626 659/744/1626
f 659/744/1627 1567/1683/1627 1576/1692/1627 660/746/1627
f 660/746/1628 1576/1692/1628 1585/1701/1628 661/748/1628
f 661/748/1629 1585/1701/1629 1673/1710/1629 662/750/1629
f 662/887/1630 1673/1805/1630 1672/1803/1630 789/878/1630
f 789/878/1631 1672/1803/1631 1671/1801/1631 780/869/1631
f 780/869/1632 1671/1801/1632 1670/1799/1632 771/860/1632
f 771/860/1633 1670/1799/1633 1669/1797/1633 762/851/1633
f 762/851/1634 1669/1797/1634 1668/1795/1634 753/842/1634
f 753/842/1635 1668/1795/1635 1667/1793/1635 744/833/1635
f 744/833/1636 1667/1793/1636 1666/1790/1636 735/817/1636
f 735/817/1637 1666/1790/1637 1522/19/1637 653/18/1637
f 1521/6/1638 1305/5/1638 1457/1577/1638 1595/1718/1638
f 1595/1718/1639 1457/1577/1639 1466/1591/1639 1596/1721/1639
f 1596/1721/1640 1466/1591/1640 1475/1599/1640 1597/1723/1640
f 1597/1723/1641 1475/1599/1641 1484/1607/1641 1598/1725/1641
f 1598/1725/1642 1484/1607/1642 1493/1615/1642 1599/1727/1642
f 1599/1727/1643 1493/1615/1643 1502/1623/1643 1600/1729/1643
f 1600/1729/1644 1502/1623/1644 1511/1631/1644 1601/1731/1644
f 1601/1731/1645 1511/1631/1645 1385/1511/1645 1602/1733/1645
f 1602/1733/1646 1385/1511/1646 1384/1509/1646 1728/1853/1646
f 1728/1853/1647 1384/1509/1647 1383/1507/1647 1719/1844/1647
f 1719/1844/1648 1383/1507/1648 1382/1505/1648 1710/1835/1648
f 1710/1835/1649 1382/1505/1649 1381/1503/1649 1701/1826/1649
f 1701/1826/1650 1381/1503/1650 1380/1501/1650 1692/1817/1650
f 1692/1817/1651 1380/1501/1651 1379/1499/1651 1683/1808/1651
f 1683/1808/1652 1379/1499/1652 1378/1496/1652 1674/1792/1652
f 1674/1792/1653 1378/1496/1653 1304/20/1653 1522/19/1653
f 869/967/1654 1303/1415/1654 1314/1418/1654 872/968/1654
f 872/968/1655 1314/1418/1655 1323/1434/1655 873/971/1655
f 873/971/1656 1323/1434/1656 1332/1443/1656 874/973/1656
f 874/973/1657 1332/1443/1657 1341/1452/1657 875/975/1657
f 875/975/1658 1341/1452/1658 1350/1461/1658 876/977/1658
f 876/977/1659 1350/1461/1659 1359/1470/1659 877/979/1659
f 877/979/1660 1359/1470/1660 1368/1479/1660 878/981/1660
f 878/981/1661 1368/1479/1661 1456/1488/1661 879/983/1661
f 879/983/1662 1456/1488/1662 1455/1588/1662 1006/1111/1662
f 1006/1111/1663 1455/1588/1663 1454/1586/1663 997/1102/1663
f 997/1102/1664 1454/1586/1664 1453/1584/1664 988/1093/1664
f 988/1093/1665 1453/1584/1665 1452/1582/1665 979/1084/1665
f 979/1084/1666 1452/1582/1666 1451/1580/1666 970/1075/1666
f 970/1075/1667 1451/1580/1667 1450/1578/1667 961/1066/1667
f 961/1066/1668 1450/1578/1668 1449/1575/1668 952/1050/1668
f 952/1050/1669 1449/1575/1669 1305/5/1669 870/8/1669
f 1520/9/1670 1086/12/1670 1097/1194/1670 1523/1638/1670
f 1523/1638/1671 1097/1194/1671 1106/1210/1671 1524/1641/1671
f 1524/1641/1672 1106/1210/1672 1115/1219/1672 1525/1643/1672
f 1525/1643/1673 1115/1219/1673 1124/1228/1673 1526/1645/1673
f 1526/1645/1674 1124/1228/1674 1133/1237/1674 1527/1647/1674
f 1527/1647/1675 1133/1237/1675 1142/1246/1675 1528/1649/1675
f 1528/1649/1676 1142/1246/1676 1151/1255/1676 1529/1651/1676
f 1529/1651/1677 1151/1255/1677 1239/1264/1677 1530/1653/1677
f 1530/1653/1678 1239/1264/1678 1238/1364/1678 1657/1781/1678
f 1657/1781/1679 1238/1364/1679 1237/1362/1679 1648/1772/1679
f 1648/1772/1680 1237/1362/1680 1236/1360/1680 1639/1763/1680
f 1639/1763/1681 1236/1360/1681 1235/1358/1681 1630/1754/1681
f 1630/1754/1682 1235/1358/1682 1234/1356/1682 1621/1745/1682
f 1621/1745/1683 1234/1356/1683 1233/1354/1683 1612/1736/1683
f 1612/1736/1684 1233/1354/1684 1232/1351/1684 1603/1720/1684
f 1603/1720/1685 1232/1351/1685 1088/7/1685 1521/6/1685
f 1087/2/1686 871/1/1686 1023/1123/1686 1161/1272/1686
f 1161/1272/1687 1023/1123/1687 1032/1139/1687 1162/1275/1687
f 1162/1275/1688 1032/1139/1688 1041/1148/1688 1163/1277/1688
f 1163/1277/1689 1041/1148/1689 1050/1157/1689 1164/1279/1689
f 1164/1279/1690 1050/1157/1690 1059/1166/1690 1165/1281/1690
f 1165/1281/1691 1059/1166/1691 1068/1175/1691 1166/1283/1691
f 1166/1283/1692 1068/1175/1692 1077/1184/1692 1167/1285/1692
f 1167/1285/1693 1077/1184/1693 951/1063/1693 1168/1287/1693
f 1168/1287/1694 951/1063/1694 950/1061/1694 1294/1407/1694
f 1294/1407/1695 950/1061/1695 949/1059/1695 1285/1399/1695
f 1285/1399/1696 949/1059/1696 948/1057/1696 1276/1391/1696
f 1276/1391/1697 948/1057/1697 947/1055/1697 1267/1383/1697
f 1267/1383/1698 947/1055/1698 946/1053/1698 1258/1375/1698
f 1258/1375/1699 946/1053/1699 945/1051/1699 1249/1367/1699
f 1249/1367/1700 945/1051/1700 944/1048/1700 1240/1353/1700
f 1240/1353/1701 944/1048/1701 870/8/1701 1088/7/1701
f 1/21/1702 869/967/1702 880/970/1702 4/22/1702
f 4/22/1703 880/970/1703 889/986/1703 5/25/1703
f 5/25/1704 889/986/1704 898/995/1704 6/27/1704
f 6/27/1705 898/995/1705 907/1004/1705 7/29/1705
f 7/29/1706 907/1004/1706 916/1013/1706 8/31/1706
f 8/31/1707 916/1013/1707 925/1022/1707 9/33/1707
f 9/33/1708 925/1022/1708 934/1031/1708 10/35/1708
f 10/35/1709 934/1031/1709 1022/1040/1709 11/37/1709
f 11/174/1710 1022/1136/1710 1021/1134/1710 138/165/1710
f 138/165/1711 1021/1134/1711 1020/1132/1711 129/156/1711
f 129/156/1712 1020/1132/1712 1019/1130/1712 120/147/1712
f 120/147/1713 1019/1130/1713 1018/1128/1713 111/138/1713
f 111/138/1714 1018/1128/1714 1017/1126/1714 102/129/1714
f 102/129/1715 1017/1126/1715 1016/1124/1715 93/120/1715
f 93/120/1716 1016/1124/1716 1015/1121/1716 84/104/1716
f 84/104/1717 1015/1121/1717 871/1/1717 2/4/1717
f 1086/12/1718 219/11/1718 301/344/1718 1089/1192/1718
f 1089/1192/1719 301/344/1719 310/360/1719 1090/1195/1719
f 1090/1195/1720 310/360/1720 319/369/1720 1091/1197/1720
f 1091/1197/1721 319/369/1721 328/378/1721 1092/1199/1721
f 1092/1199/1722 328/378/1722 337/387/1722 1093/1201/1722
f 1093/1201/1723 337/387/1723 346/396/1723 1094/1203/1723
f 1094/1203/1724 346/396/1724 355/405/1724 1095/1205/1724
f 1095/1205/1725 355/405/1725 228/414/1725 1096/1207/1725
f 1096/1344/1726 228/277/1726 227/275/1726 1223/1335/1726
f 1223/1335/1727 227/275/1727 226/273/1727 1214/1326/1727
f 1214/1326/1728 226/273/1728 225/271/1728 1205/1317/1728
f 1205/1317/1729 225/271/1729 224/269/1729 1196/1308/1729
f 1196/1308/1730 224/269/1730 223/267/1730 1187/1299/1730
f 1187/1299/1731 223/267/1731 222/265/1731 1178/1290/1731
f 1178/1290/1732 222/265/1732 221/262/1732 1169/1274/1732
f 1169/1274/1733 221/262/1733 218/3/1733 1087/2/1733
f 435/502/1734 1303/1415/1734 869/967/1734 1/21/1734
o Cube.001
v -1.951113 2.286667 2.000000
v -1.951113 2.686667 2.000000
v -1.951113 2.286667 -2.000000
v -1.951113 2.686667 -2.000000
v 2.248887 2.286667 2.000000
v 2.248887 2.686667 2.000000
v 2.248887 2.286667 -2.000000
v 2.248887 2.686667 -2.000000
vn -1.0000 -0.0000 -0.0000
vn -0.0000 -0.0000 -1.0000
vn 1.0000 -0.0000 -0.0000
vn -0.0000 -0.0000 1.0000
vn -0.0000 -1.0000 -0.0000
vn -0.0000 1.0000 -0.0000
vt 0.375000 0.000000
vt 0.625000 0.000000
vt 0.625000 0.250000
vt 0.375000 0.250000
vt 0.625000 0.500000
vt 0.375000 0.500000
vt 0.625000 0.750000
vt 0.375000 0.750000
vt 0.625000 1.000000
vt 0.375000 1.000000
vt 0.125000 0.500000
vt 0.125000 0.750000
vt 0.875000 0.500000
vt 0.875000 0.750000
s 0
usemtl Material.002
f 1737/1861/1735 1738/1862/1735 1740/1863/1735 1739/1864/1735
f 1739/1864/1736 1740/1863/1736 1744/1865/1736 1743/1866/1736
f 1743/1866/1737 1744/1865/1737 1742/1867/1737 1741/1868/1737
f 1741/1868/1738 1742/1867/1738 1738/1869/1738 1737/1870/1738
f 1739/1871/1739 1743/1866/1739 1741/1868/1739 1737/1872/1739
f 1744/1865/1740 1740/1873/1740 1738/1874/1740 1742/1867/1740
o Cube.002
v -2.080740 -2.307469 2.001000
v -2.080740 2.692531 2.001000
v -2.080740 -2.307469 -2.001000
v -2.080740 2.692531 -2.001000
v -1.880740 -2.307469 2.001000
v -1.880740 2.692531 2.001000
v -1.880740 -2.307469 -2.001000
v -1.880740 2.692531 -2.001000
vn -1.0000 -0.0000 -0.0000
vn -0.0000 -0.0000 -1.0000
vn 1.0000 -0.0000 -0.0000
vn -0.0000 -0.0000 1.0000
vn -0.0000 -1.0000 -0.0000
vn -0.0000 1.0000 -0.0000
vt 0.375000 0.000000
vt 0.625000 0.000000
vt 0.625000 0.250000
vt 0.375000 0.250000
vt 0.625000 0.500000
vt 0.375000 0.500000
vt 0.625000 0.750000
vt 0.375000 0.750000
vt 0.625000 1.000000
vt 0.375000 1.000000
vt 0.125000 0.500000
vt 0.125000 0.750000
vt 0.875000 0.500000
vt 0.875000 0.750000
s 0
f 1745/1875/1741 1746/1876/1741 1748/1877/1741 1747/1878/1741
f 1747/1878/1742 1748/1877/1742 1752/1879/1742 1751/1880/1742
f 1751/1880/1743 1752/1879/1743 1750/1881/1743 1749/1882/1743
f 1749/1882/1744 1750/1881/1744 1746/1883/1744 1745/1884/1744
f 1747/1885/1745 1751/1880/1745 1749/1882/1745 1745/1886/1745
f 1752/1879/1746 1748/1887/1746 1746/1888/1746 1750/1881/1746
o Sphere
v 1.998738 0.266532 -1.531458
v 1.998738 0.211353 -1.586637
v 1.998738 0.139257 -1.616501
v 1.998738 0.100238 -1.620344
v 1.998738 0.061220 -1.616501
v 1.998738 -0.010876 -1.586637
v 2.006350 0.296396 -1.458612
v 2.013669 0.285014 -1.495410
v 2.020415 0.266532 -1.529323
v 2.026328 0.241660 -1.559048
v 2.031180 0.211353 -1.583442
v 2.034786 0.176775 -1.601569
v 2.037006 0.139257 -1.612732
v 2.037756 0.100238 -1.616501
v 2.037006 0.061220 -1.612732
v 2.034786 0.023702 -1.601569
v 2.031180 -0.010876 -1.583442
v 2.026328 -0.041183 -1.559048
v 2.020415 -0.066055 -1.529323
v 2.013669 -0.084537 -1.495410
v 2.006350 -0.095919 -1.458612
v 2.013669 0.296396 -1.456392
v 2.028027 0.285014 -1.491054
v 2.041259 0.266532 -1.523000
v 2.052857 0.241660 -1.551000
v 2.062376 0.211353 -1.573979
v 2.069448 0.176775 -1.591054
v 2.073804 0.139257 -1.601569
v 2.075274 0.100238 -1.605119
v 2.073804 0.061220 -1.601569
v 2.069448 0.023702 -1.591054
v 2.062376 -0.010876 -1.573979
v 2.052857 -0.041183 -1.551000
v 2.041259 -0.066055 -1.523000
v 2.028027 -0.084537 -1.491054
v 2.013669 -0.095919 -1.456392
v 2.020415 0.296396 -1.452786
v 2.041259 0.285014 -1.483982
v 2.060469 0.266532 -1.512732
v 2.077307 0.241660 -1.537931
v 2.091126 0.211353 -1.558612
v 2.101394 0.176775 -1.573979
v 2.107717 0.139257 -1.583442
v 2.109852 0.100238 -1.586637
v 2.107717 0.061220 -1.583442
v 2.101394 0.023702 -1.573979
v 2.091126 -0.010876 -1.558612
v 2.077307 -0.041183 -1.537931
v 2.060469 -0.066055 -1.512732
v 2.041259 -0.084537 -1.483982
v 2.020415 -0.095919 -1.452786
v 2.026328 0.296396 -1.447934
v 2.052857 0.285014 -1.474463
v 2.077307 0.266532 -1.498913
v 2.098738 0.241660 -1.520344
v 2.116325 0.211353 -1.537931
v 2.129394 0.176775 -1.551000
v 2.137442 0.139257 -1.559048
v 2.140159 0.100238 -1.561765
v 2.137442 0.061220 -1.559048
v 2.129394 0.023702 -1.551000
v 2.116325 -0.010876 -1.537931
v 2.098738 -0.041183 -1.520344
v 2.077307 -0.066055 -1.498913
v 2.052857 -0.084537 -1.474463
v 2.026328 -0.095919 -1.447934
v 2.031180 0.296396 -1.442021
v 2.062376 0.285014 -1.462865
v 2.091126 0.266532 -1.482075
v 2.116325 0.241660 -1.498913
v 2.137006 0.211353 -1.512732
v 2.152373 0.176775 -1.523000
v 2.161836 0.139257 -1.529323
v 2.165032 0.100238 -1.531458
v 2.161836 0.061220 -1.529323
v 2.152373 0.023702 -1.523000
v 2.137006 -0.010876 -1.512732
v 2.116325 -0.041183 -1.498913
v 2.091126 -0.066055 -1.482075
v 2.062376 -0.084537 -1.462865
v 2.031180 -0.095919 -1.442021
v 1.998738 0.300238 -1.420344
v 2.034786 0.296396 -1.435275
v 2.069448 0.285014 -1.449633
v 2.101394 0.266532 -1.462865
v 2.129394 0.241660 -1.474463
v 2.152373 0.211353 -1.483981
v 2.169448 0.176775 -1.491054
v 2.179963 0.139257 -1.495410
v 2.183514 0.100238 -1.496880
v 2.179963 0.061220 -1.495410
v 2.169448 0.023702 -1.491054
v 2.152373 -0.010876 -1.483981
v 2.129394 -0.041183 -1.474463
v 2.101394 -0.066055 -1.462865
v 2.069448 -0.084537 -1.449633
v 2.034786 -0.095919 -1.435275
v 2.037006 0.296396 -1.427956
v 2.073804 0.285014 -1.435275
v 2.107717 0.266532 -1.442021
v 2.137442 0.241660 -1.447934
v 2.161836 0.211353 -1.452786
v 2.179963 0.176775 -1.456392
v 2.191126 0.139257 -1.458612
v 2.194895 0.100238 -1.459362
v 2.191126 0.061220 -1.458612
v 2.179963 0.023702 -1.456392
v 2.161836 -0.010876 -1.452786
v 2.137442 -0.041183 -1.447934
v 2.107717 -0.066055 -1.442021
v 2.073804 -0.084537 -1.435275
v 2.037006 -0.095919 -1.427956
v 2.037756 0.296396 -1.420344
v 2.075274 0.285014 -1.420344
v 2.109852 0.266532 -1.420344
v 2.140159 0.241660 -1.420344
v 2.165032 0.211353 -1.420344
v 2.183514 0.176775 -1.420344
v 2.194895 0.139257 -1.420344
v 2.198738 0.100238 -1.420344
v 2.194895 0.061220 -1.420344
v 2.183514 0.023702 -1.420344
v 2.165032 -0.010876 -1.420344
v 2.140159 -0.041183 -1.420344
v 2.109852 -0.066055 -1.420344
v 2.075274 -0.084537 -1.420344
v 2.037756 -0.095919 -1.420344
v 2.037006 0.296396 -1.412732
v 2.073804 0.285014 -1.405412
v 2.107717 0.266532 -1.398666
v 2.137442 0.241660 -1.392754
v 2.161836 0.211353 -1.387901
v 2.179963 0.176775 -1.384296
v 2.191126 0.139257 -1.382075
v 2.194895 0.100238 -1.381326
v 2.191126 0.061220 -1.382075
v 2.179963 0.023702 -1.384296
v 2.161836 -0.010876 -1.387901
v 2.137442 -0.041183 -1.392754
v 2.107717 -0.066055 -1.398666
v 2.073804 -0.084537 -1.405412
v 2.037006 -0.095919 -1.412732
v 2.034786 0.296396 -1.405412
v 2.069448 0.285014 -1.391054
v 2.101394 0.266532 -1.377822
v 2.129394 0.241660 -1.366224
v 2.152373 0.211353 -1.356706
v 2.169448 0.176775 -1.349633
v 2.179963 0.139257 -1.345278
v 2.183514 0.100238 -1.343807
v 2.179963 0.061220 -1.345278
v 2.169448 0.023702 -1.349633
v 2.152373 -0.010876 -1.356706
v 2.129394 -0.041183 -1.366224
v 2.101394 -0.066055 -1.377822
v 2.069448 -0.084537 -1.391054
v 2.034786 -0.095919 -1.405412
v 2.031180 0.296396 -1.398666
v 2.062376 0.285014 -1.377822
v 2.091126 0.266532 -1.358612
v 2.116325 0.241660 -1.341774
v 2.137006 0.211353 -1.327956
v 2.152373 0.176775 -1.317688
v 2.161836 0.139257 -1.311365
v 2.165032 0.100238 -1.309230
v 2.161836 0.061220 -1.311365
v 2.152373 0.023702 -1.317688
v 2.137006 -0.010876 -1.327956
v 2.116325 -0.041183 -1.341774
v 2.091126 -0.066055 -1.358612
v 2.062376 -0.084537 -1.377822
v 2.031180 -0.095919 -1.398666
v 2.026328 0.296396 -1.392754
v 2.052857 0.285014 -1.366224
v 2.077307 0.266532 -1.341774
v 2.098738 0.241660 -1.320344
v 2.116325 0.211353 -1.302756
v 2.129394 0.176775 -1.289687
v 2.137442 0.139257 -1.281640
v 2.140159 0.100238 -1.278922
v 2.137442 0.061220 -1.281640
v 2.129394 0.023702 -1.289687
v 2.116325 -0.010876 -1.302756
v 2.098738 -0.041183 -1.320344
v 2.077307 -0.066055 -1.341774
v 2.052857 -0.084537 -1.366224
v 2.026328 -0.095919 -1.392754
v 2.020415 0.296396 -1.387901
v 2.041259 0.285014 -1.356706
v 2.060469 0.266532 -1.327956
v 2.077307 0.241660 -1.302756
v 2.091126 0.211353 -1.282075
v 2.101394 0.176775 -1.266708
v 2.107717 0.139257 -1.257245
v 2.109852 0.100238 -1.254050
v 2.107717 0.061220 -1.257245
v 2.101394 0.023702 -1.266708
v 2.091126 -0.010876 -1.282075
v 2.077307 -0.041183 -1.302756
v 2.060469 -0.066055 -1.327956
v 2.041259 -0.084537 -1.356706
v 2.020415 -0.095919 -1.387901
v 2.013669 0.296396 -1.384296
v 2.028027 0.285014 -1.349633
v 2.041259 0.266532 -1.317688
v 2.052857 0.241660 -1.289687
v 2.062376 0.211353 -1.266708
v 2.069448 0.176775 -1.249633
v 2.073804 0.139257 -1.239118
v 2.075274 0.100238 -1.235568
v 2.073804 0.061220 -1.239118
v 2.069448 0.023702 -1.249633
v 2.062376 -0.010876 -1.266708
v 2.052857 -0.041183 -1.289687
v 2.041259 -0.066055 -1.317688
v 2.028027 -0.084537 -1.349633
v 2.013669 -0.095919 -1.384296
v 2.006350 0.296396 -1.382075
v 2.013669 0.285014 -1.345278
v 2.020415 0.266532 -1.311365
v 2.026328 0.241660 -1.281640
v 2.031180 0.211353 -1.257245
v 2.034786 0.176775 -1.239118
v 2.037006 0.139257 -1.227956
v 2.037756 0.100238 -1.224187
v 2.037006 0.061220 -1.227956
v 2.034786 0.023702 -1.239118
v 2.031180 -0.010876 -1.257245
v 2.026328 -0.041183 -1.281640
v 2.020415 -0.066055 -1.311365
v 2.013669 -0.084537 -1.345278
v 2.006350 -0.095919 -1.382075
v 1.998738 0.296396 -1.381326
v 1.998738 0.285014 -1.343807
v 1.998738 0.266532 -1.309230
v 1.998738 0.241660 -1.278922
v 1.998738 0.211353 -1.254050
v 1.998738 0.176775 -1.235568
v 1.998738 0.139257 -1.224187
v 1.998738 0.100238 -1.220344
v 1.998738 0.061220 -1.224187
v 1.998738 0.023702 -1.235568
v 1.998738 -0.010876 -1.254050
v 1.998738 -0.041183 -1.278922
v 1.998738 -0.066055 -1.309230
v 1.998738 -0.084537 -1.343807
v 1.998738 -0.095919 -1.381326
v 1.991126 0.296396 -1.382075
v 1.983806 0.285014 -1.345278
v 1.977061 0.266532 -1.311365
v 1.971148 0.241660 -1.281640
v 1.966295 0.211353 -1.257245
v 1.962690 0.176775 -1.239118
v 1.960469 0.139257 -1.227956
v 1.959720 0.100238 -1.224187
v 1.960469 0.061220 -1.227956
v 1.962690 0.023702 -1.239118
v 1.966295 -0.010876 -1.257245
v 1.971148 -0.041183 -1.281640
v 1.977061 -0.066055 -1.311365
v 1.983806 -0.084537 -1.345278
v 1.991126 -0.095919 -1.382075
v 1.983806 0.296396 -1.384296
v 1.969448 0.285014 -1.349633
v 1.956216 0.266532 -1.317688
v 1.944618 0.241660 -1.289687
v 1.935100 0.211353 -1.266708
v 1.928027 0.176775 -1.249633
v 1.923672 0.139257 -1.239118
v 1.922201 0.100238 -1.235568
v 1.923672 0.061220 -1.239118
v 1.928027 0.023702 -1.249633
v 1.935100 -0.010876 -1.266708
v 1.944618 -0.041183 -1.289687
v 1.956216 -0.066055 -1.317688
v 1.969448 -0.084537 -1.349633
v 1.983806 -0.095919 -1.384296
v 1.977061 0.296396 -1.387901
v 1.956216 0.285014 -1.356706
v 1.937006 0.266532 -1.327956
v 1.920168 0.241660 -1.302756
v 1.906350 0.211353 -1.282075
v 1.896082 0.176775 -1.266708
v 1.889759 0.139257 -1.257245
v 1.887624 0.100238 -1.254050
v 1.889759 0.061220 -1.257245
v 1.896082 0.023702 -1.266708
v 1.906350 -0.010876 -1.282075
v 1.920168 -0.041183 -1.302756
v 1.937006 -0.066055 -1.327956
v 1.956216 -0.084537 -1.356706
v 1.977061 -0.095919 -1.387901
v 1.971148 0.296396 -1.392754
v 1.944618 0.285014 -1.366224
v 1.920168 0.266532 -1.341774
v 1.898738 0.241660 -1.320344
v 1.881150 0.211353 -1.302756
v 1.868082 0.176775 -1.289687
v 1.860034 0.139257 -1.281640
v 1.857316 0.100238 -1.278922
v 1.860034 0.061220 -1.281640
v 1.868082 0.023702 -1.289687
v 1.881150 -0.010876 -1.302756
v 1.898738 -0.041183 -1.320344
v 1.920168 -0.066055 -1.341774
v 1.944618 -0.084537 -1.366224
v 1.971148 -0.095919 -1.392754
v 1.998738 -0.099762 -1.420344
v 1.966295 0.296396 -1.398666
v 1.935100 0.285014 -1.377822
v 1.906350 0.266532 -1.358612
v 1.881150 0.241660 -1.341774
v 1.860470 0.211353 -1.327956
v 1.845102 0.176775 -1.317688
v 1.835639 0.139257 -1.311365
v 1.832444 0.100238 -1.309230
v 1.835639 0.061220 -1.311365
v 1.845102 0.023702 -1.317688
v 1.860470 -0.010876 -1.327956
v 1.881150 -0.041183 -1.341774
v 1.906350 -0.066055 -1.358612
v 1.935100 -0.084537 -1.377822
v 1.966295 -0.095919 -1.398666
v 1.962690 0.296396 -1.405412
v 1.928027 0.285014 -1.391054
v 1.896082 0.266532 -1.377822
v 1.868082 0.241660 -1.366224
v 1.845102 0.211353 -1.356706
v 1.828027 0.176775 -1.349633
v 1.817512 0.139257 -1.345278
v 1.813962 0.100238 -1.343807
v 1.817512 0.061220 -1.345278
v 1.828027 0.023702 -1.349633
v 1.845102 -0.010876 -1.356706
v 1.868082 -0.041183 -1.366224
v 1.896082 -0.066055 -1.377822
v 1.928027 -0.084537 -1.391054
v 1.962690 -0.095919 -1.405412
v 1.960469 0.296396 -1.412732
v 1.923672 0.285014 -1.405412
v 1.889759 0.266532 -1.398666
v 1.860034 0.241660 -1.392754
v 1.835639 0.211353 -1.387901
v 1.817512 0.176775 -1.384296
v 1.806350 0.139257 -1.382075
v 1.802581 0.100238 -1.381326
v 1.806350 0.061220 -1.382075
v 1.817512 0.023702 -1.384296
v 1.835639 -0.010876 -1.387901
v 1.860034 -0.041183 -1.392754
v 1.889759 -0.066055 -1.398666
v 1.923672 -0.084537 -1.405412
v 1.960469 -0.095919 -1.412732
v 1.959720 0.296396 -1.420344
v 1.922201 0.285014 -1.420344
v 1.887624 0.266532 -1.420344
v 1.857316 0.241660 -1.420344
v 1.832444 0.211353 -1.420344
v 1.813962 0.176775 -1.420344
v 1.802581 0.139257 -1.420344
v 1.798738 0.100238 -1.420344
v 1.802581 0.061220 -1.420344
v 1.813962 0.023702 -1.420344
v 1.832444 -0.010876 -1.420344
v 1.857316 -0.041183 -1.420344
v 1.887624 -0.066055 -1.420344
v 1.922201 -0.084537 -1.420344
v 1.959720 -0.095919 -1.420344
v 1.960469 0.296396 -1.427956
v 1.923672 0.285014 -1.435275
v 1.889759 0.266532 -1.442021
v 1.860034 0.241660 -1.447934
v 1.835639 0.211353 -1.452786
v 1.817512 0.176775 -1.456392
v 1.806350 0.139257 -1.458612
v 1.802581 0.100238 -1.459362
v 1.806350 0.061220 -1.458612
v 1.817512 0.023702 -1.456392
v 1.835639 -0.010876 -1.452786
v 1.860034 -0.041183 -1.447934
v 1.889759 -0.066055 -1.442021
v 1.923672 -0.084537 -1.435275
v 1.960469 -0.095919 -1.427956
v 1.962690 0.296396 -1.435275
v 1.928027 0.285014 -1.449633
v 1.896082 0.266532 -1.462865
v 1.868082 0.241660 -1.474463
v 1.845102 0.211353 -1.483982
v 1.828027 0.176775 -1.491054
v 1.817512 0.139257 -1.495410
v 1.813962 0.100238 -1.496880
v 1.817512 0.061220 -1.495410
v 1.828027 0.023702 -1.491054
v 1.845102 -0.010876 -1.483982
v 1.868082 -0.041183 -1.474463
v 1.896082 -0.066055 -1.462865
v 1.928027 -0.084537 -1.449633
v 1.962690 -0.095919 -1.435275
v 1.966295 0.296396 -1.442021
v 1.935100 0.285014 -1.462865
v 1.906350 0.266532 -1.482075
v 1.881150 0.241660 -1.498913
v 1.860470 0.211353 -1.512732
v 1.845102 0.176775 -1.523000
v 1.835639 0.139257 -1.529323
v 1.832444 0.100238 -1.531458
v 1.835639 0.061220 -1.529323
v 1.845102 0.023702 -1.523000
v 1.860470 -0.010876 -1.512732
v 1.881150 -0.041183 -1.498913
v 1.906350 -0.066055 -1.482075
v 1.935100 -0.084537 -1.462865
v 1.966295 -0.095919 -1.442021
v 1.971148 0.296396 -1.447934
v 1.944618 0.285014 -1.474463
v 1.920168 0.266532 -1.498913
v 1.898738 0.241660 -1.520344
v 1.881150 0.211353 -1.537931
v 1.868082 0.176775 -1.551000
v 1.860034 0.139257 -1.559048
v 1.857317 0.100238 -1.561765
v 1.860034 0.061220 -1.559048
v 1.868082 0.023702 -1.551000
v 1.881150 -0.010876 -1.537931
v 1.898738 -0.041183 -1.520344
v 1.920168 -0.066055 -1.498913
v 1.944618 -0.084537 -1.474463
v 1.971148 -0.095919 -1.447934
v 1.977061 0.296396 -1.452786
v 1.956216 0.285014 -1.483981
v 1.937006 0.266532 -1.512732
v 1.920168 0.241660 -1.537931
v 1.906350 0.211353 -1.558612
v 1.896082 0.176775 -1.573979
v 1.889759 0.139257 -1.583442
v 1.887624 0.100238 -1.586637
v 1.889759 0.061220 -1.583442
v 1.896082 0.023702 -1.573979
v 1.906350 -0.010876 -1.558612
v 1.920168 -0.041183 -1.537931
v 1.937006 -0.066055 -1.512732
v 1.956216 -0.084537 -1.483981
v 1.977061 -0.095919 -1.452786
v 1.983806 0.296396 -1.456392
v 1.969449 0.285014 -1.491054
v 1.956216 0.266532 -1.523000
v 1.944618 0.241660 -1.551000
v 1.935100 0.211353 -1.573979
v 1.928027 0.176775 -1.591054
v 1.923672 0.139257 -1.601569
v 1.922201 0.100238 -1.605119
v 1.923672 0.061220 -1.601569
v 1.928027 0.023702 -1.591054
v 1.935100 -0.010876 -1.573979
v 1.944618 -0.041183 -1.551000
v 1.956216 -0.066055 -1.523000
v 1.969449 -0.084537 -1.491054
v 1.983806 -0.095919 -1.456392
v 1.991126 0.296396 -1.458612
v 1.983806 0.285014 -1.495410
v 1.977061 0.266532 -1.529323
v 1.971148 0.241660 -1.559048
v 1.966296 0.211353 -1.583442
v 1.962690 0.176775 -1.601569
v 1.960470 0.139257 -1.612731
v 1.959720 0.100238 -1.616500
v 1.960470 0.061220 -1.612731
v 1.962690 0.023702 -1.601569
v 1.966296 -0.010876 -1.583442
v 1.971148 -0.041183 -1.559048
v 1.977061 -0.066055 -1.529323
v 1.983806 -0.084537 -1.495410
v 1.991126 -0.095919 -1.458612
v 1.998738 0.296396 -1.459362
v 1.998738 0.285014 -1.496880
v 1.998738 0.241660 -1.561765
v 1.998738 0.176775 -1.605119
v 1.998738 0.023702 -1.605119
v 1.998738 -0.041183 -1.561765
v 1.998738 -0.066055 -1.531458
v 1.998738 -0.084537 -1.496880
v 1.998738 -0.095919 -1.459362
vn 0.0938 -0.2890 -0.9527
vn 0.0464 0.8810 -0.4709
vn 0.0865 -0.4696 -0.8786
vn 0.0624 0.7715 -0.6332
vn 0.0759 -0.6326 -0.7708
vn 0.0759 0.6326 -0.7708
vn 0.0624 -0.7715 -0.6332
vn 0.0865 0.4696 -0.8786
vn 0.0464 -0.8810 -0.4709
vn 0.0938 0.2890 -0.9527
vn 0.0286 -0.9565 -0.2902
vn 0.0975 0.0975 -0.9904
vn 0.0097 0.9951 -0.0980
vn 0.0097 -0.9951 -0.0980
vn 0.0975 -0.0975 -0.9904
vn 0.0286 0.9565 -0.2902
vn 0.2889 -0.0976 -0.9524
vn 0.0846 0.9565 -0.2790
vn 0.2779 -0.2890 -0.9161
vn 0.1374 0.8810 -0.4528
vn 0.2563 -0.4696 -0.8448
vn 0.1847 0.7715 -0.6088
vn 0.2248 -0.6326 -0.7412
vn 0.2248 0.6326 -0.7412
vn 0.1847 -0.7715 -0.6088
vn 0.2563 0.4696 -0.8448
vn 0.1374 -0.8810 -0.4528
vn 0.2779 0.2890 -0.9161
vn 0.0846 -0.9565 -0.2790
vn 0.2889 0.0976 -0.9524
vn 0.0286 0.9951 -0.0942
vn 0.0286 -0.9951 -0.0942
vn 0.2999 -0.7715 -0.5611
vn 0.4162 0.4696 -0.7786
vn 0.2230 -0.8810 -0.4173
vn 0.4513 0.2890 -0.8443
vn 0.1374 -0.9565 -0.2571
vn 0.4691 0.0975 -0.8777
vn 0.0464 0.9951 -0.0869
vn 0.0464 -0.9951 -0.0869
vn 0.4691 -0.0975 -0.8777
vn 0.1374 0.9565 -0.2571
vn 0.4513 -0.2890 -0.8443
vn 0.2230 0.8810 -0.4173
vn 0.4162 -0.4696 -0.7786
vn 0.2999 0.7715 -0.5611
vn 0.3651 -0.6326 -0.6831
vn 0.3651 0.6326 -0.6831
vn 0.1850 0.9565 -0.2254
vn 0.6073 -0.2890 -0.7400
vn 0.3002 0.8810 -0.3658
vn 0.5601 -0.4696 -0.6825
vn 0.4036 0.7715 -0.4918
vn 0.4913 -0.6326 -0.5987
vn 0.4913 0.6326 -0.5987
vn 0.4036 -0.7715 -0.4918
vn 0.5601 0.4696 -0.6825
vn 0.3002 -0.8810 -0.3658
vn 0.6073 0.2890 -0.7400
vn 0.1850 -0.9565 -0.2254
vn 0.6314 0.0975 -0.7693
vn 0.0625 0.9951 -0.0761
vn 0.0625 -0.9951 -0.0761
vn 0.6314 -0.0975 -0.7693
vn 0.6825 0.4696 -0.5601
vn 0.3658 -0.8810 -0.3002
vn 0.7400 0.2890 -0.6073
vn 0.2254 -0.9565 -0.1850
vn 0.7693 0.0975 -0.6314
vn 0.0761 0.9951 -0.0625
vn 0.0761 -0.9951 -0.0625
vn 0.7693 -0.0975 -0.6314
vn 0.2254 0.9565 -0.1850
vn 0.7400 -0.2890 -0.6073
vn 0.3658 0.8810 -0.3002
vn 0.6825 -0.4696 -0.5601
vn 0.4918 0.7715 -0.4036
vn 0.5987 -0.6326 -0.4913
vn 0.5987 0.6326 -0.4913
vn 0.4918 -0.7715 -0.4036
vn 0.8443 -0.2890 -0.4513
vn 0.4173 0.8810 -0.2230
vn 0.7786 -0.4696 -0.4162
vn 0.5611 0.7715 -0.2999
vn 0.6831 -0.6326 -0.3651
vn 0.6831 0.6326 -0.3651
vn 0.5611 -0.7715 -0.2999
vn 0.7786 0.4696 -0.4162
vn 0.4173 -0.8810 -0.2230
vn 0.8443 0.2890 -0.4513
vn 0.2571 -0.9565 -0.1374
vn 0.8777 0.0975 -0.4691
vn 0.0869 0.9951 -0.0464
vn 0.0869 -0.9951 -0.0464
vn 0.8777 -0.0975 -0.4691
vn 0.2571 0.9565 -0.1374
vn 0.4528 -0.8810 -0.1374
vn 0.9161 0.2890 -0.2779
vn 0.2790 -0.9565 -0.0846
vn 0.9524 0.0975 -0.2889
vn 0.0942 0.9951 -0.0286
vn 0.0942 -0.9951 -0.0286
vn 0.9524 -0.0975 -0.2889
vn 0.2790 0.9565 -0.0846
vn 0.9161 -0.2890 -0.2779
vn 0.4528 0.8810 -0.1374
vn 0.8448 -0.4696 -0.2563
vn 0.6088 0.7715 -0.1847
vn 0.7412 -0.6326 -0.2248
vn 0.7412 0.6326 -0.2248
vn 0.6088 -0.7715 -0.1847
vn 0.8448 0.4696 -0.2563
vn 0.8786 -0.4696 -0.0865
vn 0.6332 0.7715 -0.0624
vn 0.7708 -0.6326 -0.0759
vn 0.7708 0.6326 -0.0759
vn 0.6332 -0.7715 -0.0624
vn 0.8786 0.4696 -0.0865
vn 0.4709 -0.8810 -0.0464
vn 0.9527 0.2890 -0.0938
vn 0.2902 -0.9565 -0.0286
vn 0.9904 0.0975 -0.0975
vn 0.0980 0.9951 -0.0097
vn 0.0980 -0.9951 -0.0097
vn 0.9904 -0.0975 -0.0975
vn 0.2902 0.9565 -0.0286
vn 0.9527 -0.2890 -0.0938
vn 0.4709 0.8810 -0.0464
vn 0.2902 -0.9565 0.0286
vn 0.9904 0.0975 0.0976
vn 0.0980 0.9951 0.0097
vn 0.0980 -0.9951 0.0097
vn 0.9904 -0.0975 0.0976
vn 0.2902 0.9565 0.0286
vn 0.9527 -0.2890 0.0938
vn 0.4709 0.8810 0.0464
vn 0.8786 -0.4696 0.0865
vn 0.6332 0.7715 0.0624
vn 0.7708 -0.6326 0.0759
vn 0.7708 0.6326 0.0759
vn 0.6332 -0.7715 0.0624
vn 0.8786 0.4696 0.0865
vn 0.4709 -0.8810 0.0464
vn 0.9527 0.2890 0.0938
vn 0.6088 0.7715 0.1847
vn 0.7412 -0.6326 0.2248
vn 0.7412 0.6326 0.2248
vn 0.6088 -0.7715 0.1847
vn 0.8448 0.4696 0.2563
vn 0.4528 -0.8810 0.1374
vn 0.9161 0.2890 0.2779
vn 0.2790 -0.9565 0.0846
vn 0.9524 0.0975 0.2889
vn 0.0942 0.9951 0.0286
vn 0.0942 -0.9951 0.0286
vn 0.9524 -0.0975 0.2889
vn 0.2790 0.9565 0.0846
vn 0.9161 -0.2890 0.2779
vn 0.4528 0.8810 0.1374
vn 0.8448 -0.4696 0.2563
vn 0.8777 0.0975 0.4691
vn 0.0869 0.9951 0.0464
vn 0.0869 -0.9951 0.0464
vn 0.8777 -0.0975 0.4691
vn 0.2571 0.9565 0.1374
vn 0.8443 -0.2890 0.4513
vn 0.4173 0.8810 0.2230
vn 0.7786 -0.4696 0.4162
vn 0.5611 0.7715 0.2999
vn 0.6831 -0.6326 0.3651
vn 0.6831 0.6326 0.3651
vn 0.5611 -0.7715 0.2999
vn 0.7786 0.4696 0.4162
vn 0.4173 -0.8810 0.2230
vn 0.8443 0.2890 0.4513
vn 0.2571 -0.9565 0.1374
vn 0.5987 -0.6326 0.4913
vn 0.5987 0.6326 0.4913
vn 0.4918 -0.7715 0.4036
vn 0.6825 0.4696 0.5601
vn 0.3658 -0.8810 0.3002
vn 0.7400 0.2890 0.6073
vn 0.2254 -0.9565 0.1850
vn 0.7693 0.0975 0.6314
vn 0.0761 0.9951 0.0625
vn 0.0761 -0.9951 0.0625
vn 0.7693 -0.0975 0.6314
vn 0.2254 0.9565 0.1850
vn 0.7400 -0.2890 0.6073
vn 0.3658 0.8810 0.3002
vn 0.6825 -0.4696 0.5601
vn 0.4918 0.7715 0.4036
vn 0.0625 0.9951 0.0761
vn 0.0625 -0.9951 0.0761
vn 0.6314 -0.0975 0.7693
vn 0.1850 0.9565 0.2254
vn 0.6073 -0.2890 0.7400
vn 0.3002 0.8810 0.3658
vn 0.5601 -0.4696 0.6825
vn 0.4036 0.7715 0.4918
vn 0.4913 -0.6326 0.5987
vn 0.4913 0.6326 0.5987
vn 0.4036 -0.7715 0.4918
vn 0.5601 0.4696 0.6825
vn 0.3002 -0.8810 0.3658
vn 0.6073 0.2890 0.7400
vn 0.1850 -0.9565 0.2254
vn 0.6314 0.0975 0.7693
vn 0.3651 0.6326 0.6831
vn 0.2999 -0.7715 0.5611
vn 0.4162 0.4696 0.7786
vn 0.2230 -0.8810 0.4173
vn 0.4513 0.2890 0.8443
vn 0.1374 -0.9565 0.2571
vn 0.4691 0.0975 0.8777
vn 0.0464 0.9951 0.0869
vn 0.0464 -0.9951 0.0869
vn 0.4691 -0.0975 0.8777
vn 0.1374 0.9565 0.2571
vn 0.4513 -0.2890 0.8443
vn 0.2230 0.8810 0.4173
vn 0.4162 -0.4696 0.7786
vn 0.2999 0.7715 0.5611
vn 0.3651 -0.6326 0.6831
vn 0.2889 -0.0975 0.9524
vn 0.0846 0.9565 0.2790
vn 0.2779 -0.2890 0.9161
vn 0.1374 0.8810 0.4528
vn 0.2563 -0.4696 0.8448
vn 0.1847 0.7715 0.6088
vn 0.2248 -0.6326 0.7412
vn 0.2248 0.6326 0.7412
vn 0.1847 -0.7715 0.6088
vn 0.2563 0.4696 0.8448
vn 0.1374 -0.8810 0.4528
vn 0.2779 0.2890 0.9161
vn 0.0846 -0.9565 0.2790
vn 0.2889 0.0975 0.9524
vn 0.0286 0.9951 0.0942
vn 0.0286 -0.9951 0.0942
vn 0.0624 -0.7715 0.6332
vn 0.0865 0.4696 0.8786
vn 0.0464 -0.8810 0.4709
vn 0.0938 0.2890 0.9527
vn 0.0286 -0.9565 0.2902
vn 0.0975 0.0975 0.9904
vn 0.0097 0.9951 0.0980
vn 0.0097 -0.9951 0.0980
vn 0.0975 -0.0975 0.9904
vn 0.0286 0.9565 0.2902
vn 0.0938 -0.2890 0.9527
vn 0.0464 0.8810 0.4709
vn 0.0865 -0.4696 0.8786
vn 0.0624 0.7715 0.6332
vn 0.0759 -0.6326 0.7708
vn 0.0759 0.6326 0.7708
vn -0.0938 -0.2890 0.9527
vn -0.0464 0.8810 0.4709
vn -0.0865 -0.4696 0.8786
vn -0.0624 0.7715 0.6332
vn -0.0759 -0.6326 0.7708
vn -0.0759 0.6326 0.7708
vn -0.0624 -0.7715 0.6332
vn -0.0865 0.4696 0.8786
vn -0.0464 -0.8810 0.4709
vn -0.0938 0.2890 0.9527
vn -0.0286 -0.9565 0.2902
vn -0.0976 0.0975 0.9904
vn -0.0097 0.9951 0.0980
vn -0.0097 -0.9951 0.0980
vn -0.0976 -0.0975 0.9904
vn -0.0286 0.9565 0.2902
vn -0.1374 -0.8810 0.4528
vn -0.2779 0.2890 0.9161
vn -0.0846 -0.9565 0.2790
vn -0.2889 0.0975 0.9524
vn -0.0286 0.9951 0.0942
vn -0.0286 -0.9951 0.0942
vn -0.2889 -0.0975 0.9524
vn -0.0846 0.9565 0.2790
vn -0.2779 -0.2890 0.9161
vn -0.1374 0.8810 0.4528
vn -0.2563 -0.4696 0.8448
vn -0.1847 0.7715 0.6088
vn -0.2248 -0.6326 0.7412
vn -0.2248 0.6326 0.7412
vn -0.1847 -0.7715 0.6088
vn -0.2563 0.4696 0.8448
vn -0.2230 0.8810 0.4173
vn -0.4162 -0.4696 0.7786
vn -0.2999 0.7715 0.5611
vn -0.3651 -0.6326 0.6831
vn -0.3651 0.6326 0.6831
vn -0.2999 -0.7715 0.5611
vn -0.4162 0.4696 0.7786
vn -0.2230 -0.8810 0.4173
vn -0.4513 0.2890 0.8443
vn -0.1374 -0.9565 0.2571
vn -0.4691 0.0975 0.8777
vn -0.0464 0.9951 0.0869
vn -0.0464 -0.9951 0.0869
vn -0.4691 -0.0975 0.8777
vn -0.1374 0.9565 0.2571
vn -0.4513 -0.2890 0.8443
vn -0.6073 0.2890 0.7400
vn -0.1850 -0.9565 0.2254
vn -0.6314 0.0975 0.7693
vn -0.0625 0.9951 0.0761
vn -0.0625 -0.9951 0.0761
vn -0.6314 -0.0975 0.7693
vn -0.1850 0.9565 0.2254
vn -0.6073 -0.2890 0.7400
vn -0.3002 0.8810 0.3658
vn -0.5601 -0.4696 0.6825
vn -0.4036 0.7715 0.4918
vn -0.4913 -0.6326 0.5987
vn -0.4913 0.6326 0.5987
vn -0.4036 -0.7715 0.4918
vn -0.5601 0.4696 0.6825
vn -0.3002 -0.8810 0.3658
vn -0.6825 -0.4696 0.5601
vn -0.4918 0.7715 0.4036
vn -0.5987 -0.6326 0.4913
vn -0.5987 0.6326 0.4913
vn -0.4918 -0.7715 0.4036
vn -0.6825 0.4696 0.5601
vn -0.3658 -0.8810 0.3002
vn -0.7400 0.2890 0.6073
vn -0.2254 -0.9565 0.1850
vn -0.7693 0.0975 0.6314
vn -0.0761 0.9951 0.0625
vn -0.0761 -0.9951 0.0625
vn -0.7693 -0.0975 0.6314
vn -0.2254 0.9565 0.1850
vn -0.7400 -0.2890 0.6073
vn -0.3658 0.8810 0.3002
vn -0.2571 -0.9565 0.1374
vn -0.8777 0.0975 0.4691
vn -0.0869 0.9951 0.0464
vn -0.0869 -0.9951 0.0464
vn -0.8777 -0.0975 0.4691
vn -0.2571 0.9565 0.1374
vn -0.8443 -0.2890 0.4513
vn -0.4173 0.8810 0.2230
vn -0.7786 -0.4696 0.4162
vn -0.5611 0.7715 0.2999
vn -0.6831 -0.6326 0.3651
vn -0.6831 0.6326 0.3651
vn -0.5611 -0.7715 0.2999
vn -0.7786 0.4696 0.4162
vn -0.4173 -0.8810 0.2230
vn -0.8443 0.2890 0.4513
vn -0.6088 0.7715 0.1847
vn -0.7412 -0.6326 0.2248
vn -0.7412 0.6326 0.2248
vn -0.6088 -0.7715 0.1847
vn -0.8448 0.4696 0.2563
vn -0.4528 -0.8810 0.1374
vn -0.9161 0.2890 0.2779
vn -0.2790 -0.9565 0.0846
vn -0.9524 0.0975 0.2889
vn -0.0942 0.9951 0.0286
vn -0.0942 -0.9951 0.0286
vn -0.9524 -0.0975 0.2889
vn -0.2790 0.9565 0.0846
vn -0.9161 -0.2890 0.2779
vn -0.4528 0.8810 0.1374
vn -0.8448 -0.4696 0.2563
vn -0.9904 0.0975 0.0975
vn -0.0980 0.9951 0.0097
vn -0.0980 -0.9951 0.0097
vn -0.9904 -0.0975 0.0975
vn -0.2902 0.9565 0.0286
vn -0.9527 -0.2890 0.0938
vn -0.4709 0.8810 0.0464
vn -0.8786 -0.4696 0.0865
vn -0.6332 0.7715 0.0624
vn -0.7708 -0.6326 0.0759
vn -0.7708 0.6326 0.0759
vn -0.6332 -0.7715 0.0624
vn -0.8786 0.4696 0.0865
vn -0.4709 -0.8810 0.0464
vn -0.9527 0.2890 0.0938
vn -0.2902 -0.9565 0.0286
vn -0.7708 -0.6326 -0.0759
vn -0.7708 0.6326 -0.0759
vn -0.6332 -0.7715 -0.0624
vn -0.8786 0.4696 -0.0865
vn -0.4709 -0.8810 -0.0464
vn -0.9527 0.2890 -0.0938
vn -0.2902 -0.9565 -0.0286
vn -0.9904 0.0975 -0.0976
vn -0.0980 0.9951 -0.0097
vn -0.0980 -0.9951 -0.0097
vn -0.9904 -0.0975 -0.0976
vn -0.2902 0.9565 -0.0286
vn -0.9527 -0.2890 -0.0938
vn -0.4709 0.8810 -0.0464
vn -0.8786 -0.4696 -0.0865
vn -0.6332 0.7715 -0.0624
vn -0.0942 -0.9951 -0.0286
vn -0.9524 -0.0975 -0.2889
vn -0.2790 0.9565 -0.0846
vn -0.9161 -0.2890 -0.2779
vn -0.4528 0.8810 -0.1374
vn -0.8448 -0.4696 -0.2563
vn -0.6088 0.7715 -0.1847
vn -0.7412 -0.6326 -0.2248
vn -0.7412 0.6326 -0.2248
vn -0.6088 -0.7715 -0.1847
vn -0.8448 0.4696 -0.2563
vn -0.4528 -0.8810 -0.1374
vn -0.9161 0.2890 -0.2779
vn -0.2790 -0.9565 -0.0846
vn -0.9524 0.0975 -0.2889
vn -0.0942 0.9951 -0.0286
vn -0.5611 -0.7715 -0.2999
vn -0.7786 0.4696 -0.4162
vn -0.4173 -0.8810 -0.2231
vn -0.8443 0.2890 -0.4513
vn -0.2571 -0.9565 -0.1374
vn -0.8777 0.0975 -0.4691
vn -0.0869 0.9951 -0.0464
vn -0.0869 -0.9951 -0.0464
vn -0.8777 -0.0975 -0.4691
vn -0.2571 0.9565 -0.1374
vn -0.8443 -0.2890 -0.4513
vn -0.4173 0.8810 -0.2231
vn -0.7786 -0.4696 -0.4162
vn -0.5611 0.7715 -0.2999
vn -0.6831 -0.6326 -0.3651
vn -0.6831 0.6326 -0.3651
vn -0.2254 0.9565 -0.1850
vn -0.7400 -0.2890 -0.6073
vn -0.3658 0.8810 -0.3002
vn -0.6825 -0.4696 -0.5601
vn -0.4918 0.7715 -0.4036
vn -0.5987 -0.6326 -0.4913
vn -0.5987 0.6326 -0.4913
vn -0.4918 -0.7715 -0.4036
vn -0.6825 0.4696 -0.5601
vn -0.3658 -0.8810 -0.3002
vn -0.7400 0.2890 -0.6073
vn -0.2254 -0.9565 -0.1850
vn -0.7693 0.0975 -0.6314
vn -0.0761 0.9951 -0.0625
vn -0.0761 -0.9951 -0.0625
vn -0.7693 -0.0975 -0.6314
vn -0.5601 0.4696 -0.6825
vn -0.3002 -0.8810 -0.3658
vn -0.6073 0.2890 -0.7400
vn -0.1850 -0.9565 -0.2254
vn -0.6314 0.0975 -0.7693
vn -0.0625 0.9951 -0.0761
vn -0.0625 -0.9951 -0.0761
vn -0.6314 -0.0975 -0.7693
vn -0.1850 0.9565 -0.2254
vn -0.6073 -0.2890 -0.7400
vn -0.3002 0.8810 -0.3658
vn -0.5601 -0.4696 -0.6825
vn -0.4036 0.7715 -0.4918
vn -0.4913 -0.6326 -0.5987
vn -0.4913 0.6326 -0.5987
vn -0.4036 -0.7715 -0.4918
vn -0.4513 -0.2890 -0.8443
vn -0.2230 0.8810 -0.4173
vn -0.4162 -0.4696 -0.7786
vn -0.2999 0.7715 -0.5611
vn -0.3651 -0.6326 -0.6831
vn -0.3651 0.6326 -0.6831
vn -0.2999 -0.7715 -0.5611
vn -0.4162 0.4696 -0.7786
vn -0.2230 -0.8810 -0.4173
vn -0.4513 0.2890 -0.8443
vn -0.1374 -0.9565 -0.2571
vn -0.4691 0.0975 -0.8777
vn -0.0464 0.9951 -0.0869
vn -0.0464 -0.9951 -0.0869
vn -0.4691 -0.0975 -0.8777
vn -0.1374 0.9565 -0.2571
vn -0.1374 -0.8810 -0.4528
vn -0.2779 0.2890 -0.9161
vn -0.0846 -0.9565 -0.2790
vn -0.2889 0.0975 -0.9524
vn -0.0286 0.9951 -0.0942
vn -0.0286 -0.9951 -0.0942
vn -0.2889 -0.0975 -0.9524
vn -0.0846 0.9565 -0.2790
vn -0.2779 -0.2890 -0.9161
vn -0.1374 0.8810 -0.4528
vn -0.2563 -0.4696 -0.8448
vn -0.1847 0.7715 -0.6088
vn -0.2248 -0.6326 -0.7412
vn -0.2248 0.6326 -0.7412
vn -0.1847 -0.7715 -0.6088
vn -0.2563 0.4696 -0.8448
vn -0.0464 0.8810 -0.4709
vn -0.0865 -0.4696 -0.8786
vn -0.0624 0.7715 -0.6332
vn -0.0759 -0.6326 -0.7708
vn -0.0759 0.6326 -0.7708
vn -0.0624 -0.7715 -0.6332
vn -0.0865 0.4696 -0.8786
vn -0.0464 -0.8810 -0.4709
vn -0.0938 0.2890 -0.9527
vn -0.0286 -0.9565 -0.2902
vn -0.0976 0.0975 -0.9904
vn -0.0097 0.9951 -0.0980
vn -0.0097 -0.9951 -0.0980
vn -0.0976 -0.0975 -0.9904
vn -0.0286 0.9565 -0.2902
vn -0.0938 -0.2890 -0.9527
vt 0.750000 0.375000
vt 0.750000 0.437500
vt 0.718750 0.437500
vt 0.718750 0.375000
vt 0.750000 0.812500
vt 0.750000 0.875000
vt 0.718750 0.875000
vt 0.718750 0.812500
vt 0.750000 0.312500
vt 0.718750 0.312500
vt 0.750000 0.750000
vt 0.718750 0.750000
vt 0.750000 0.250000
vt 0.718750 0.250000
vt 0.750000 0.687500
vt 0.718750 0.687500
vt 0.750000 0.187500
vt 0.718750 0.187500
vt 0.750000 0.625000
vt 0.718750 0.625000
vt 0.750000 0.125000
vt 0.718750 0.125000
vt 0.750000 0.562500
vt 0.718750 0.562500
vt 0.750000 0.062500
vt 0.718750 0.062500
vt 0.750000 0.500000
vt 0.718750 0.500000
vt 0.750000 0.937500
vt 0.734375 1.000000
vt 0.718750 0.937500
vt 0.734375 0.000000
vt 0.687500 0.500000
vt 0.687500 0.437500
vt 0.687500 0.937500
vt 0.687500 0.875000
vt 0.687500 0.375000
vt 0.687500 0.812500
vt 0.687500 0.312500
vt 0.687500 0.750000
vt 0.687500 0.250000
vt 0.687500 0.687500
vt 0.687500 0.187500
vt 0.687500 0.625000
vt 0.687500 0.125000
vt 0.687500 0.562500
vt 0.687500 0.062500
vt 0.703125 1.000000
vt 0.703125 0.000000
vt 0.656250 0.250000
vt 0.656250 0.187500
vt 0.656250 0.687500
vt 0.656250 0.625000
vt 0.656250 0.125000
vt 0.656250 0.562500
vt 0.656250 0.062500
vt 0.656250 0.500000
vt 0.671875 1.000000
vt 0.656250 0.937500
vt 0.671875 0.000000
vt 0.656250 0.437500
vt 0.656250 0.875000
vt 0.656250 0.375000
vt 0.656250 0.812500
vt 0.656250 0.312500
vt 0.656250 0.750000
vt 0.625000 0.937500
vt 0.625000 0.875000
vt 0.625000 0.437500
vt 0.625000 0.375000
vt 0.625000 0.812500
vt 0.625000 0.312500
vt 0.625000 0.750000
vt 0.625000 0.250000
vt 0.625000 0.687500
vt 0.625000 0.187500
vt 0.625000 0.625000
vt 0.625000 0.125000
vt 0.625000 0.562500
vt 0.625000 0.062500
vt 0.625000 0.500000
vt 0.640625 1.000000
vt 0.640625 0.000000
vt 0.593750 0.687500
vt 0.593750 0.625000
vt 0.593750 0.187500
vt 0.593750 0.125000
vt 0.593750 0.562500
vt 0.593750 0.062500
vt 0.593750 0.500000
vt 0.609375 1.000000
vt 0.593750 0.937500
vt 0.609375 0.000000
vt 0.593750 0.437500
vt 0.593750 0.875000
vt 0.593750 0.375000
vt 0.593750 0.812500
vt 0.593750 0.312500
vt 0.593750 0.750000
vt 0.593750 0.250000
vt 0.562500 0.437500
vt 0.562500 0.375000
vt 0.562500 0.875000
vt 0.562500 0.812500
vt 0.562500 0.312500
vt 0.562500 0.750000
vt 0.562500 0.250000
vt 0.562500 0.687500
vt 0.562500 0.187500
vt 0.562500 0.625000
vt 0.562500 0.125000
vt 0.562500 0.562500
vt 0.562500 0.062500
vt 0.562500 0.500000
vt 0.578125 1.000000
vt 0.562500 0.937500
vt 0.578125 0.000000
vt 0.531250 0.187500
vt 0.531250 0.125000
vt 0.531250 0.625000
vt 0.531250 0.562500
vt 0.531250 0.062500
vt 0.531250 0.500000
vt 0.546875 1.000000
vt 0.531250 0.937500
vt 0.546875 0.000000
vt 0.531250 0.437500
vt 0.531250 0.875000
vt 0.531250 0.375000
vt 0.531250 0.812500
vt 0.531250 0.312500
vt 0.531250 0.750000
vt 0.531250 0.250000
vt 0.531250 0.687500
vt 0.500000 0.375000
vt 0.500000 0.312500
vt 0.500000 0.812500
vt 0.500000 0.750000
vt 0.500000 0.250000
vt 0.500000 0.687500
vt 0.500000 0.187500
vt 0.500000 0.625000
vt 0.500000 0.125000
vt 0.500000 0.562500
vt 0.500000 0.062500
vt 0.500000 0.500000
vt 0.515625 1.000000
vt 0.500000 0.937500
vt 0.515625 0.000000
vt 0.500000 0.437500
vt 0.500000 0.875000
vt 0.468750 0.125000
vt 0.468750 0.062500
vt 0.468750 0.562500
vt 0.468750 0.500000
vt 0.484375 1.000000
vt 0.468750 0.937500
vt 0.484375 0.000000
vt 0.468750 0.437500
vt 0.468750 0.875000
vt 0.468750 0.375000
vt 0.468750 0.812500
vt 0.468750 0.312500
vt 0.468750 0.750000
vt 0.468750 0.250000
vt 0.468750 0.687500
vt 0.468750 0.187500
vt 0.468750 0.625000
vt 0.437500 0.812500
vt 0.437500 0.750000
vt 0.437500 0.312500
vt 0.437500 0.250000
vt 0.437500 0.687500
vt 0.437500 0.187500
vt 0.437500 0.625000
vt 0.437500 0.125000
vt 0.437500 0.562500
vt 0.437500 0.062500
vt 0.437500 0.500000
vt 0.453125 1.000000
vt 0.437500 0.937500
vt 0.453125 0.000000
vt 0.437500 0.437500
vt 0.437500 0.875000
vt 0.437500 0.375000
vt 0.406250 0.562500
vt 0.406250 0.500000
vt 0.421875 1.000000
vt 0.406250 0.937500
vt 0.421875 0.000000
vt 0.406250 0.062500
vt 0.406250 0.437500
vt 0.406250 0.875000
vt 0.406250 0.375000
vt 0.406250 0.812500
vt 0.406250 0.312500
vt 0.406250 0.750000
vt 0.406250 0.250000
vt 0.406250 0.687500
vt 0.406250 0.187500
vt 0.406250 0.625000
vt 0.406250 0.125000
vt 0.375000 0.312500
vt 0.375000 0.250000
vt 0.375000 0.750000
vt 0.375000 0.687500
vt 0.375000 0.187500
vt 0.375000 0.625000
vt 0.375000 0.125000
vt 0.375000 0.562500
vt 0.375000 0.062500
vt 0.375000 0.500000
vt 0.390625 1.000000
vt 0.375000 0.937500
vt 0.390625 0.000000
vt 0.375000 0.437500
vt 0.375000 0.875000
vt 0.375000 0.375000
vt 0.375000 0.812500
vt 0.359375 1.000000
vt 0.343750 0.937500
vt 0.359375 0.000000
vt 0.343750 0.062500
vt 0.343750 0.500000
vt 0.343750 0.437500
vt 0.343750 0.875000
vt 0.343750 0.375000
vt 0.343750 0.812500
vt 0.343750 0.312500
vt 0.343750 0.750000
vt 0.343750 0.250000
vt 0.343750 0.687500
vt 0.343750 0.187500
vt 0.343750 0.625000
vt 0.343750 0.125000
vt 0.343750 0.562500
vt 0.312500 0.750000
vt 0.312500 0.687500
vt 0.312500 0.250000
vt 0.312500 0.187500
vt 0.312500 0.625000
vt 0.312500 0.125000
vt 0.312500 0.562500
vt 0.312500 0.062500
vt 0.312500 0.500000
vt 0.328125 1.000000
vt 0.312500 0.937500
vt 0.328125 0.000000
vt 0.312500 0.437500
vt 0.312500 0.875000
vt 0.312500 0.375000
vt 0.312500 0.812500
vt 0.312500 0.312500
vt 0.281250 0.500000
vt 0.281250 0.437500
vt 0.281250 0.937500
vt 0.281250 0.875000
vt 0.281250 0.375000
vt 0.281250 0.812500
vt 0.281250 0.312500
vt 0.281250 0.750000
vt 0.281250 0.250000
vt 0.281250 0.687500
vt 0.281250 0.187500
vt 0.281250 0.625000
vt 0.281250 0.125000
vt 0.281250 0.562500
vt 0.281250 0.062500
vt 0.296875 1.000000
vt 0.296875 0.000000
vt 0.250000 0.250000
vt 0.250000 0.187500
vt 0.250000 0.687500
vt 0.250000 0.625000
vt 0.250000 0.125000
vt 0.250000 0.562500
vt 0.250000 0.062500
vt 0.250000 0.500000
vt 0.265625 1.000000
vt 0.250000 0.937500
vt 0.265625 0.000000
vt 0.250000 0.437500
vt 0.250000 0.875000
vt 0.250000 0.375000
vt 0.250000 0.812500
vt 0.250000 0.312500
vt 0.250000 0.750000
vt 0.218750 0.437500
vt 0.218750 0.375000
vt 0.218750 0.875000
vt 0.218750 0.812500
vt 0.218750 0.312500
vt 0.218750 0.750000
vt 0.218750 0.250000
vt 0.218750 0.687500
vt 0.218750 0.187500
vt 0.218750 0.625000
vt 0.218750 0.125000
vt 0.218750 0.562500
vt 0.218750 0.062500
vt 0.218750 0.500000
vt 0.234375 1.000000
vt 0.218750 0.937500
vt 0.234375 0.000000
vt 0.187500 0.187500
vt 0.187500 0.125000
vt 0.187500 0.625000
vt 0.187500 0.562500
vt 0.187500 0.062500
vt 0.187500 0.500000
vt 0.203125 1.000000
vt 0.187500 0.937500
vt 0.203125 0.000000
vt 0.187500 0.437500
vt 0.187500 0.875000
vt 0.187500 0.375000
vt 0.187500 0.812500
vt 0.187500 0.312500
vt 0.187500 0.750000
vt 0.187500 0.250000
vt 0.187500 0.687500
vt 0.156250 0.875000
vt 0.156250 0.812500
vt 0.156250 0.375000
vt 0.156250 0.312500
vt 0.156250 0.750000
vt 0.156250 0.250000
vt 0.156250 0.687500
vt 0.156250 0.187500
vt 0.156250 0.625000
vt 0.156250 0.125000
vt 0.156250 0.562500
vt 0.156250 0.062500
vt 0.156250 0.500000
vt 0.171875 1.000000
vt 0.156250 0.937500
vt 0.171875 0.000000
vt 0.156250 0.437500
vt 0.125000 0.625000
vt 0.125000 0.562500
vt 0.125000 0.125000
vt 0.125000 0.062500
vt 0.125000 0.500000
vt 0.140625 1.000000
vt 0.125000 0.937500
vt 0.140625 0.000000
vt 0.125000 0.437500
vt 0.125000 0.875000
vt 0.125000 0.375000
vt 0.125000 0.812500
vt 0.125000 0.312500
vt 0.125000 0.750000
vt 0.125000 0.250000
vt 0.125000 0.687500
vt 0.125000 0.187500
vt 0.093750 0.375000
vt 0.093750 0.312500
vt 0.093750 0.812500
vt 0.093750 0.750000
vt 0.093750 0.250000
vt 0.093750 0.687500
vt 0.093750 0.187500
vt 0.093750 0.625000
vt 0.093750 0.125000
vt 0.093750 0.562500
vt 0.093750 0.062500
vt 0.093750 0.500000
vt 0.109375 1.000000
vt 0.093750 0.937500
vt 0.109375 0.000000
vt 0.093750 0.437500
vt 0.093750 0.875000
vt 0.062500 0.125000
vt 0.062500 0.062500
vt 0.062500 0.562500
vt 0.062500 0.500000
vt 0.078125 1.000000
vt 0.062500 0.937500
vt 0.078125 0.000000
vt 0.062500 0.437500
vt 0.062500 0.875000
vt 0.062500 0.375000
vt 0.062500 0.812500
vt 0.062500 0.312500
vt 0.062500 0.750000
vt 0.062500 0.250000
vt 0.062500 0.687500
vt 0.062500 0.187500
vt 0.062500 0.625000
vt 0.031250 0.812500
vt 0.031250 0.750000
vt 0.031250 0.312500
vt 0.031250 0.250000
vt 0.031250 0.687500
vt 0.031250 0.187500
vt 0.031250 0.625000
vt 0.031250 0.125000
vt 0.031250 0.562500
vt 0.031250 0.062500
vt 0.031250 0.500000
vt 0.046875 1.000000
vt 0.031250 0.937500
vt 0.046875 0.000000
vt 0.031250 0.437500
vt 0.031250 0.875000
vt 0.031250 0.375000
vt 0.000000 0.562500
vt 0.000000 0.500000
vt 0.015625 1.000000
vt 0.000000 0.937500
vt 0.015625 0.000000
vt 0.000000 0.062500
vt 0.000000 0.437500
vt 0.000000 0.875000
vt 0.000000 0.375000
vt 0.000000 0.812500
vt 0.000000 0.312500
vt 0.000000 0.750000
vt 0.000000 0.250000
vt 0.000000 0.687500
vt 0.000000 0.187500
vt 0.000000 0.625000
vt 0.000000 0.125000
vt 1.000000 0.250000
vt 1.000000 0.312500
vt 0.968750 0.312500
vt 0.968750 0.250000
vt 1.000000 0.687500
vt 1.000000 0.750000
vt 0.968750 0.750000
vt 0.968750 0.687500
vt 1.000000 0.187500
vt 0.968750 0.187500
vt 1.000000 0.625000
vt 0.968750 0.625000
vt 1.000000 0.125000
vt 0.968750 0.125000
vt 1.000000 0.562500
vt 0.968750 0.562500
vt 1.000000 0.062500
vt 0.968750 0.062500
vt 1.000000 0.500000
vt 0.968750 0.500000
vt 1.000000 0.937500
vt 0.984375 1.000000
vt 0.968750 0.937500
vt 0.984375 0.000000
vt 1.000000 0.437500
vt 0.968750 0.437500
vt 1.000000 0.875000
vt 0.968750 0.875000
vt 1.000000 0.375000
vt 0.968750 0.375000
vt 1.000000 0.812500
vt 0.968750 0.812500
vt 0.953125 0.000000
vt 0.937500 0.062500
vt 0.937500 0.500000
vt 0.937500 0.437500
vt 0.937500 0.937500
vt 0.937500 0.875000
vt 0.937500 0.375000
vt 0.937500 0.812500
vt 0.937500 0.312500
vt 0.937500 0.750000
vt 0.937500 0.250000
vt 0.937500 0.687500
vt 0.937500 0.187500
vt 0.937500 0.625000
vt 0.937500 0.125000
vt 0.937500 0.562500
vt 0.953125 1.000000
vt 0.906250 0.250000
vt 0.906250 0.187500
vt 0.906250 0.687500
vt 0.906250 0.625000
vt 0.906250 0.125000
vt 0.906250 0.562500
vt 0.906250 0.062500
vt 0.906250 0.500000
vt 0.921875 1.000000
vt 0.906250 0.937500
vt 0.921875 0.000000
vt 0.906250 0.437500
vt 0.906250 0.875000
vt 0.906250 0.375000
vt 0.906250 0.812500
vt 0.906250 0.312500
vt 0.906250 0.750000
vt 0.875000 0.937500
vt 0.875000 0.875000
vt 0.875000 0.437500
vt 0.875000 0.375000
vt 0.875000 0.812500
vt 0.875000 0.312500
vt 0.875000 0.750000
vt 0.875000 0.250000
vt 0.875000 0.687500
vt 0.875000 0.187500
vt 0.875000 0.625000
vt 0.875000 0.125000
vt 0.875000 0.562500
vt 0.875000 0.062500
vt 0.875000 0.500000
vt 0.890625 1.000000
vt 0.890625 0.000000
vt 0.843750 0.687500
vt 0.843750 0.625000
vt 0.843750 0.187500
vt 0.843750 0.125000
vt 0.843750 0.562500
vt 0.843750 0.062500
vt 0.843750 0.500000
vt 0.859375 1.000000
vt 0.843750 0.937500
vt 0.859375 0.000000
vt 0.843750 0.437500
vt 0.843750 0.875000
vt 0.843750 0.375000
vt 0.843750 0.812500
vt 0.843750 0.312500
vt 0.843750 0.750000
vt 0.843750 0.250000
vt 0.812500 0.437500
vt 0.812500 0.375000
vt 0.812500 0.875000
vt 0.812500 0.812500
vt 0.812500 0.312500
vt 0.812500 0.750000
vt 0.812500 0.250000
vt 0.812500 0.687500
vt 0.812500 0.187500
vt 0.812500 0.625000
vt 0.812500 0.125000
vt 0.812500 0.562500
vt 0.812500 0.062500
vt 0.812500 0.500000
vt 0.828125 1.000000
vt 0.812500 0.937500
vt 0.828125 0.000000
vt 0.781250 0.187500
vt 0.781250 0.125000
vt 0.781250 0.625000
vt 0.781250 0.562500
vt 0.781250 0.062500
vt 0.781250 0.500000
vt 0.796875 1.000000
vt 0.781250 0.937500
vt 0.796875 0.000000
vt 0.781250 0.437500
vt 0.781250 0.875000
vt 0.781250 0.375000
vt 0.781250 0.812500
vt 0.781250 0.312500
vt 0.781250 0.750000
vt 0.781250 0.250000
vt 0.781250 0.687500
vt 0.765625 1.000000
vt 0.765625 0.000000
s 0
usemtl Material.003
f 2230/1889/1747 1757/1890/1747 1767/1891/1747 1768/1892/1747
f 1753/1893/1748 2227/1894/1748 1760/1895/1748 1761/1896/1748
f 1758/1897/1749 2230/1889/1749 1768/1892/1749 1769/1898/1749
f 2228/1899/1750 1753/1893/1750 1761/1896/1750 1762/1900/1750
f 2231/1901/1751 1758/1897/1751 1769/1898/1751 1770/1902/1751
f 1754/1903/1752 2228/1899/1752 1762/1900/1752 1763/1904/1752
f 2232/1905/1753 2231/1901/1753 1770/1902/1753 1771/1906/1753
f 2229/1907/1754 1754/1903/1754 1763/1904/1754 1764/1908/1754
f 2233/1909/1755 2232/1905/1755 1771/1906/1755 1772/1910/1755
f 1755/1911/1756 2229/1907/1756 1764/1908/1756 1765/1912/1756
f 2234/1913/1757 2233/1909/1757 1772/1910/1757 1773/1914/1757
f 1756/1915/1758 1755/1911/1758 1765/1912/1758 1766/1916/1758
f 2226/1917/1759 1834/1918/1759 1759/1919/1759
f 2060/1920/1760 2234/1913/1760 1773/1914/1760
f 1757/1890/1761 1756/1915/1761 1766/1916/1761 1767/1891/1761
f 2227/1894/1762 2226/1917/1762 1759/1919/1762 1760/1895/1762
f 1767/1891/1763 1766/1916/1763 1781/1921/1763 1782/1922/1763
f 1760/1895/1764 1759/1919/1764 1774/1923/1764 1775/1924/1764
f 1768/1892/1765 1767/1891/1765 1782/1922/1765 1783/1925/1765
f 1761/1896/1766 1760/1895/1766 1775/1924/1766 1776/1926/1766
f 1769/1898/1767 1768/1892/1767 1783/1925/1767 1784/1927/1767
f 1762/1900/1768 1761/1896/1768 1776/1926/1768 1777/1928/1768
f 1770/1902/1769 1769/1898/1769 1784/1927/1769 1785/1929/1769
f 1763/1904/1770 1762/1900/1770 1777/1928/1770 1778/1930/1770
f 1771/1906/1771 1770/1902/1771 1785/1929/1771 1786/1931/1771
f 1764/1908/1772 1763/1904/1772 1778/1930/1772 1779/1932/1772
f 1772/1910/1773 1771/1906/1773 1786/1931/1773 1787/1933/1773
f 1765/1912/1774 1764/1908/1774 1779/1932/1774 1780/1934/1774
f 1773/1914/1775 1772/1910/1775 1787/1933/1775 1788/1935/1775
f 1766/1916/1776 1765/1912/1776 1780/1934/1776 1781/1921/1776
f 1759/1919/1777 1834/1936/1777 1774/1923/1777
f 2060/1937/1778 1773/1914/1778 1788/1935/1778
f 1786/1931/1779 1785/1929/1779 1800/1938/1779 1801/1939/1779
f 1779/1932/1780 1778/1930/1780 1793/1940/1780 1794/1941/1780
f 1787/1933/1781 1786/1931/1781 1801/1939/1781 1802/1942/1781
f 1780/1934/1782 1779/1932/1782 1794/1941/1782 1795/1943/1782
f 1788/1935/1783 1787/1933/1783 1802/1942/1783 1803/1944/1783
f 1781/1921/1784 1780/1934/1784 1795/1943/1784 1796/1945/1784
f 1774/1923/1785 1834/1946/1785 1789/1947/1785
f 2060/1948/1786 1788/1935/1786 1803/1944/1786
f 1782/1922/1787 1781/1921/1787 1796/1945/1787 1797/1949/1787
f 1775/1924/1788 1774/1923/1788 1789/1947/1788 1790/1950/1788
f 1783/1925/1789 1782/1922/1789 1797/1949/1789 1798/1951/1789
f 1776/1926/1790 1775/1924/1790 1790/1950/1790 1791/1952/1790
f 1784/1927/1791 1783/1925/1791 1798/1951/1791 1799/1953/1791
f 1777/1928/1792 1776/1926/1792 1791/1952/1792 1792/1954/1792
f 1785/1929/1793 1784/1927/1793 1799/1953/1793 1800/1938/1793
f 1778/1930/1794 1777/1928/1794 1792/1954/1794 1793/1940/1794
f 1790/1950/1795 1789/1947/1795 1804/1955/1795 1805/1956/1795
f 1798/1951/1796 1797/1949/1796 1812/1957/1796 1813/1958/1796
f 1791/1952/1797 1790/1950/1797 1805/1956/1797 1806/1959/1797
f 1799/1953/1798 1798/1951/1798 1813/1958/1798 1814/1960/1798
f 1792/1954/1799 1791/1952/1799 1806/1959/1799 1807/1961/1799
f 1800/1938/1800 1799/1953/1800 1814/1960/1800 1815/1962/1800
f 1793/1940/1801 1792/1954/1801 1807/1961/1801 1808/1963/1801
f 1801/1939/1802 1800/1938/1802 1815/1962/1802 1816/1964/1802
f 1794/1941/1803 1793/1940/1803 1808/1963/1803 1809/1965/1803
f 1802/1942/1804 1801/1939/1804 1816/1964/1804 1817/1966/1804
f 1795/1943/1805 1794/1941/1805 1809/1965/1805 1810/1967/1805
f 1803/1944/1806 1802/1942/1806 1817/1966/1806 1818/1968/1806
f 1796/1945/1807 1795/1943/1807 1810/1967/1807 1811/1969/1807
f 1789/1947/1808 1834/1970/1808 1804/1955/1808
f 2060/1971/1809 1803/1944/1809 1818/1968/1809
f 1797/1949/1810 1796/1945/1810 1811/1969/1810 1812/1957/1810
f 1809/1965/1811 1808/1963/1811 1823/1972/1811 1824/1973/1811
f 1817/1966/1812 1816/1964/1812 1831/1974/1812 1832/1975/1812
f 1810/1967/1813 1809/1965/1813 1824/1973/1813 1825/1976/1813
f 1818/1968/1814 1817/1966/1814 1832/1975/1814 1833/1977/1814
f 1811/1969/1815 1810/1967/1815 1825/1976/1815 1826/1978/1815
f 1804/1955/1816 1834/1979/1816 1819/1980/1816
f 2060/1981/1817 1818/1968/1817 1833/1977/1817
f 1812/1957/1818 1811/1969/1818 1826/1978/1818 1827/1982/1818
f 1805/1956/1819 1804/1955/1819 1819/1980/1819 1820/1983/1819
f 1813/1958/1820 1812/1957/1820 1827/1982/1820 1828/1984/1820
f 1806/1959/1821 1805/1956/1821 1820/1983/1821 1821/1985/1821
f 1814/1960/1822 1813/1958/1822 1828/1984/1822 1829/1986/1822
f 1807/1961/1823 1806/1959/1823 1821/1985/1823 1822/1987/1823
f 1815/1962/1824 1814/1960/1824 1829/1986/1824 1830/1988/1824
f 1808/1963/1825 1807/1961/1825 1822/1987/1825 1823/1972/1825
f 1816/1964/1826 1815/1962/1826 1830/1988/1826 1831/1974/1826
f 1828/1984/1827 1827/1982/1827 1843/1989/1827 1844/1990/1827
f 1821/1985/1828 1820/1983/1828 1836/1991/1828 1837/1992/1828
f 1829/1986/1829 1828/1984/1829 1844/1990/1829 1845/1993/1829
f 1822/1987/1830 1821/1985/1830 1837/1992/1830 1838/1994/1830
f 1830/1988/1831 1829/1986/1831 1845/1993/1831 1846/1995/1831
f 1823/1972/1832 1822/1987/1832 1838/1994/1832 1839/1996/1832
f 1831/1974/1833 1830/1988/1833 1846/1995/1833 1847/1997/1833
f 1824/1973/1834 1823/1972/1834 1839/1996/1834 1840/1998/1834
f 1832/1975/1835 1831/1974/1835 1847/1997/1835 1848/1999/1835
f 1825/1976/1836 1824/1973/1836 1840/1998/1836 1841/2000/1836
f 1833/1977/1837 1832/1975/1837 1848/1999/1837 1849/2001/1837
f 1826/1978/1838 1825/1976/1838 1841/2000/1838 1842/2002/1838
f 1819/1980/1839 1834/2003/1839 1835/2004/1839
f 2060/2005/1840 1833/1977/1840 1849/2001/1840
f 1827/1982/1841 1826/1978/1841 1842/2002/1841 1843/1989/1841
f 1820/1983/1842 1819/1980/1842 1835/2004/1842 1836/1991/1842
f 1848/1999/1843 1847/1997/1843 1862/2006/1843 1863/2007/1843
f 1841/2000/1844 1840/1998/1844 1855/2008/1844 1856/2009/1844
f 1849/2001/1845 1848/1999/1845 1863/2007/1845 1864/2010/1845
f 1842/2002/1846 1841/2000/1846 1856/2009/1846 1857/2011/1846
f 1835/2004/1847 1834/2012/1847 1850/2013/1847
f 2060/2014/1848 1849/2001/1848 1864/2010/1848
f 1843/1989/1849 1842/2002/1849 1857/2011/1849 1858/2015/1849
f 1836/1991/1850 1835/2004/1850 1850/2013/1850 1851/2016/1850
f 1844/1990/1851 1843/1989/1851 1858/2015/1851 1859/2017/1851
f 1837/1992/1852 1836/1991/1852 1851/2016/1852 1852/2018/1852
f 1845/1993/1853 1844/1990/1853 1859/2017/1853 1860/2019/1853
f 1838/1994/1854 1837/1992/1854 1852/2018/1854 1853/2020/1854
f 1846/1995/1855 1845/1993/1855 1860/2019/1855 1861/2021/1855
f 1839/1996/1856 1838/1994/1856 1853/2020/1856 1854/2022/1856
f 1847/1997/1857 1846/1995/1857 1861/2021/1857 1862/2006/1857
f 1840/1998/1858 1839/1996/1858 1854/2022/1858 1855/2008/1858
f 1860/2019/1859 1859/2017/1859 1874/2023/1859 1875/2024/1859
f 1853/2020/1860 1852/2018/1860 1867/2025/1860 1868/2026/1860
f 1861/2021/1861 1860/2019/1861 1875/2024/1861 1876/2027/1861
f 1854/2022/1862 1853/2020/1862 1868/2026/1862 1869/2028/1862
f 1862/2006/1863 1861/2021/1863 1876/2027/1863 1877/2029/1863
f 1855/2008/1864 1854/2022/1864 1869/2028/1864 1870/2030/1864
f 1863/2007/1865 1862/2006/1865 1877/2029/1865 1878/2031/1865
f 1856/2009/1866 1855/2008/1866 1870/2030/1866 1871/2032/1866
f 1864/2010/1867 1863/2007/1867 1878/2031/1867 1879/2033/1867
f 1857/2011/1868 1856/2009/1868 1871/2032/1868 1872/2034/1868
f 1850/2013/1869 1834/2035/1869 1865/2036/1869
f 2060/2037/1870 1864/2010/1870 1879/2033/1870
f 1858/2015/1871 1857/2011/1871 1872/2034/1871 1873/2038/1871
f 1851/2016/1872 1850/2013/1872 1865/2036/1872 1866/2039/1872
f 1859/2017/1873 1858/2015/1873 1873/2038/1873 1874/2023/1873
f 1852/2018/1874 1851/2016/1874 1866/2039/1874 1867/2025/1874
f 1879/2033/1875 1878/2031/1875 1893/2040/1875 1894/2041/1875
f 1872/2034/1876 1871/2032/1876 1886/2042/1876 1887/2043/1876
f 1865/2036/1877 1834/2044/1877 1880/2045/1877
f 2060/2046/1878 1879/2033/1878 1894/2041/1878
f 1873/2038/1879 1872/2034/1879 1887/2043/1879 1888/2047/1879
f 1866/2039/1880 1865/2036/1880 1880/2045/1880 1881/2048/1880
f 1874/2023/1881 1873/2038/1881 1888/2047/1881 1889/2049/1881
f 1867/2025/1882 1866/2039/1882 1881/2048/1882 1882/2050/1882
f 1875/2024/1883 1874/2023/1883 1889/2049/1883 1890/2051/1883
f 1868/2026/1884 1867/2025/1884 1882/2050/1884 1883/2052/1884
f 1876/2027/1885 1875/2024/1885 1890/2051/1885 1891/2053/1885
f 1869/2028/1886 1868/2026/1886 1883/2052/1886 1884/2054/1886
f 1877/2029/1887 1876/2027/1887 1891/2053/1887 1892/2055/1887
f 1870/2030/1888 1869/2028/1888 1884/2054/1888 1885/2056/1888
f 1878/2031/1889 1877/2029/1889 1892/2055/1889 1893/2040/1889
f 1871/2032/1890 1870/2030/1890 1885/2056/1890 1886/2042/1890
f 1883/2052/1891 1882/2050/1891 1897/2057/1891 1898/2058/1891
f 1891/2053/1892 1890/2051/1892 1905/2059/1892 1906/2060/1892
f 1884/2054/1893 1883/2052/1893 1898/2058/1893 1899/2061/1893
f 1892/2055/1894 1891/2053/1894 1906/2060/1894 1907/2062/1894
f 1885/2056/1895 1884/2054/1895 1899/2061/1895 1900/2063/1895
f 1893/2040/1896 1892/2055/1896 1907/2062/1896 1908/2064/1896
f 1886/2042/1897 1885/2056/1897 1900/2063/1897 1901/2065/1897
f 1894/2041/1898 1893/2040/1898 1908/2064/1898 1909/2066/1898
f 1887/2043/1899 1886/2042/1899 1901/2065/1899 1902/2067/1899
f 1880/2045/1900 1834/2068/1900 1895/2069/1900
f 2060/2070/1901 1894/2041/1901 1909/2066/1901
f 1888/2047/1902 1887/2043/1902 1902/2067/1902 1903/2071/1902
f 1881/2048/1903 1880/2045/1903 1895/2069/1903 1896/2072/1903
f 1889/2049/1904 1888/2047/1904 1903/2071/1904 1904/2073/1904
f 1882/2050/1905 1881/2048/1905 1896/2072/1905 1897/2057/1905
f 1890/2051/1906 1889/2049/1906 1904/2073/1906 1905/2059/1906
f 1902/2067/1907 1901/2065/1907 1916/2074/1907 1917/2075/1907
f 1895/2069/1908 1834/2076/1908 1910/2077/1908
f 2060/2078/1909 1909/2066/1909 1924/2079/1909
f 1903/2071/1910 1902/2067/1910 1917/2075/1910 1918/2080/1910
f 1896/2072/1911 1895/2069/1911 1910/2077/1911 1911/2081/1911
f 1904/2073/1912 1903/2071/1912 1918/2080/1912 1919/2082/1912
f 1897/2057/1913 1896/2072/1913 1911/2081/1913 1912/2083/1913
f 1905/2059/1914 1904/2073/1914 1919/2082/1914 1920/2084/1914
f 1898/2058/1915 1897/2057/1915 1912/2083/1915 1913/2085/1915
f 1906/2060/1916 1905/2059/1916 1920/2084/1916 1921/2086/1916
f 1899/2061/1917 1898/2058/1917 1913/2085/1917 1914/2087/1917
f 1907/2062/1918 1906/2060/1918 1921/2086/1918 1922/2088/1918
f 1900/2063/1919 1899/2061/1919 1914/2087/1919 1915/2089/1919
f 1908/2064/1920 1907/2062/1920 1922/2088/1920 1923/2090/1920
f 1901/2065/1921 1900/2063/1921 1915/2089/1921 1916/2074/1921
f 1909/2066/1922 1908/2064/1922 1923/2090/1922 1924/2079/1922
f 1921/2086/1923 1920/2084/1923 1935/2091/1923 1936/2092/1923
f 1914/2087/1924 1913/2085/1924 1928/2093/1924 1929/2094/1924
f 1922/2088/1925 1921/2086/1925 1936/2092/1925 1937/2095/1925
f 1915/2089/1926 1914/2087/1926 1929/2094/1926 1930/2096/1926
f 1923/2090/1927 1922/2088/1927 1937/2095/1927 1938/2097/1927
f 1916/2074/1928 1915/2089/1928 1930/2096/1928 1931/2098/1928
f 1924/2079/1929 1923/2090/1929 1938/2097/1929 1939/2099/1929
f 1917/2075/1930 1916/2074/1930 1931/2098/1930 1932/2100/1930
f 1910/2077/1931 1834/2101/1931 1925/2102/1931
f 2060/2103/1932 1924/2079/1932 1939/2099/1932
f 1918/2080/1933 1917/2075/1933 1932/2100/1933 1933/2104/1933
f 1911/2081/1934 1910/2077/1934 1925/2102/1934 1926/2105/1934
f 1919/2082/1935 1918/2080/1935 1933/2104/1935 1934/2106/1935
f 1912/2083/1936 1911/2081/1936 1926/2105/1936 1927/2107/1936
f 1920/2084/1937 1919/2082/1937 1934/2106/1937 1935/2091/1937
f 1913/2085/1938 1912/2083/1938 1927/2107/1938 1928/2093/1938
f 1925/2102/1939 1834/2108/1939 1940/2109/1939
f 2060/2110/1940 1939/2099/1940 1954/2111/1940
f 1933/2104/1941 1932/2100/1941 1947/2112/1941 1948/2113/1941
f 1926/2105/1942 1925/2102/1942 1940/2109/1942 1941/2114/1942
f 1934/2106/1943 1933/2104/1943 1948/2113/1943 1949/2115/1943
f 1927/2107/1944 1926/2105/1944 1941/2114/1944 1942/2116/1944
f 1935/2091/1945 1934/2106/1945 1949/2115/1945 1950/2117/1945
f 1928/2093/1946 1927/2107/1946 1942/2116/1946 1943/2118/1946
f 1936/2092/1947 1935/2091/1947 1950/2117/1947 1951/2119/1947
f 1929/2094/1948 1928/2093/1948 1943/2118/1948 1944/2120/1948
f 1937/2095/1949 1936/2092/1949 1951/2119/1949 1952/2121/1949
f 1930/2096/1950 1929/2094/1950 1944/2120/1950 1945/2122/1950
f 1938/2097/1951 1937/2095/1951 1952/2121/1951 1953/2123/1951
f 1931/2098/1952 1930/2096/1952 1945/2122/1952 1946/2124/1952
f 1939/2099/1953 1938/2097/1953 1953/2123/1953 1954/2111/1953
f 1932/2100/1954 1931/2098/1954 1946/2124/1954 1947/2112/1954
f 1944/2120/1955 1943/2118/1955 1958/2125/1955 1959/2126/1955
f 1952/2121/1956 1951/2119/1956 1966/2127/1956 1967/2128/1956
f 1945/2122/1957 1944/2120/1957 1959/2126/1957 1960/2129/1957
f 1953/2123/1958 1952/2121/1958 1967/2128/1958 1968/2130/1958
f 1946/2124/1959 1945/2122/1959 1960/2129/1959 1961/2131/1959
f 1954/2111/1960 1953/2123/1960 1968/2130/1960 1969/2132/1960
f 1947/2112/1961 1946/2124/1961 1961/2131/1961 1962/2133/1961
f 1940/2109/1962 1834/2134/1962 1955/2135/1962
f 2060/2136/1963 1954/2111/1963 1969/2132/1963
f 1948/2113/1964 1947/2112/1964 1962/2133/1964 1963/2137/1964
f 1941/2114/1965 1940/2109/1965 1955/2135/1965 1956/2138/1965
f 1949/2115/1966 1948/2113/1966 1963/2137/1966 1964/2139/1966
f 1942/2116/1967 1941/2114/1967 1956/2138/1967 1957/2140/1967
f 1950/2117/1968 1949/2115/1968 1964/2139/1968 1965/2141/1968
f 1943/2118/1969 1942/2116/1969 1957/2140/1969 1958/2125/1969
f 1951/2119/1970 1950/2117/1970 1965/2141/1970 1966/2127/1970
f 1963/2137/1971 1962/2133/1971 1977/2142/1971 1978/2143/1971
f 1956/2138/1972 1955/2135/1972 1970/2144/1972 1971/2145/1972
f 1964/2139/1973 1963/2137/1973 1978/2143/1973 1979/2146/1973
f 1957/2140/1974 1956/2138/1974 1971/2145/1974 1972/2147/1974
f 1965/2141/1975 1964/2139/1975 1979/2146/1975 1980/2148/1975
f 1958/2125/1976 1957/2140/1976 1972/2147/1976 1973/2149/1976
f 1966/2127/1977 1965/2141/1977 1980/2148/1977 1981/2150/1977
f 1959/2126/1978 1958/2125/1978 1973/2149/1978 1974/2151/1978
f 1967/2128/1979 1966/2127/1979 1981/2150/1979 1982/2152/1979
f 1960/2129/1980 1959/2126/1980 1974/2151/1980 1975/2153/1980
f 1968/2130/1981 1967/2128/1981 1982/2152/1981 1983/2154/1981
f 1961/2131/1982 1960/2129/1982 1975/2153/1982 1976/2155/1982
f 1969/2132/1983 1968/2130/1983 1983/2154/1983 1984/2156/1983
f 1962/2133/1984 1961/2131/1984 1976/2155/1984 1977/2142/1984
f 1955/2135/1985 1834/2157/1985 1970/2144/1985
f 2060/2158/1986 1969/2132/1986 1984/2156/1986
f 1982/2152/1987 1981/2150/1987 1996/2159/1987 1997/2160/1987
f 1975/2153/1988 1974/2151/1988 1989/2161/1988 1990/2162/1988
f 1983/2154/1989 1982/2152/1989 1997/2160/1989 1998/2163/1989
f 1976/2155/1990 1975/2153/1990 1990/2162/1990 1991/2164/1990
f 1984/2156/1991 1983/2154/1991 1998/2163/1991 1999/2165/1991
f 1977/2142/1992 1976/2155/1992 1991/2164/1992 1992/2166/1992
f 1970/2144/1993 1834/2167/1993 1985/2168/1993
f 2060/2169/1994 1984/2156/1994 1999/2165/1994
f 1978/2143/1995 1977/2142/1995 1992/2166/1995 1993/2170/1995
f 1971/2145/1996 1970/2144/1996 1985/2168/1996 1986/2171/1996
f 1979/2146/1997 1978/2143/1997 1993/2170/1997 1994/2172/1997
f 1972/2147/1998 1971/2145/1998 1986/2171/1998 1987/2173/1998
f 1980/2148/1999 1979/2146/1999 1994/2172/1999 1995/2174/1999
f 1973/2149/2000 1972/2147/2000 1987/2173/2000 1988/2175/2000
f 1981/2150/2001 1980/2148/2001 1995/2174/2001 1996/2159/2001
f 1974/2151/2002 1973/2149/2002 1988/2175/2002 1989/2161/2002
f 1994/2172/2003 1993/2170/2003 2008/2176/2003 2009/2177/2003
f 1987/2173/2004 1986/2171/2004 2001/2178/2004 2002/2179/2004
f 1995/2174/2005 1994/2172/2005 2009/2177/2005 2010/2180/2005
f 1988/2175/2006 1987/2173/2006 2002/2179/2006 2003/2181/2006
f 1996/2159/2007 1995/2174/2007 2010/2180/2007 2011/2182/2007
f 1989/2161/2008 1988/2175/2008 2003/2181/2008 2004/2183/2008
f 1997/2160/2009 1996/2159/2009 2011/2182/2009 2012/2184/2009
f 1990/2162/2010 1989/2161/2010 2004/2183/2010 2005/2185/2010
f 1998/2163/2011 1997/2160/2011 2012/2184/2011 2013/2186/2011
f 1991/2164/2012 1990/2162/2012 2005/2185/2012 2006/2187/2012
f 1999/2165/2013 1998/2163/2013 2013/2186/2013 2014/2188/2013
f 1992/2166/2014 1991/2164/2014 2006/2187/2014 2007/2189/2014
f 1985/2168/2015 1834/2190/2015 2000/2191/2015
f 2060/2192/2016 1999/2165/2016 2014/2188/2016
f 1993/2170/2017 1992/2166/2017 2007/2189/2017 2008/2176/2017
f 1986/2171/2018 1985/2168/2018 2000/2191/2018 2001/2178/2018
f 2013/2186/2019 2012/2184/2019 2027/2193/2019 2028/2194/2019
f 2006/2187/2020 2005/2185/2020 2020/2195/2020 2021/2196/2020
f 2014/2188/2021 2013/2186/2021 2028/2194/2021 2029/2197/2021
f 2007/2189/2022 2006/2187/2022 2021/2196/2022 2022/2198/2022
f 2000/2191/2023 1834/2199/2023 2015/2200/2023
f 2060/2201/2024 2014/2188/2024 2029/2197/2024
f 2008/2176/2025 2007/2189/2025 2022/2198/2025 2023/2202/2025
f 2001/2178/2026 2000/2191/2026 2015/2200/2026 2016/2203/2026
f 2009/2177/2027 2008/2176/2027 2023/2202/2027 2024/2204/2027
f 2002/2179/2028 2001/2178/2028 2016/2203/2028 2017/2205/2028
f 2010/2180/2029 2009/2177/2029 2024/2204/2029 2025/2206/2029
f 2003/2181/2030 2002/2179/2030 2017/2205/2030 2018/2207/2030
f 2011/2182/2031 2010/2180/2031 2025/2206/2031 2026/2208/2031
f 2004/2183/2032 2003/2181/2032 2018/2207/2032 2019/2209/2032
f 2012/2184/2033 2011/2182/2033 2026/2208/2033 2027/2193/2033
f 2005/2185/2034 2004/2183/2034 2019/2209/2034 2020/2195/2034
f 2017/2205/2035 2016/2203/2035 2031/2210/2035 2032/2211/2035
f 2025/2206/2036 2024/2204/2036 2039/2212/2036 2040/2213/2036
f 2018/2207/2037 2017/2205/2037 2032/2211/2037 2033/2214/2037
f 2026/2208/2038 2025/2206/2038 2040/2213/2038 2041/2215/2038
f 2019/2209/2039 2018/2207/2039 2033/2214/2039 2034/2216/2039
f 2027/2193/2040 2026/2208/2040 2041/2215/2040 2042/2217/2040
f 2020/2195/2041 2019/2209/2041 2034/2216/2041 2035/2218/2041
f 2028/2194/2042 2027/2193/2042 2042/2217/2042 2043/2219/2042
f 2021/2196/2043 2020/2195/2043 2035/2218/2043 2036/2220/2043
f 2029/2197/2044 2028/2194/2044 2043/2219/2044 2044/2221/2044
f 2022/2198/2045 2021/2196/2045 2036/2220/2045 2037/2222/2045
f 2015/2200/2046 1834/2223/2046 2030/2224/2046
f 2060/2225/2047 2029/2197/2047 2044/2221/2047
f 2023/2202/2048 2022/2198/2048 2037/2222/2048 2038/2226/2048
f 2016/2203/2049 2015/2200/2049 2030/2224/2049 2031/2210/2049
f 2024/2204/2050 2023/2202/2050 2038/2226/2050 2039/2212/2050
f 2036/2220/2051 2035/2218/2051 2050/2227/2051 2051/2228/2051
f 2044/2221/2052 2043/2219/2052 2058/2229/2052 2059/2230/2052
f 2037/2222/2053 2036/2220/2053 2051/2228/2053 2052/2231/2053
f 2030/2224/2054 1834/2232/2054 2045/2233/2054
f 2060/2234/2055 2044/2221/2055 2059/2230/2055
f 2038/2226/2056 2037/2222/2056 2052/2231/2056 2053/2235/2056
f 2031/2210/2057 2030/2224/2057 2045/2233/2057 2046/2236/2057
f 2039/2212/2058 2038/2226/2058 2053/2235/2058 2054/2237/2058
f 2032/2211/2059 2031/2210/2059 2046/2236/2059 2047/2238/2059
f 2040/2213/2060 2039/2212/2060 2054/2237/2060 2055/2239/2060
f 2033/2214/2061 2032/2211/2061 2047/2238/2061 2048/2240/2061
f 2041/2215/2062 2040/2213/2062 2055/2239/2062 2056/2241/2062
f 2034/2216/2063 2033/2214/2063 2048/2240/2063 2049/2242/2063
f 2042/2217/2064 2041/2215/2064 2056/2241/2064 2057/2243/2064
f 2035/2218/2065 2034/2216/2065 2049/2242/2065 2050/2227/2065
f 2043/2219/2066 2042/2217/2066 2057/2243/2066 2058/2229/2066
f 2055/2239/2067 2054/2237/2067 2070/2244/2067 2071/2245/2067
f 2048/2240/2068 2047/2238/2068 2063/2246/2068 2064/2247/2068
f 2056/2241/2069 2055/2239/2069 2071/2245/2069 2072/2248/2069
f 2049/2242/2070 2048/2240/2070 2064/2247/2070 2065/2249/2070
f 2057/2243/2071 2056/2241/2071 2072/2248/2071 2073/2250/2071
f 2050/2227/2072 2049/2242/2072 2065/2249/2072 2066/2251/2072
f 2058/2229/2073 2057/2243/2073 2073/2250/2073 2074/2252/2073
f 2051/2228/2074 2050/2227/2074 2066/2251/2074 2067/2253/2074
f 2059/2230/2075 2058/2229/2075 2074/2252/2075 2075/2254/2075
f 2052/2231/2076 2051/2228/2076 2067/2253/2076 2068/2255/2076
f 2045/2233/2077 1834/2256/2077 2061/2257/2077
f 2060/2258/2078 2059/2230/2078 2075/2254/2078
f 2053/2235/2079 2052/2231/2079 2068/2255/2079 2069/2259/2079
f 2046/2236/2080 2045/2233/2080 2061/2257/2080 2062/2260/2080
f 2054/2237/2081 2053/2235/2081 2069/2259/2081 2070/2244/2081
f 2047/2238/2082 2046/2236/2082 2062/2260/2082 2063/2246/2082
f 2075/2254/2083 2074/2252/2083 2089/2261/2083 2090/2262/2083
f 2068/2255/2084 2067/2253/2084 2082/2263/2084 2083/2264/2084
f 2061/2257/2085 1834/2265/2085 2076/2266/2085
f 2060/2267/2086 2075/2254/2086 2090/2262/2086
f 2069/2259/2087 2068/2255/2087 2083/2264/2087 2084/2268/2087
f 2062/2260/2088 2061/2257/2088 2076/2266/2088 2077/2269/2088
f 2070/2244/2089 2069/2259/2089 2084/2268/2089 2085/2270/2089
f 2063/2246/2090 2062/2260/2090 2077/2269/2090 2078/2271/2090
f 2071/2245/2091 2070/2244/2091 2085/2270/2091 2086/2272/2091
f 2064/2247/2092 2063/2246/2092 2078/2271/2092 2079/2273/2092
f 2072/2248/2093 2071/2245/2093 2086/2272/2093 2087/2274/2093
f 2065/2249/2094 2064/2247/2094 2079/2273/2094 2080/2275/2094
f 2073/2250/2095 2072/2248/2095 2087/2274/2095 2088/2276/2095
f 2066/2251/2096 2065/2249/2096 2080/2275/2096 2081/2277/2096
f 2074/2252/2097 2073/2250/2097 2088/2276/2097 2089/2261/2097
f 2067/2253/2098 2066/2251/2098 2081/2277/2098 2082/2263/2098
f 2079/2273/2099 2078/2271/2099 2093/2278/2099 2094/2279/2099
f 2087/2274/2100 2086/2272/2100 2101/2280/2100 2102/2281/2100
f 2080/2275/2101 2079/2273/2101 2094/2279/2101 2095/2282/2101
f 2088/2276/2102 2087/2274/2102 2102/2281/2102 2103/2283/2102
f 2081/2277/2103 2080/2275/2103 2095/2282/2103 2096/2284/2103
f 2089/2261/2104 2088/2276/2104 2103/2283/2104 2104/2285/2104
f 2082/2263/2105 2081/2277/2105 2096/2284/2105 2097/2286/2105
f 2090/2262/2106 2089/2261/2106 2104/2285/2106 2105/2287/2106
f 2083/2264/2107 2082/2263/2107 2097/2286/2107 2098/2288/2107
f 2076/2266/2108 1834/2289/2108 2091/2290/2108
f 2060/2291/2109 2090/2262/2109 2105/2287/2109
f 2084/2268/2110 2083/2264/2110 2098/2288/2110 2099/2292/2110
f 2077/2269/2111 2076/2266/2111 2091/2290/2111 2092/2293/2111
f 2085/2270/2112 2084/2268/2112 2099/2292/2112 2100/2294/2112
f 2078/2271/2113 2077/2269/2113 2092/2293/2113 2093/2278/2113
f 2086/2272/2114 2085/2270/2114 2100/2294/2114 2101/2280/2114
f 2098/2288/2115 2097/2286/2115 2112/2295/2115 2113/2296/2115
f 2091/2290/2116 1834/2297/2116 2106/2298/2116
f 2060/2299/2117 2105/2287/2117 2120/2300/2117
f 2099/2292/2118 2098/2288/2118 2113/2296/2118 2114/2301/2118
f 2092/2293/2119 2091/2290/2119 2106/2298/2119 2107/2302/2119
f 2100/2294/2120 2099/2292/2120 2114/2301/2120 2115/2303/2120
f 2093/2278/2121 2092/2293/2121 2107/2302/2121 2108/2304/2121
f 2101/2280/2122 2100/2294/2122 2115/2303/2122 2116/2305/2122
f 2094/2279/2123 2093/2278/2123 2108/2304/2123 2109/2306/2123
f 2102/2281/2124 2101/2280/2124 2116/2305/2124 2117/2307/2124
f 2095/2282/2125 2094/2279/2125 2109/2306/2125 2110/2308/2125
f 2103/2283/2126 2102/2281/2126 2117/2307/2126 2118/2309/2126
f 2096/2284/2127 2095/2282/2127 2110/2308/2127 2111/2310/2127
f 2104/2285/2128 2103/2283/2128 2118/2309/2128 2119/2311/2128
f 2097/2286/2129 2096/2284/2129 2111/2310/2129 2112/2295/2129
f 2105/2287/2130 2104/2285/2130 2119/2311/2130 2120/2300/2130
f 2117/2312/2131 2116/2313/2131 2131/2314/2131 2132/2315/2131
f 2110/2316/2132 2109/2317/2132 2124/2318/2132 2125/2319/2132
f 2118/2320/2133 2117/2312/2133 2132/2315/2133 2133/2321/2133
f 2111/2322/2134 2110/2316/2134 2125/2319/2134 2126/2323/2134
f 2119/2324/2135 2118/2320/2135 2133/2321/2135 2134/2325/2135
f 2112/2326/2136 2111/2322/2136 2126/2323/2136 2127/2327/2136
f 2120/2328/2137 2119/2324/2137 2134/2325/2137 2135/2329/2137
f 2113/2330/2138 2112/2326/2138 2127/2327/2138 2128/2331/2138
f 2106/2332/2139 1834/2333/2139 2121/2334/2139
f 2060/2335/2140 2120/2328/2140 2135/2329/2140
f 2114/2336/2141 2113/2330/2141 2128/2331/2141 2129/2337/2141
f 2107/2338/2142 2106/2332/2142 2121/2334/2142 2122/2339/2142
f 2115/2340/2143 2114/2336/2143 2129/2337/2143 2130/2341/2143
f 2108/2342/2144 2107/2338/2144 2122/2339/2144 2123/2343/2144
f 2116/2313/2145 2115/2340/2145 2130/2341/2145 2131/2314/2145
f 2109/2317/2146 2108/2342/2146 2123/2343/2146 2124/2318/2146
f 2060/2344/2147 2135/2329/2147 2150/2345/2147
f 2129/2337/2148 2128/2331/2148 2143/2346/2148 2144/2347/2148
f 2122/2339/2149 2121/2334/2149 2136/2348/2149 2137/2349/2149
f 2130/2341/2150 2129/2337/2150 2144/2347/2150 2145/2350/2150
f 2123/2343/2151 2122/2339/2151 2137/2349/2151 2138/2351/2151
f 2131/2314/2152 2130/2341/2152 2145/2350/2152 2146/2352/2152
f 2124/2318/2153 2123/2343/2153 2138/2351/2153 2139/2353/2153
f 2132/2315/2154 2131/2314/2154 2146/2352/2154 2147/2354/2154
f 2125/2319/2155 2124/2318/2155 2139/2353/2155 2140/2355/2155
f 2133/2321/2156 2132/2315/2156 2147/2354/2156 2148/2356/2156
f 2126/2323/2157 2125/2319/2157 2140/2355/2157 2141/2357/2157
f 2134/2325/2158 2133/2321/2158 2148/2356/2158 2149/2358/2158
f 2127/2327/2159 2126/2323/2159 2141/2357/2159 2142/2359/2159
f 2135/2329/2160 2134/2325/2160 2149/2358/2160 2150/2345/2160
f 2128/2331/2161 2127/2327/2161 2142/2359/2161 2143/2346/2161
f 2121/2334/2162 1834/2360/2162 2136/2348/2162
f 2148/2356/2163 2147/2354/2163 2162/2361/2163 2163/2362/2163
f 2141/2357/2164 2140/2355/2164 2155/2363/2164 2156/2364/2164
f 2149/2358/2165 2148/2356/2165 2163/2362/2165 2164/2365/2165
f 2142/2359/2166 2141/2357/2166 2156/2364/2166 2157/2366/2166
f 2150/2345/2167 2149/2358/2167 2164/2365/2167 2165/2367/2167
f 2143/2346/2168 2142/2359/2168 2157/2366/2168 2158/2368/2168
f 2136/2348/2169 1834/2369/2169 2151/2370/2169
f 2060/2371/2170 2150/2345/2170 2165/2367/2170
f 2144/2347/2171 2143/2346/2171 2158/2368/2171 2159/2372/2171
f 2137/2349/2172 2136/2348/2172 2151/2370/2172 2152/2373/2172
f 2145/2350/2173 2144/2347/2173 2159/2372/2173 2160/2374/2173
f 2138/2351/2174 2137/2349/2174 2152/2373/2174 2153/2375/2174
f 2146/2352/2175 2145/2350/2175 2160/2374/2175 2161/2376/2175
f 2139/2353/2176 2138/2351/2176 2153/2375/2176 2154/2377/2176
f 2147/2354/2177 2146/2352/2177 2161/2376/2177 2162/2361/2177
f 2140/2355/2178 2139/2353/2178 2154/2377/2178 2155/2363/2178
f 2152/2373/2179 2151/2370/2179 2166/2378/2179 2167/2379/2179
f 2160/2374/2180 2159/2372/2180 2174/2380/2180 2175/2381/2180
f 2153/2375/2181 2152/2373/2181 2167/2379/2181 2168/2382/2181
f 2161/2376/2182 2160/2374/2182 2175/2381/2182 2176/2383/2182
f 2154/2377/2183 2153/2375/2183 2168/2382/2183 2169/2384/2183
f 2162/2361/2184 2161/2376/2184 2176/2383/2184 2177/2385/2184
f 2155/2363/2185 2154/2377/2185 2169/2384/2185 2170/2386/2185
f 2163/2362/2186 2162/2361/2186 2177/2385/2186 2178/2387/2186
f 2156/2364/2187 2155/2363/2187 2170/2386/2187 2171/2388/2187
f 2164/2365/2188 2163/2362/2188 2178/2387/2188 2179/2389/2188
f 2157/2366/2189 2156/2364/2189 2171/2388/2189 2172/2390/2189
f 2165/2367/2190 2164/2365/2190 2179/2389/2190 2180/2391/2190
f 2158/2368/2191 2157/2366/2191 2172/2390/2191 2173/2392/2191
f 2151/2370/2192 1834/2393/2192 2166/2378/2192
f 2060/2394/2193 2165/2367/2193 2180/2391/2193
f 2159/2372/2194 2158/2368/2194 2173/2392/2194 2174/2380/2194
f 2171/2388/2195 2170/2386/2195 2185/2395/2195 2186/2396/2195
f 2179/2389/2196 2178/2387/2196 2193/2397/2196 2194/2398/2196
f 2172/2390/2197 2171/2388/2197 2186/2396/2197 2187/2399/2197
f 2180/2391/2198 2179/2389/2198 2194/2398/2198 2195/2400/2198
f 2173/2392/2199 2172/2390/2199 2187/2399/2199 2188/2401/2199
f 2166/2378/2200 1834/2402/2200 2181/2403/2200
f 2060/2404/2201 2180/2391/2201 2195/2400/2201
f 2174/2380/2202 2173/2392/2202 2188/2401/2202 2189/2405/2202
f 2167/2379/2203 2166/2378/2203 2181/2403/2203 2182/2406/2203
f 2175/2381/2204 2174/2380/2204 2189/2405/2204 2190/2407/2204
f 2168/2382/2205 2167/2379/2205 2182/2406/2205 2183/2408/2205
f 2176/2383/2206 2175/2381/2206 2190/2407/2206 2191/2409/2206
f 2169/2384/2207 2168/2382/2207 2183/2408/2207 2184/2410/2207
f 2177/2385/2208 2176/2383/2208 2191/2409/2208 2192/2411/2208
f 2170/2386/2209 2169/2384/2209 2184/2410/2209 2185/2395/2209
f 2178/2387/2210 2177/2385/2210 2192/2411/2210 2193/2397/2210
f 2190/2407/2211 2189/2405/2211 2204/2412/2211 2205/2413/2211
f 2183/2408/2212 2182/2406/2212 2197/2414/2212 2198/2415/2212
f 2191/2409/2213 2190/2407/2213 2205/2413/2213 2206/2416/2213
f 2184/2410/2214 2183/2408/2214 2198/2415/2214 2199/2417/2214
f 2192/2411/2215 2191/2409/2215 2206/2416/2215 2207/2418/2215
f 2185/2395/2216 2184/2410/2216 2199/2417/2216 2200/2419/2216
f 2193/2397/2217 2192/2411/2217 2207/2418/2217 2208/2420/2217
f 2186/2396/2218 2185/2395/2218 2200/2419/2218 2201/2421/2218
f 2194/2398/2219 2193/2397/2219 2208/2420/2219 2209/2422/2219
f 2187/2399/2220 2186/2396/2220 2201/2421/2220 2202/2423/2220
f 2195/2400/2221 2194/2398/2221 2209/2422/2221 2210/2424/2221
f 2188/2401/2222 2187/2399/2222 2202/2423/2222 2203/2425/2222
f 2181/2403/2223 1834/2426/2223 2196/2427/2223
f 2060/2428/2224 2195/2400/2224 2210/2424/2224
f 2189/2405/2225 2188/2401/2225 2203/2425/2225 2204/2412/2225
f 2182/2406/2226 2181/2403/2226 2196/2427/2226 2197/2414/2226
f 2209/2422/2227 2208/2420/2227 2223/2429/2227 2224/2430/2227
f 2202/2423/2228 2201/2421/2228 2216/2431/2228 2217/2432/2228
f 2210/2424/2229 2209/2422/2229 2224/2430/2229 2225/2433/2229
f 2203/2425/2230 2202/2423/2230 2217/2432/2230 2218/2434/2230
f 2196/2427/2231 1834/2435/2231 2211/2436/2231
f 2060/2437/2232 2210/2424/2232 2225/2433/2232
f 2204/2412/2233 2203/2425/2233 2218/2434/2233 2219/2438/2233
f 2197/2414/2234 2196/2427/2234 2211/2436/2234 2212/2439/2234
f 2205/2413/2235 2204/2412/2235 2219/2438/2235 2220/2440/2235
f 2198/2415/2236 2197/2414/2236 2212/2439/2236 2213/2441/2236
f 2206/2416/2237 2205/2413/2237 2220/2440/2237 2221/2442/2237
f 2199/2417/2238 2198/2415/2238 2213/2441/2238 2214/2443/2238
f 2207/2418/2239 2206/2416/2239 2221/2442/2239 2222/2444/2239
f 2200/2419/2240 2199/2417/2240 2214/2443/2240 2215/2445/2240
f 2208/2420/2241 2207/2418/2241 2222/2444/2241 2223/2429/2241
f 2201/2421/2242 2200/2419/2242 2215/2445/2242 2216/2431/2242
f 2213/2441/2243 2212/2439/2243 2227/1894/2243 1753/1893/2243
f 2221/2442/2244 2220/2440/2244 2230/1889/2244 1758/1897/2244
f 2214/2443/2245 2213/2441/2245 1753/1893/2245 2228/1899/2245
f 2222/2444/2246 2221/2442/2246 1758/1897/2246 2231/1901/2246
f 2215/2445/2247 2214/2443/2247 2228/1899/2247 1754/1903/2247
f 2223/2429/2248 2222/2444/2248 2231/1901/2248 2232/1905/2248
f 2216/2431/2249 2215/2445/2249 1754/1903/2249 2229/1907/2249
f 2224/2430/2250 2223/2429/2250 2232/1905/2250 2233/1909/2250
f 2217/2432/2251 2216/2431/2251 2229/1907/2251 1755/1911/2251
f 2225/2433/2252 2224/2430/2252 2233/1909/2252 2234/1913/2252
f 2218/2434/2253 2217/2432/2253 1755/1911/2253 1756/1915/2253
f 2211/2436/2254 1834/2446/2254 2226/1917/2254
f 2060/2447/2255 2225/2433/2255 2234/1913/2255
f 2219/2438/2256 2218/2434/2256 1756/1915/2256 1757/1890/2256
f 2212/2439/2257 2211/2436/2257 2226/1917/2257 2227/1894/2257
f 2220/2440/2258 2219/2438/2258 1757/1890/2258 2230/1889/2258
